CREATE TABLE IF NOT EXISTS AI ( 
ID VARCHAR(30) NULL ,
BehaviorTree VARCHAR(30) NULL  );

INSERT INTO AI VALUES 
("Gnome","gnome_standard.xml"),
("GnomeTrader","gnome_trader.xml"),
("Animal","animal_standard.xml"),
("AnimalHunter","animal_hunter.xml"),
("AnimalNightHunter","animal_nighthunter.xml"),
("AnimalSmallPasture","animal_small_pasture.xml"),
("Monster","monster_standard.xml");

CREATE TABLE IF NOT EXISTS Actions ( 
ID VARCHAR(30) NULL ,
ConstructionSelect BOOLEAN NULL,
ConstructionType VARCHAR(30) NULL ,
IsFloor BOOLEAN NULL,
Job VARCHAR(30) NULL ,
Multi BOOLEAN NULL,
MultiZ BOOLEAN NULL,
Rotate BOOLEAN NULL );

INSERT INTO Actions VALUES 
("Mine",false,"none",false,"Mine",true,false,false),
("DigHole",false,"none",true,"DigHole",true,false,false),
("ExplorativeMine",false,"none",false,"ExplorativeMine",true,false,false),
("RemoveRamp",false,"none",false,"RemoveRamp",true,false,false),
("RemoveFloor",false,"none",false,"RemoveFloor",true,false,false),
("RemovePlant",false,"none",false,"RemovePlant",true,false,false),
("MineStairsUp",false,"none",false,"MineStairsUp",false,false,true),
("DigStairsDown",false,"none",false,"DigStairsDown",false,false,true),
("DigRampDown",false,"none",false,"DigRampDown",true,false,true),
("CreateRoom",false,"none",true,"none",true,false,false),
("CreateStockpile",false,"none",true,"none",true,false,false),
("CreateGrove",false,"none",true,"none",true,false,false),
("CreateFarm",false,"none",true,"none",true,false,false),
("CreatePasture",false,"none",true,"none",true,false,false),
("CreateNoPass",false,"none",true,"none",true,false,false),
("BuildWall",true,"Wall",false,"BuildWall",true,false,true),
("ReplaceWall",true,"Wall",false,"BuildWall",true,false,false),
("BuildWallFloor",true,"WallFloor",false,"BuildWallFloor",true,false,false),
("BuildFancyWall",true,"FancyWall",false,"BuildWall",true,false,false),
("BuildFloor",true,"Floor",true,"BuildFloor",true,false,false),
("ReplaceFloor",true,"Floor",true,"BuildFloor",true,false,false),
("BuildFancyFloor",true,"FancyFloor",true,"BuildFloor",true,false,false),
("BuildScaffold",true,"Wall",false,"BuildScaffold",true,true,false),
("BuildFence",true,"Wall",false,"BuildFence",true,false,false),
("BuildWorkshop",true,"Workshop",false,"BuildWorkshop",false,false,true),
("BuildStairs",true,"Stairs",false,"BuildStairs",false,false,true),
("BuildRamp",true,"Ramp",false,"BuildRamp",true,false,true),
("BuildRampCorner",true,"RampCorner",false,"BuildRampCorner",true,false,true),
("CutClipping",false,"none",false,"CutClipping",true,false,false),
("BuildItem",false,"Item",false,"BuildItem",false,false,true),
("PlantTree",false,"Tree",false,"PlantTree",false,false,false),
("FellTree",false,"none",false,"FellTree",true,true,false),
("Forage",false,"none",false,"Harvest",true,true,false),
("HarvestTree",false,"none",false,"HarvestTree",true,true,false),
("RemoveDesignation",false,"none",true,"none",true,false,false),
("Deconstruct",false,"none",false,"Deconstruct",true,false,false),
("CancelJob",false,"none",false,"CancelJob",true,false,false),
("RaisePrio",false,"none",false,"RaisePrio",true,false,false),
("LowerPrio",false,"none",false,"LowerPrio",true,false,false),
("MagicNatureSpeedGrowth",false,"none",true,"Magic_Nature_SpeedGrowth",false,false,false),
("MagicGeomancyRevealOre",false,"none",true,"Magic_Geomancy_RevealOre",false,false,false);

CREATE TABLE IF NOT EXISTS Actions_TestTile ( 
ParentID VARCHAR(30) NULL ,
Forbidden VARCHAR(50) NULL,
Offset_ VARCHAR(11) NULL,
Required VARCHAR(50) NULL );

INSERT INTO Actions_TestTile VALUES 
("Mine","Construction|Job","0 0 0","Floor|Wall"),
("DigHole","AnyWall","0 0 0","Floor"),
("DigHole","Construction|Job","0 0 -1","Floor|Wall"),
("ExplorativeMine","Construction|Job","0 0 0","Floor|Wall"),
("RemoveRamp","none","0 0 0","Ramp"),
("RemoveFloor","AnyWall","0 0 0","Floor"),
("RemovePlant","none","0 0 0","Floor|Plant"),
("MineStairsUp","Job|Construction|Plant","0 0 0","Floor|Wall"),
("MineStairsUp","Construction|Job|Designation","0 0 1","Floor"),
("DigStairsDown","Job|Construction|Plant","0 0 0","Floor"),
("DigStairsDown","Construction|Job","0 0 -1","Floor|Wall"),
("DigRampDown","AnyWall","0 0 0","Floor"),
("DigRampDown","Construction|Job","0 0 -1","Floor|Wall"),
("CreateRoom","AnyWall","0 0 0","Floor|Walkable"),
("CreateStockpile","AnyWall","0 0 0","Floor|Walkable"),
("CreateGrove","Wall|Tree|Construction|Designation|Job","0 0 0","Floor|Soil|Walkable"),
("CreateFarm","Wall|Tree|Construction|Designation|Job","0 0 0","Floor|Soil|Walkable"),
("CreatePasture","Wall|Tree|Construction|Designation|Job","0 0 0","Floor|Soil|Walkable"),
("CreateNoPass","Designation|Job|Room","0 0 0","none"),
("BuildWall","Plant|Tree|Designation|Job|Ramp","0 0 0","Floor"),
("ReplaceWall","Plant|Tree|Designation|Job|Stairs","0 0 0","Floor|Wall"),
("BuildWallFloor","AnyWall","0 0 0","Floor"),
("BuildWallFloor","Floor|Job","0 0 1","none"),
("BuildFancyWall","Plant|Tree|Designation|Job|Ramp","0 0 0","Floor"),
("BuildFloor","Wall|RampTop|Plant|Tree|Job|Ramp","0 0 0","none"),
("BuildFloor","Stairs|Job","0 0 -1","none"),
("ReplaceFloor","RampTop|Plant|Tree|Job|Ramp","0 0 0","Floor"),
("ReplaceFloor","Stairs|Job","0 0 -1","none"),
("BuildFancyFloor","RampTop|Plant|Tree|Job|Ramp","0 0 0","none"),
("BuildFancyFloor","Stairs|Job","0 0 -1","none"),
("BuildScaffold","AnyWall","0 0 0","none"),
("BuildScaffold","Floor|AnyWall","0 0 1","none"),
("BuildFence","AnyWall","0 0 0","Floor"),
("BuildStairs","AnyWall","0 0 0","Floor"),
("BuildStairs","Floor|AnyWall","0 0 1","none"),
("BuildRamp","AnyWall","0 0 0","Floor"),
("BuildRamp","none","-1 0 0","Wall"),
("BuildRamp","Floor|AnyWall","0 0 1","none"),
("BuildRampCorner","AnyWall","0 0 0","Floor"),
("CutClipping","Job","0 0 0","Floor|TreeClip"),
("BuildItem","$ItemRequirements","0 0 0","$ItemRequirements"),
("PlantTree","AnyWall|TreeInRange","0 0 0","Floor"),
("FellTree","Job","0 0 0","Floor|Tree"),
("Forage","Job|Tree","0 0 0","PlantWithFruit"),
("HarvestTree","Job","0 0 0","PlantWithFruit|Tree"),
("RemoveDesignation","none","0 0 0","Designation"),
("Deconstruct","none","0 0 0","Construction"),
("CancelJob","none","0 0 0","Job"),
("RaisePrio","none","0 0 0","Job"),
("LowerPrio","none","0 0 0","Job"),
("MagicNatureSpeedGrowth","Job|Tree|Wall|Construction","0 0 0","Floor"),
("MagicGeomancyRevealOre","Job|Tree|Wall|Construction","0 0 0","Floor");

CREATE TABLE IF NOT EXISTS Actions_SpriteID ( 
ParentID VARCHAR(30) NULL ,
IsFloor BOOLEAN NULL,
Offset_ VARCHAR(11) NULL,
Rotate BOOLEAN NULL,
SpriteID VARCHAR(30) NULL  );

INSERT INTO Actions_SpriteID VALUES 
("Mine",false,"0 0 0",false,"SolidSelectionWall"),
("DigHole",false,"0 0 0",false,"SolidSelectionFloor"),
("ExplorativeMine",false,"0 0 0",false,"SolidSelectionWall"),
("RemoveRamp",false,"0 0 0",false,"SolidSelectionWall"),
("RemoveFloor",false,"0 0 0",false,"SolidSelectionFloor"),
("RemovePlant",false,"0 0 0",false,"SelectionWall"),
("MineStairsUp",false,"0 0 0",true,"Stairs"),
("DigStairsDown",false,"0 0 -1",true,"Stairs"),
("DigStairsDown",false,"0 0 0",false,"SelectionWall"),
("DigRampDown",false,"0 0 -1",true,"Ramp"),
("DigRampDown",true,"0 0 0",false,"SelectionFloor"),
("BuildWallFloor",false,"0 0 0",false,"SelectionWall"),
("BuildWallFloor",false,"0 0 1",false,"SelectionFloor"),
("BuildStairs",false,"0 0 0",true,"Stairs"),
("BuildRampCorner",false,"0 0 0",true,"ThatchOuterCornerRamp");

CREATE TABLE IF NOT EXISTS Anatomy ( 
ID VARCHAR(30) NULL ,
Blood DOUBLE NULL );

INSERT INTO Anatomy VALUES 
("Humanoid",5000);

CREATE TABLE IF NOT EXISTS Anatomy_Parts ( 
ParentID VARCHAR(30) NULL ,
ID VARCHAR(30) NULL ,
Bone DOUBLE NULL,
Childs VARCHAR(50) NULL,
Height VARCHAR(50) NULL,
Muscle DOUBLE NULL,
Skin DOUBLE NULL );

INSERT INTO Anatomy_Parts VALUES 
("Humanoid","Torso",50,"Neck|LeftArm|RightArm|LeftLeg|RightLeg","Low|Middle|High",50,50);

CREATE TABLE IF NOT EXISTS Anatomy_Parts_Organs ( 
ParentID VARCHAR(30) NULL ,
ID VARCHAR(30) NULL  );

INSERT INTO Anatomy_Parts_Organs VALUES 
("Humanoid_Torso","Heart"),
("Humanoid_Torso","LeftLung"),
("Humanoid_Torso","RightLung");

CREATE TABLE IF NOT EXISTS Animals ( 
ID VARCHAR(30) NULL ,
AllowInWild BOOLEAN NULL,
Aquatic BOOLEAN NULL,
BehaviorTree VARCHAR(30) NULL ,
Biome VARCHAR(30) NULL ,
Embark BOOLEAN NULL,
Food VARCHAR(50) NULL,
GestationDays DOUBLE NULL,
Pasture BOOLEAN NULL,
PastureSize DOUBLE NULL,
Prey VARCHAR(50) NULL );

INSERT INTO Animals VALUES 
("Panda",true,false,"Animal","none",false,"Fruit",0.0,false,0.0,"none"),
("Rabbit",true,false,"Animal","none",false,"Vegetable",3,true,1,"none"),
("Chicken",false,false,"Animal","none",false,"Seed|Grain",0.0,true,1,"none"),
("Duck",true,false,"Animal","none",false,"Seed|Grain",0.0,true,1,"none"),
("Goose",false,false,"Animal","none",false,"Seed|Grain",0.0,true,1,"none"),
("Pig",false,false,"Animal","none",false,"Vegetable|Grain",10,true,2,"none"),
("Shepherd",false,false,"Animal","none",true,"Meat",10,false,2,"none"),
("CatTabby",false,false,"Animal","none",true,"Meat",10,false,2,"none"),
("CatBlack",false,false,"Animal","none",true,"Meat",10,false,2,"none"),
("Porcupine",true,false,"Animal","none",false,"Fruit",10,false,2,"none"),
("Fox",true,false,"AnimalNightHunter","none",false,"Meat",10,false,2,"Chicken|Goose"),
("Wolf",true,false,"AnimalHunter","none",false,"Meat",10,false,2,"Rabbit"),
("Stag",true,false,"Animal","none",false,"Grass|Hay",10,false,2,"none"),
("Roe",true,false,"Animal","none",false,"Grass|Hay",10,false,2,"none"),
("Goat",true,false,"Animal","none",false,"Grass|Hay",10,true,2,"none"),
("Sheep",false,false,"Animal","none",false,"Grass|Hay",9,true,2,"none"),
("Badger",true,false,"Animal","none",false,"Fruit",0.0,false,0.0,"none"),
("Lizzard",true,false,"Animal","none",false,"Fruit|Vegetable",0.0,false,0.0,"none"),
("Squirrel",true,false,"Animal","none",false,"Fruit",0.0,false,0.0,"none"),
("BlackBear",true,false,"Animal","none",false,"Meat|Fruit",0.0,false,0.0,"none"),
("Llama",false,false,"Animal","none",false,"Grass|Hay",8,true,3,"none"),
("Yak",false,false,"Animal","none",false,"Grass|Hay",12,true,4,"none"),
("Cow",false,false,"Animal","none",false,"Grass|Hay",12,true,4,"none"),
("Emu",false,false,"Animal","none",false,"Seed|Grain",0.0,true,2,"none"),
("Spider",true,false,"Animal","none",false,"Meat",0.0,false,0.0,"none"),
("Snake",true,false,"Animal","none",false,"Meat",0.0,false,0.0,"none"),
("BeetleEgg",true,false,"Animal","none",false,"none",0.0,false,0.0,"none"),
("Beetle",true,false,"Animal","none",false,"Meat|Fruit|Vegetable",0.0,false,0.0,"none"),
("Woodlouse",true,false,"Animal","none",false,"RawWood|Plank",0.0,false,0.0,"none"),
("GreyFish",true,true,"Animal","none",false,"Seed|Grain",0.0,false,0.0,"none"),
("GreenFish",true,true,"Animal","none",false,"Seed|Grain",0.0,false,0.0,"none"),
("CrystalSnake",true,false,"Animal","Mushroom",false,"none",0.0,false,0.0,"none"),
("ZygYoung",true,false,"Animal","Mushroom",false,"none",0.0,false,0.0,"none"),
("ZygYouth",true,false,"Animal","Mushroom",false,"none",0.0,false,0.0,"none"),
("ZygAdult",true,false,"Animal","Mushroom",false,"none",0.0,false,0.0,"none"),
("ZygSenior",true,false,"Animal","Mushroom",false,"none",0.0,false,0.0,"none");

CREATE TABLE IF NOT EXISTS Animals_States ( 
ParentID VARCHAR(30) NULL ,
ID VARCHAR(30) NULL ,
DaysToNextState DOUBLE NULL,
Immobile BOOLEAN NULL,
SpriteID VARCHAR(30) NULL  );

INSERT INTO Animals_States VALUES 
("Panda","Adult",0.0,false,"Panda"),
("Rabbit","Young",3,false,"RabbitYoung"),
("Rabbit","Adult",0.0,false,"Rabbit"),
("Chicken","Egg",3,true,"Egg"),
("Chicken","Young",3,false,"ChickenYoung"),
("Chicken","Adult",0.0,false,"Chicken"),
("Duck","Egg",3,true,"Egg"),
("Duck","Young",3,false,"DuckYoung"),
("Duck","Adult",0.0,false,"Duck"),
("Goose","Egg",3,true,"Egg"),
("Goose","Young",3,false,"GooseYoung"),
("Goose","Adult",0.0,false,"Goose"),
("Pig","Young",8,false,"PigYoung"),
("Pig","Adult",0.0,false,"Pig"),
("Shepherd","Young",8,false,"ShepherdYoung"),
("Shepherd","Adult",0.0,false,"Shepherd"),
("CatTabby","Young",8,false,"CatTabby"),
("CatTabby","Adult",0.0,false,"CatTabby"),
("CatBlack","Young",8,false,"CatBlack"),
("CatBlack","Adult",0.0,false,"CatBlack"),
("Porcupine","Young",8,false,"Porcupine"),
("Porcupine","Adult",0.0,false,"Porcupine"),
("Fox","Young",8,false,"Fox"),
("Fox","Adult",0.0,false,"Fox"),
("Wolf","Young",8,false,"Wolf"),
("Wolf","Adult",0.0,false,"Wolf"),
("Stag","Young",8,false,"Stag"),
("Stag","Adult",0.0,false,"Stag"),
("Roe","Young",8,false,"Roe"),
("Roe","Adult",0.0,false,"Roe"),
("Goat","Young",8,false,"GoatYoung"),
("Goat","Adult",0.0,false,"Goat"),
("Sheep","Young",7,false,"SheepYoung"),
("Sheep","Adult",0.0,false,"Sheep"),
("Badger","Adult",0.0,false,"Badger"),
("Lizzard","Adult",0.0,false,"Lizzard"),
("Squirrel","Adult",0.0,false,"Squirrel"),
("BlackBear","Adult",0.0,false,"BlackBear"),
("Llama","Young",8,false,"LlamaYoung"),
("Llama","Adult",0.0,false,"Llama"),
("Yak","Young",10,false,"YakYoung"),
("Yak","Adult",0.0,false,"Yak"),
("Cow","Young",10,false,"CowYoung"),
("Cow","Adult",0.0,false,"Cow"),
("Emu","Egg",5,true,"Egg"),
("Emu","Young",5,false,"EmuYoung"),
("Emu","Adult",0.0,false,"Emu"),
("Spider","Adult",0.0,false,"Spider"),
("Snake","Adult",0.0,false,"Snake"),
("BeetleEgg","Egg",10,true,"Cocoon"),
("BeetleEgg","Adult",0.0,false,"Cocoon"),
("Beetle","Adult",0.0,false,"Beetle"),
("Woodlouse","Egg",2,true,"Cocoon"),
("Woodlouse","Adult",0.0,false,"Woodlouse"),
("GreyFish","Adult",0.0,false,"GreyFish"),
("GreenFish","Adult",0.0,false,"GreyFish"),
("CrystalSnake","Adult",0.0,false,"CrystalSnake"),
("ZygYoung","Adult",0.0,false,"ZygYoung"),
("ZygYouth","Adult",0.0,false,"ZygYouth"),
("ZygAdult","Adult",0.0,false,"ZygAdult"),
("ZygSenior","Adult",0.0,false,"ZygSenior");

CREATE TABLE IF NOT EXISTS Animals_States_Behavior ( 
ParentID VARCHAR(30) NULL ,
ID VARCHAR(30) NULL ,
Amount DOUBLE NULL,
CreatureID VARCHAR(30) NULL ,
DaysBetween DOUBLE NULL,
EatTime DOUBLE NULL,
EggID VARCHAR(30) NULL ,
FoodValue DOUBLE NULL,
HungerPerTick DOUBLE NULL,
ItemID VARCHAR(30) NULL ,
RequiredGender VARCHAR(30) NULL ,
Speed DOUBLE NULL );

INSERT INTO Animals_States_Behavior VALUES 
("Panda_Adult","NoneYet",0.0,"none",0.0,0.0,"none",0.0,0.0,"none","none",0.0),
("Chicken_Adult","EggLayer",1,"none",1,0.0,"Chicken",0.0,0.0,"none","none",0.0),
("Duck_Adult","EggLayer",1,"none",1,0.0,"Duck",0.0,0.0,"none","none",0.0),
("Goose_Adult","EggLayer",1,"none",1,0.0,"Goose",0.0,0.0,"none","none",0.0),
("Goat_Young","Grazing",0.0,"none",0.0,0.0,"none",8,0.0,"none","none",0.0),
("Goat_Adult","Grazing",0.0,"none",0.0,0.0,"none",4,0.0,"none","none",0.0),
("Goat_Adult","Producer",1,"none",1,0.0,"none",0.0,0.0,"Milk","female",0.0),
("Sheep_Young","Grazing",0.0,"none",0.0,0.0,"none",8,0.0,"none","none",0.0),
("Sheep_Adult","Grazing",0.0,"none",0.0,0.0,"none",4,0.0,"none","none",0.0),
("Sheep_Adult","Producer",5,"none",10,0.0,"none",0.0,0.0,"RawCloth","none",0.0),
("Badger_Adult","NoneYet",0.0,"none",0.0,0.0,"none",0.0,0.0,"none","none",0.0),
("Lizzard_Adult","NoneYet",0.0,"none",0.0,0.0,"none",0.0,0.0,"none","none",0.0),
("Squirrel_Adult","NoneYet",0.0,"none",0.0,0.0,"none",0.0,0.0,"none","none",0.0),
("BlackBear_Adult","NoneYet",0.0,"none",0.0,0.0,"none",0.0,0.0,"none","none",0.0),
("Llama_Young","Grazing",0.0,"none",0.0,0.0,"none",4,0.0,"none","none",0.0),
("Llama_Adult","Grazing",0.0,"none",0.0,0.0,"none",2,0.0,"none","none",0.0),
("Llama_Adult","Producer",5,"none",10,0.0,"none",0.0,0.0,"RawCloth","none",0.0),
("Yak_Young","Grazing",0.0,"none",0.0,0.0,"none",2,0.0,"none","none",0.0),
("Yak_Adult","Grazing",0.0,"none",0.0,0.0,"none",1,0.0,"none","none",0.0),
("Yak_Adult","Producer",1,"none",1,0.0,"none",0.0,0.0,"Milk","female",0.0),
("Cow_Young","Grazing",0.0,"none",0.0,0.0,"none",2,0.0,"none","none",0.0),
("Cow_Adult","Grazing",0.0,"none",0.0,0.0,"none",1,0.0,"none","none",0.0),
("Cow_Adult","Producer",1,"none",1,0.0,"none",0.0,0.0,"Milk","female",0.0),
("Emu_Adult","EggLayer",1,"none",3,0.0,"Emu",0.0,0.0,"none","none",0.0),
("Spider_Adult","NoneYet",0.0,"none",0.0,0.0,"none",0.0,0.0,"none","none",0.0),
("Snake_Adult","NoneYet",0.0,"none",0.0,0.0,"none",0.0,0.0,"none","none",0.0),
("BeetleEgg_Adult","Morph",0.0,"Beetle",0.0,0.0,"none",0.0,0.0,"none","none",0.0),
("Beetle_Adult","EggLayer",3,"none",10,0.0,"BeetleEgg",0.0,0.0,"none","none",0.0),
("Woodlouse_Adult","TreeVermin",0.0,"none",0.0,10,"none",0.0,0.1,"none","none",1),
("GreyFish_Adult","NoneYet",0.0,"none",0.0,0.0,"none",0.0,0.0,"none","none",0.0),
("GreenFish_Adult","NoneYet",0.0,"none",0.0,0.0,"none",0.0,0.0,"none","none",0.0),
("CrystalSnake_Adult","NoneYet",0.0,"none",0.0,0.0,"none",0.0,0.0,"none","none",0.0),
("ZygYoung_Adult","NoneYet",0.0,"none",0.0,0.0,"none",0.0,0.0,"none","none",0.0),
("ZygYouth_Adult","NoneYet",0.0,"none",0.0,0.0,"none",0.0,0.0,"none","none",0.0),
("ZygAdult_Adult","NoneYet",0.0,"none",0.0,0.0,"none",0.0,0.0,"none","none",0.0),
("ZygSenior_Adult","NoneYet",0.0,"none",0.0,0.0,"none",0.0,0.0,"none","none",0.0);

CREATE TABLE IF NOT EXISTS Animals_OnButcher ( 
ParentID VARCHAR(30) NULL ,
Amount DOUBLE NULL,
ItemID VARCHAR(30) NULL ,
Type_ VARCHAR(30) NULL  );

INSERT INTO Animals_OnButcher VALUES 
("Panda",4,"Meat","none"),
("Panda",4,"Bone","none"),
("Rabbit",2,"Meat","none"),
("Rabbit",1,"Bone","none"),
("Chicken",2,"Meat","none"),
("Chicken",1,"Bone","none"),
("Duck",2,"Meat","none"),
("Duck",1,"Bone","none"),
("Goose",2,"Meat","none"),
("Goose",1,"Bone","none"),
("Pig",4,"Meat","none"),
("Pig",2,"Bone","none"),
("Shepherd",4,"Meat","Dog"),
("Shepherd",2,"Bone","Dog"),
("CatTabby",4,"Meat","Cat"),
("CatTabby",2,"Bone","Cat"),
("CatBlack",4,"Meat","Cat"),
("CatBlack",2,"Bone","Cat"),
("Porcupine",4,"Meat","none"),
("Porcupine",2,"Bone","none"),
("Fox",4,"Meat","none"),
("Fox",2,"Bone","none"),
("Wolf",4,"Meat","none"),
("Wolf",2,"Bone","none"),
("Stag",4,"Meat","Deer"),
("Stag",2,"Bone","none"),
("Roe",4,"Meat","Deer"),
("Roe",2,"Bone","none"),
("Goat",4,"Meat","none"),
("Goat",2,"Bone","none"),
("Sheep",4,"Meat","none"),
("Sheep",2,"Bone","none"),
("Badger",2,"Meat","none"),
("Lizzard",2,"Meat","none"),
("Squirrel",2,"Meat","none"),
("BlackBear",6,"Meat","none"),
("BlackBear",4,"Bone","none"),
("Llama",6,"Meat","none"),
("Llama",3,"Bone","none"),
("Yak",8,"Meat","none"),
("Yak",4,"Bone","none"),
("Cow",8,"Meat","none"),
("Cow",4,"Bone","none"),
("Emu",4,"Meat","none"),
("Emu",2,"Bone","none"),
("Spider",3,"Meat","none"),
("Snake",2,"Meat","none"),
("Beetle",3,"Meat","none"),
("Woodlouse",2,"Meat","none"),
("GreyFish",4,"FishMeat","none"),
("GreyFish",4,"FishBone","none"),
("GreenFish",4,"FishMeat","none"),
("GreenFish",4,"FishBone","none"),
("CrystalSnake",2,"Meat","none");

CREATE TABLE IF NOT EXISTS Attributes ( 
ID VARCHAR(30) NULL  );

INSERT INTO Attributes VALUES 
("Str"),
("Dex"),
("Con"),
("Int"),
("Wis"),
("Cha");

CREATE TABLE IF NOT EXISTS BaseItems ( 
ID VARCHAR(30) NULL  );

INSERT INTO BaseItems VALUES 
("RawSoil"),
("RawStone"),
("RawWood"),
("RawCoal"),
("RawOre"),
("RawGem");

CREATE TABLE IF NOT EXISTS BaseSprites ( 
ID VARCHAR(30) NULL ,
SourceRectangle VARCHAR(30) NULL ,
Tilesheet VARCHAR(30) NULL  );

INSERT INTO BaseSprites VALUES 
("EmptyFloor","384 0 32 20","default.png"),
("EmptyWall","384 0 32 32","default.png"),
("SelectionFloor","0 0 32 20","default.png"),
("SelectionWall","0 20 32 32","default.png"),
("SolidSelectionFloor","32 0 32 20","default.png"),
("SolidSelectionWall","32 20 32 32","default.png"),
("RoughSoilFloor","0 52 32 20","default.png"),
("RoughSoilWall","0 72 32 32","default.png"),
("RoughClayFloor","256 52 32 20","default.png"),
("RoughClayWall","256 72 32 32","default.png"),
("RoughStoneFloor","32 52 32 20","default.png"),
("RoughStoneWall","32 72 32 32","default.png"),
("LogFloor","64 52 32 19","default.png"),
("LogWall","64 72 32 32","default.png"),
("BlockStoneFloor","128 52 32 20","default.png"),
("BlockStoneWall","128 72 32 32","default.png"),
("FancyBlockFloor","160 52 32 20","default.png"),
("FancyBlockWall","160 72 32 32","default.png"),
("PlankFloor","224 52 32 20","default.png"),
("PlankWall","224 72 32 32","default.png"),
("MetalFloor","96 52 32 20","default.png"),
("MetalWall","96 72 32 32","default.png"),
("EmbeddedOre","320 208 32 32","default.png"),
("EmbeddedGem","352 208 32 32","default.png"),
("WaterFloor","128 0 32 20","default.png"),
("LavaFloor","160 0 32 20","default.png"),
("WaterRightWall_","128 20 32 32","default.png"),
("WaterLeftWall_","160 20 32 32","default.png"),
("PineTree","0 260 32 32","default.png"),
("PineTreeNoLeaves","32 260 32 32","default.png"),
("AppleTree","64 260 32 32","default.png"),
("AppleTreeNoLeaves","96 260 32 32","default.png"),
("BirchTree","128 260 32 32","default.png"),
("BirchTreeNoLeaves","160 260 32 32","default.png"),
("AppleFruitOnTrue","192 260 32 32","default.png"),
("Sapling","0 408 32 20","default.png"),
("TilledSoil","288 52 32 20","default.png"),
("PlantedSoil","384 240 32 20","default.png"),
("StairsTopFR","32 292 32 20","default.png"),
("StairsTopBL","96 292 32 20","default.png"),
("StairsFR","32 312 32 32","default.png"),
("StairsBL","96 312 32 32","default.png"),
("BlockStairsTopFR","128 292 32 20","default.png"),
("BlockStairsTopBL","192 292 32 20","default.png"),
("BlockStairsFR","128 312 32 32","default.png"),
("BlockStairsBL","192 312 32 32","default.png"),
("WoodBedFR","416 312 32 32","default.png"),
("WoodBedBL","448 312 32 32","default.png"),
("WoodBedSheetsFL","736 312 32 32","default.png"),
("WoodBedSheetsFR","736 312 32 32","default.png"),
("WoodBedSheetsBR","768 312 32 32","default.png"),
("WoodBedSheetsBL","768 312 32 32","default.png"),
("FancyWoodBedFR","480 312 32 32","default.png"),
("FancyWoodBedBL","512 312 32 32","default.png"),
("FancyWoodBedSheetsFR","640 124 32 32","default.png"),
("FancyWoodBedSheetsBL","672 124 32 32","default.png"),
("MetalBarPile","704 124 32 32","default.png"),
("StoneStatueFR","544 312 32 32","default.png"),
("StoneStatueBL","576 312 32 32","default.png"),
("WoodDoorLeft","256 312 32 32","default.png"),
("WoodDoorRight","288 312 32 32","default.png"),
("StoneDoorLeft","320 312 32 32","default.png"),
("StoneDoorRight","352 312 32 32","default.png"),
("WoodTable","384 312 32 32","default.png"),
("WoodChairFR","384 280 32 32","default.png"),
("WoodChairBL","416 280 32 32","default.png"),
("Well","672 312 32 32","default.png"),
("WellTop","704 312 32 32","default.png"),
("AxleItem","512 260 32 20","default.png"),
("Axle1FL","512 260 32 20","default.png"),
("Axle1FR","512 260 32 20","default.png"),
("Axle1BR","512 260 32 20","default.png"),
("Axle1BL","512 260 32 20","default.png"),
("Axle2FL","544 260 32 20","default.png"),
("Axle2FR","544 260 32 20","default.png"),
("Axle2BR","544 260 32 20","default.png"),
("Axle2BL","544 260 32 20","default.png"),
("Axle3FL","576 260 32 20","default.png"),
("Axle3FR","576 260 32 20","default.png"),
("Axle3BR","576 260 32 20","default.png"),
("Axle3BL","576 260 32 20","default.png"),
("Axle4FL","608 260 32 20","default.png"),
("Axle4FR","608 260 32 20","default.png"),
("Axle4BR","608 260 32 20","default.png"),
("Axle4BL","608 260 32 20","default.png"),
("AxleUD1","448 280 32 32","default.png"),
("AxleUD2","448 280 32 32","default.png"),
("AxleUD3","480 280 32 32","default.png"),
("AxleUD1Floor","448 260 32 20","default.png"),
("AxleUD2Floor","448 260 32 20","default.png"),
("AxleUD3Floor","480 260 32 20","default.png"),
("GearBoxBaseItem","640 260 32 20","default.png"),
("GearBoxFrameItem","672 260 32 20","default.png"),
("GearBoxBase","640 260 32 20","default.png"),
("GearBoxFrame","672 260 32 20","default.png"),
("LeverBaseFL","512 280 32 32","default.png"),
("LeverBaseFR","512 280 32 32","default.png"),
("LeverBaseBR","512 280 32 32","default.png"),
("LeverBaseBL","512 280 32 32","default.png"),
("LeverOnFL","544 280 32 32","default.png"),
("LeverOnFR","544 280 32 32","default.png"),
("LeverOnBR","608 280 32 32","default.png"),
("LeverOnBL","608 280 32 32","default.png"),
("LeverOffFL","576 280 32 32","default.png"),
("LeverOffFR","576 280 32 32","default.png"),
("LeverOffBR","576 280 32 32","default.png"),
("LeverOffBL","576 280 32 32","default.png"),
("PressurePlate","96 52 32 20","default.png"),
("PressurePlateItem","96 52 32 20","default.png"),
("MechanicalWallOpen","576 52 32 20","default.png"),
("MechanicalWallClosed","576 72 32 32","default.png"),
("MechanicalWallItem","576 52 32 20","default.png"),
("HatchOpen","736 260 32 20","default.png"),
("HatchClosed","704 260 32 20","default.png"),
("HatchItem","704 260 32 20","default.png"),
("SpikeTrap","832 216 32 32","default.png"),
("SpikeTrapItem","96 52 32 20","default.png"),
("BladeTrap","832 184 32 32","default.png"),
("BladeTrapItem","96 52 32 20","default.png"),
("HandcrankFL","640 280 32 32","default.png"),
("HandcrankFR","640 280 32 32","default.png"),
("HandcrankBR","672 280 32 32","default.png"),
("HandcrankBL","672 280 32 32","default.png"),
("Windmill1","704 280 32 32","default.png"),
("Windmill2","736 280 32 32","default.png"),
("Windmill3","768 280 32 32","default.png"),
("Windmill4","800 280 32 32","default.png"),
("SteamEngineBase1FL","832 280 32 32","default.png"),
("SteamEngineBase1FR","832 280 32 32","default.png"),
("SteamEngineBase1BR","800 312 32 32","default.png"),
("SteamEngineBase1BL","800 312 32 32","default.png"),
("SteamEngine1FL","832 248 32 32","default.png"),
("SteamEngine1FR","832 248 32 32","default.png"),
("SteamEngine1BR","960 248 32 32","default.png"),
("SteamEngine1BL","960 248 32 32","default.png"),
("SteamEngineBase2FL","864 280 32 32","default.png"),
("SteamEngineBase2FR","864 280 32 32","default.png"),
("SteamEngineBase2BR","832 312 32 32","default.png"),
("SteamEngineBase2BL","832 312 32 32","default.png"),
("SteamEngine2FL","864 248 32 32","default.png"),
("SteamEngine2FR","864 248 32 32","default.png"),
("SteamEngine2BR","992 248 32 32","default.png"),
("SteamEngine2BL","992 248 32 32","default.png"),
("SteamEngineBase3FL","896 280 32 32","default.png"),
("SteamEngineBase3FR","896 280 32 32","default.png"),
("SteamEngineBase3BR","864 312 32 32","default.png"),
("SteamEngineBase3BL","864 312 32 32","default.png"),
("SteamEngine3FL","896 248 32 32","default.png"),
("SteamEngine3FR","896 248 32 32","default.png"),
("SteamEngine3BR","960 280 32 32","default.png"),
("SteamEngine3BL","960 280 32 32","default.png"),
("SteamEngineBase4FL","928 280 32 32","default.png"),
("SteamEngineBase4FR","928 280 32 32","default.png"),
("SteamEngineBase4BR","896 312 32 32","default.png"),
("SteamEngineBase4BL","896 312 32 32","default.png"),
("SteamEngine4FL","928 248 32 32","default.png"),
("SteamEngine4FR","928 248 32 32","default.png"),
("SteamEngine4BR","992 280 32 32","default.png"),
("SteamEngine4BL","992 280 32 32","default.png"),
("RawSoil","0 428 16 16","default.png"),
("RawStone","16 428 16 16","default.png"),
("RawWood","32 428 32 16","default.png"),
("RawCoal","64 428 16 16","default.png"),
("RawOre","80 428 16 16","default.png"),
("RawGem","96 428 16 16","default.png"),
("RawHide","192 444 32 16","default.png"),
("Block","144 428 32 16","default.png"),
("Plank","176 428 32 16","default.png"),
("Bar","208 428 32 16","default.png"),
("Gem","240 428 16 16","default.png"),
("Bolt","256 428 32 16","default.png"),
("Bandage","128 428 16 16","default.png"),
("Wheat","272 444 32 16","default.png"),
("GnomeSwordRight","512 576 32 32","default.png"),
("GnomeSwordLeft","320 576 32 32","default.png"),
("GnomeAxeRight","544 576 32 32","default.png"),
("GnomeAxeLeft","352 576 32 32","default.png"),
("GnomeHammerRight","576 576 32 32","default.png"),
("GnomeHammerLeft","384 576 32 32","default.png"),
("GnomePickaxeRight","448 576 32 32","default.png"),
("GnomePickaxeLeft","256 576 32 32","default.png"),
("GoblinTorso","320 512 32 32","default.png"),
("GoblinHead","288 512 32 32","default.png"),
("GoblinArmRight","352 512 32 32","default.png"),
("GoblinArmLeft","384 512 32 32","default.png"),
("GoblinHandRight","416 512 32 32","default.png"),
("GoblinHandLeft","448 512 32 32","default.png"),
("GoblinFootRight","480 512 32 32","default.png"),
("GoblinFootLeft","512 512 32 32","default.png"),
("GoblinClothTorso1","192 512 32 32","default.png"),
("GoblinClothTorso2","256 512 32 32","default.png"),
("GolemTorso","0 704 32 32","default.png"),
("MarketStallBase","0 344 32 32","default.png"),
("CarpenterStandToolsFR","864 344 32 32","default.png"),
("CarpenterStandFR","64 344 32 32","default.png"),
("CarpenterStandBR","128 344 32 32","default.png"),
("TableSaw","192 344 32 32","default.png"),
("SawTable","160 344 32 32","default.png"),
("WorkbenchFR","288 344 32 32","default.png"),
("WorkbenchBR","352 344 32 32","default.png"),
("Workmat","384 344 32 32","default.png"),
("AxeBenchFR","416 344 32 32","default.png"),
("AxeBenchBL","448 344 32 32","default.png"),
("KegFR","480 344 32 32","default.png"),
("KegBL","512 344 32 32","default.png"),
("WorkshopWaterTub","544 344 32 32","default.png"),
("GoblinTunnel","576 344 32 32","default.png"),
("Distill","608 344 32 32","default.png"),
("TanningRackFR","640 344 32 32","default.png"),
("TanningRackBL","672 344 32 32","default.png"),
("WoodPile","704 344 32 32","default.png"),
("GiantStoneBlock","544 376 32 32","default.png"),
("StoneBlockPileFL","576 376 32 32","default.png"),
("StoneBlockPileFR","576 376 32 32","default.png"),
("StoneBlockPileBR","608 376 32 32","default.png"),
("StoneBlockPileBL","608 376 32 32","default.png"),
("FurnaceFR","0 376 32 32","default.png"),
("FurnaceBL","32 376 32 32","default.png"),
("FurnaceFlameFR","64 376 32 32","default.png"),
("AnvilFR","128 376 32 32","default.png"),
("AnvilBL","160 376 32 32","default.png"),
("WaterTrough","192 376 32 32","default.png"),
("UprightWeaponStandFL","224 376 32 32","default.png"),
("UprightWeaponStandFR","224 376 32 32","default.png"),
("UprightWeaponStandBR","256 376 32 32","default.png"),
("UprightWeaponStandBL","256 376 32 32","default.png"),
("HammerTableTopFR","288 376 32 32","default.png"),
("HammerTableTopBL","320 376 32 32","default.png"),
("CoalPile","352 376 32 32","default.png"),
("BellowsFL","384 376 32 32","default.png"),
("BellowsBR","416 376 32 32","default.png"),
("Forge","448 376 32 32","default.png"),
("MoldFR","480 376 32 32","default.png"),
("MoldBL","512 376 32 32","default.png"),
("SoilRampFL","0 124 32 32","default.png"),
("SoilRampFR","32 124 32 32","default.png"),
("SoilRampBL","64 124 32 32","default.png"),
("SoilRampBR","96 124 32 32","default.png"),
("SoilCornerRampFR","128 124 32 32","default.png"),
("SoilCornerRampBR","160 124 32 32","default.png"),
("SoilCornerRampFL","192 124 32 32","default.png"),
("SoilCornerRampBL","224 124 32 32","default.png"),
("SoilURampBL","256 124 32 32","default.png"),
("SoilURampFR","288 124 32 32","default.png"),
("SoilRampTopFL","0 104 32 20","default.png"),
("SoilRampTopFR","32 104 32 20","default.png"),
("SoilRampTopBL","64 104 32 20","default.png"),
("SoilRampTopBR","96 104 32 20","default.png"),
("SoilCornerRampTopFR","128 104 32 20","default.png"),
("SoilCornerRampTopBR","160 104 32 20","default.png"),
("SoilCornerRampTopFL","192 104 32 20","default.png"),
("SoilCornerRampTopBL","224 104 32 20","default.png"),
("SoilURampTopBL","256 104 32 20","default.png"),
("SoilURampTopFR","288 104 32 20","default.png"),
("ClayRampFL","320 124 32 32","default.png"),
("ClayRampFR","352 124 32 32","default.png"),
("ClayRampBL","384 124 32 32","default.png"),
("ClayRampBR","416 124 32 32","default.png"),
("ClayCornerRampFR","448 124 32 32","default.png"),
("ClayCornerRampBR","480 124 32 32","default.png"),
("ClayCornerRampFL","512 124 32 32","default.png"),
("ClayCornerRampBL","544 124 32 32","default.png"),
("ClayURampBL","576 124 32 32","default.png"),
("ClayURampFR","608 124 32 32","default.png"),
("ClayRampTopFL","320 104 32 20","default.png"),
("ClayRampTopFR","352 104 32 20","default.png"),
("ClayRampTopBL","384 104 32 20","default.png"),
("ClayRampTopBR","416 104 32 20","default.png"),
("ClayCornerRampTopFR","448 104 32 20","default.png"),
("ClayCornerRampTopBR","480 104 32 20","default.png"),
("ClayCornerRampTopFL","512 104 32 20","default.png"),
("ClayCornerRampTopBL","544 104 32 20","default.png"),
("ClayURampTopBL","576 104 32 20","default.png"),
("ClayURampTopFR","608 104 32 20","default.png"),
("StoneRampFL","0 176 32 32","default.png"),
("StoneRampFR","32 176 32 32","default.png"),
("StoneRampBL","64 176 32 32","default.png"),
("StoneRampBR","96 176 32 32","default.png"),
("StoneCornerRampFR","128 176 32 32","default.png"),
("StoneCornerRampBR","160 176 32 32","default.png"),
("StoneCornerRampFL","192 176 32 32","default.png"),
("StoneCornerRampBL","224 176 32 32","default.png"),
("StoneURampBL","256 176 32 32","default.png"),
("StoneURampFR","288 176 32 32","default.png"),
("StoneRampTopFL","0 156 32 20","default.png"),
("StoneRampTopFR","32 156 32 20","default.png"),
("StoneRampTopBL","64 156 32 20","default.png"),
("StoneRampTopBR","96 156 32 20","default.png"),
("StoneCornerRampTopFR","128 156 32 20","default.png"),
("StoneCornerRampTopBR","160 156 32 20","default.png"),
("StoneCornerRampTopFL","192 156 32 20","default.png"),
("StoneCornerRampTopBL","224 156 32 20","default.png"),
("StoneURampTopBL","256 156 32 20","default.png"),
("StoneURampTopFR","288 156 32 20","default.png"),
("ThoughtBubble","0 460 32 20","default.png"),
("StatusTired","32 460 16 16","default.png"),
("StatusSleeping","48 460 16 16","default.png"),
("StatusThirsty","64 460 16 16","default.png"),
("StatusHungry","80 460 16 16","default.png"),
("StatusCombat","96 460 16 16","default.png"),
("LittleBlood1","112 460 32 16","default.png"),
("LittleBlood2","144 460 32 16","default.png"),
("BigBlood1","176 460 32 16","default.png"),
("BigBlood2","208 460 32 16","default.png"),
("Crate","288 412 32 32","default.png"),
("Barrel","320 412 32 32","default.png"),
("Bag","352 412 32 32","default.png"),
("Egg","48 444 16 16","default.png"),
("Meat","64 444 16 16","default.png"),
("Bread","80 444 16 16","default.png"),
("Sausage","96 444 32 16","default.png"),
("Sandwich","128 444 16 16","default.png"),
("Milk","144 444 16 16","default.png"),
("Wine","160 444 16 16","default.png"),
("Beer","176 444 16 16","default.png"),
("Bone","224 444 32 16","default.png"),
("Skull","256 444 16 16","default.png"),
("LoomFR","640 376 32 32","default.png"),
("LoomBL","672 376 32 32","default.png"),
("LoomFaceFL","704 376 32 32","default.png"),
("LoomFaceFR","704 376 32 32","default.png"),
("LoomFaceBR","704 376 1 1","default.png"),
("LoomFaceBL","704 376 1 1","default.png"),
("GroundTorchBase","384 412 32 32","default.png"),
("GroundTorchFlame1","416 412 32 32","default.png"),
("GroundTorchFlame2","448 412 32 32","default.png"),
("GroundTorchFlame3","480 412 32 32","default.png"),
("GroundTorchFlame4","512 412 32 32","default.png"),
("PickaxeHead","240 460 32 16","default.png"),
("FellingAxeHead","272 460 32 16","default.png"),
("Sword","304 460 32 16","default.png"),
("HandAxe","336 460 32 16","default.png"),
("Hammer","368 460 32 16","default.png"),
("Shield","400 460 32 16","default.png"),
("GnomeFellingAxeRight","480 576 32 32","default.png"),
("GnomeFellingAxeLeft","288 576 32 32","default.png"),
("GnomeShieldRight","608 576 32 32","default.png"),
("GnomeShieldLeft","416 576 32 32","default.png"),
("WoodDoor","544 412 32 32","default.png"),
("StoneDoor","576 412 32 32","default.png"),
("Coin","304 444 16 16","default.png"),
("Statuette","320 444 16 16","default.png"),
("SelectionFloorTop","64 0 32 20","default.png"),
("SelectionWallTop","64 20 32 32","default.png"),
("ChiseledBlockFloor","192 52 32 20","default.png"),
("ChiseledBlockWall","192 72 32 32","default.png"),
("PetRock","336 444 32 16","default.png"),
("Gear","384 444 32 16","default.png"),
("Spring","608 412 32 32","default.png"),
("GnomeHelm","544 544 32 32","default.png"),
("GnomeCuirass","576 544 32 32","default.png"),
("GnomeRightBracer","608 544 32 32","default.png"),
("GnomeLeftBracer","640 544 32 32","default.png"),
("GnomeRightGlove","672 544 32 32","default.png"),
("GnomeLeftGlove","704 544 32 32","default.png"),
("GnomeLeatherRightBoot","736 544 32 32","default.png"),
("GnomeLeatherLeftBoot","768 544 32 32","default.png"),
("GnomeTorchRight","672 576 32 32","default.png"),
("GnomeTorchLeft","640 576 32 32","default.png"),
("GnomeBattleAxe","736 576 32 32","default.png"),
("BattleAxe","464 460 32 16","default.png"),
("GnomeWarhammer","768 576 32 32","default.png"),
("Warhammer","496 460 32 16","default.png"),
("HatchFrame","768 260 32 20","default.png"),
("HatchFrameItem","768 260 32 20","default.png"),
("SpikeTrapSpike2","896 216 32 32","default.png"),
("SpikeTrapItemSpike","832 216 32 32","default.png"),
("BladeTrapBlade3","928 184 32 32","default.png"),
("BladeTrapItemBlade","832 184 32 32","default.png"),
("GnomeClaymore","704 576 32 32","default.png"),
("Claymore","432 460 32 16","default.png"),
("PuzzleBox","368 444 16 16","default.png"),
("Clipping","96 408 32 20","default.png"),
("SpikeTrapSpike1","864 216 32 32","default.png"),
("BladeTrapBlade1","864 184 32 32","default.png"),
("BladeTrapBlade2","896 184 32 32","default.png"),
("PickaxeBase","528 460 32 16","default.png"),
("FellingAxeBase","560 460 32 16","default.png"),
("SwordBase","592 460 32 16","default.png"),
("HandAxeBase","624 460 32 16","default.png"),
("HammerBase","656 460 32 16","default.png"),
("ShieldBase","688 460 32 16","default.png"),
("BattleAxeBase","752 460 32 16","default.png"),
("WarhammerBase","784 460 32 16","default.png"),
("ClaymoreBase","720 460 32 16","default.png"),
("GnomeSwordBaseRight","512 608 32 32","default.png"),
("GnomeSwordBaseLeft","320 608 32 32","default.png"),
("GnomeAxeBaseRight","544 608 32 32","default.png"),
("GnomeAxeBaseLeft","352 608 32 32","default.png"),
("GnomeHammerBaseRight","576 608 32 32","default.png"),
("GnomeHammerBaseLeft","384 608 32 32","default.png"),
("GnomePickaxeBaseRight","448 608 32 32","default.png"),
("GnomePickaxeBaseLeft","256 608 32 32","default.png"),
("GnomeFellingAxeBaseRight","480 608 32 32","default.png"),
("GnomeFellingAxeBaseLeft","288 608 32 32","default.png"),
("GnomeShieldBaseRight","608 608 32 32","default.png"),
("GnomeShieldBaseLeft","416 608 32 32","default.png"),
("GnomeTorchBaseRight","672 608 32 32","default.png"),
("GnomeTorchBaseLeft","640 608 32 32","default.png"),
("GnomeBattleAxeBase","736 608 32 32","default.png"),
("GnomeWarhammerBase","768 608 32 32","default.png"),
("GnomeClaymoreBase","704 608 32 32","default.png"),
("GnomeBlunderbussBase","800 608 32 32","default.png"),
("GnomeBlunderbussBarrel","800 576 32 32","default.png"),
("BlunderbussBase","848 460 32 16","default.png"),
("BlunderbussBarrel","816 460 32 16","default.png"),
("GnomePistolBaseRight","864 608 32 32","default.png"),
("GnomePistolBaseLeft","832 608 32 32","default.png"),
("GnomePistolRight","864 576 32 32","default.png"),
("GnomePistolLeft","832 576 32 32","default.png"),
("PistolBase","912 460 32 16","default.png"),
("PistolBarrel","880 460 32 16","default.png"),
("GnomeCrossbowBase","896 608 32 32","default.png"),
("GnomeCrossbow","896 576 32 32","default.png"),
("CrossbowBase","976 460 32 16","default.png"),
("Crossbow","944 460 32 16","default.png"),
("GnomeAmmoPouch","800 544 32 32","default.png"),
("GnomeQuiver","832 544 32 32","default.png"),
("GnomeHelmetItem","0 544 32 32","default.png"),
("GnomeHelmetHighlightItem","0 576 32 32","default.png"),
("GnomeBreastPlateItem","32 544 32 32","default.png"),
("GnomeBreastPlateHighlightItem","32 576 32 32","default.png"),
("GnomePauldronItem","64 544 32 32","default.png"),
("GnomePauldronHighlightItem","64 576 32 32","default.png"),
("GnomeGauntletItem","128 544 32 32","default.png"),
("GnomeGauntletHighlightItem","128 576 32 32","default.png"),
("GnomeMetalBootItem","192 544 32 32","default.png"),
("GnomeMetalBootHighlightItem","192 576 32 32","default.png"),
("GnomeHelmItem","544 544 32 32","default.png"),
("GnomeCuirassItem","576 544 32 32","default.png"),
("GnomeBracerItem","608 544 32 32","default.png"),
("GnomeGloveItem","672 544 32 32","default.png"),
("GnomeLeatherBootItem","736 544 32 32","default.png"),
("TrainingDummy","736 376 32 32","default.png"),
("StonePillar","608 312 32 32","default.png"),
("OgreTorso","32 736 32 32","default.png"),
("OgreHead","0 736 32 32","default.png"),
("OgreArmRight","64 736 32 32","default.png"),
("OgreArmLeft","96 736 32 32","default.png"),
("OgreHandRight","128 736 32 32","default.png"),
("OgreHandLeft","160 736 32 32","default.png"),
("OgreFootRight","192 736 32 32","default.png"),
("OgreFootLeft","224 736 32 32","default.png"),
("BlueOgreTorso","64 768 32 32","default.png"),
("BlueOgreHeadRight","0 768 32 32","default.png"),
("BlueOgreHeadLeft","32 768 32 32","default.png"),
("BlueOgreArmRight","96 768 32 32","default.png"),
("BlueOgreArmLeft","128 768 32 32","default.png"),
("BlueOgreHandRight","160 768 32 32","default.png"),
("BlueOgreHandLeft","192 768 32 32","default.png"),
("BlueOgreFootRight","224 768 32 32","default.png"),
("BlueOgreFootLeft","256 768 32 32","default.png"),
("MantTorso","32 800 32 32","default.png"),
("MantHead","0 800 32 32","default.png"),
("MantAntennaeRight","192 800 32 32","default.png"),
("MantAntennaeLeft","224 800 32 32","default.png"),
("MantArmRight","64 800 32 32","default.png"),
("MantArmLeft","96 800 32 32","default.png"),
("MantLegRight","128 800 32 32","default.png"),
("MantLegLeft","160 800 32 32","default.png"),
("BeetleTorso","32 832 32 32","default.png"),
("BeetleHead","0 832 32 32","default.png"),
("Cocoon","64 832 32 32","default.png"),
("ZombieTorso","288 736 32 32","default.png"),
("ZombieHead","256 736 32 32","default.png"),
("ZombieArmRight","320 736 32 32","default.png"),
("ZombieArmLeft","352 736 32 32","default.png"),
("ZombieHandRight","384 736 32 32","default.png"),
("ZombieHandLeft","416 736 32 32","default.png"),
("ZombieFootRight","448 736 32 32","default.png"),
("ZombieFootLeft","480 736 32 32","default.png"),
("SkeletonTorso","320 768 32 32","default.png"),
("SkeletonHead","288 768 32 32","default.png"),
("SkeletonArmRight","352 768 32 32","default.png"),
("SkeletonArmLeft","384 768 32 32","default.png"),
("SkeletonHandRight","416 768 32 32","default.png"),
("SkeletonHandLeft","448 768 32 32","default.png"),
("SkeletonFootRight","480 768 32 32","default.png"),
("SkeletonFootLeft","512 768 32 32","default.png"),
("KnifeBlade","416 444 16 16","default.png"),
("KnifeHilt","432 444 16 16","default.png"),
("Hilt","432 444 16 16","default.png"),
("ForgeTop","768 376 32 32","default.png"),
("MoldTopFR","800 376 32 32","default.png"),
("String","720 444 32 16","default.png"),
("WindmillBlade","464 444 16 16","default.png"),
("Cylinder","480 444 32 16","default.png"),
("Spike","512 444 16 16","default.png"),
("FancyWoodBedTopFR","640 312 32 32","default.png"),
("Mattress","736 312 32 32","default.png"),
("BellowsNozzleBL","672 412 32 32","default.png"),
("BellowsNozzleFR","640 412 32 32","default.png"),
("LogFL","32 428 32 16","default.png"),
("LogFR","32 428 32 16","default.png"),
("LogBR","32 428 32 16","default.png"),
("LogBL","32 428 32 16","default.png"),
("OldGrain","528 444 32 16","default.png"),
("Chisel","560 444 32 16","default.png"),
("Wrench","592 444 32 16","default.png"),
("StrawBed","624 444 32 16","default.png"),
("ArmorPlate","656 444 32 16","default.png"),
("LeatherPanel","688 444 32 16","default.png"),
("LeatherStrip","752 444 32 16","default.png"),
("BoneNeedle","784 444 32 16","default.png"),
("StoneTable","704 412 32 32","default.png"),
("StoneChairFR","736 412 32 32","default.png"),
("StoneChairBL","768 412 32 32","default.png"),
("StarEngravedBlockFloor","352 52 32 20","default.png"),
("StarEngravedBlockWall","352 72 32 32","default.png"),
("SpiralEngravedBlockFloor","384 52 32 20","default.png"),
("SpiralEngravedBlockWall","384 72 32 32","default.png"),
("MoonEngravedBlockFloor","416 52 32 20","default.png"),
("MoonEngravedBlockWall","416 72 32 32","default.png"),
("WaterEngravedBlockFloor","448 52 32 20","default.png"),
("WaterEngravedBlockWall","448 72 32 32","default.png"),
("EngravedBlockFloor","480 52 32 20","default.png"),
("EngravedBlockWall","480 72 32 32","default.png"),
("BoneFloor","512 52 32 20","default.png"),
("BoneWall","512 72 32 32","default.png"),
("ThatchFloor","544 52 32 20","default.png"),
("ThatchWall","544 72 32 32","default.png"),
("ThatchRampTopFR","480 156 32 20","default.png"),
("ThatchRampTopBR","544 156 32 20","default.png"),
("ThatchRampFR","480 176 32 32","default.png"),
("ThatchRampBR","544 176 32 32","default.png"),
("PlankStairsTopFR","320 156 32 20","default.png"),
("PlankStairsTopFL","352 156 32 20","default.png"),
("PlankStairsTopBL","384 156 32 20","default.png"),
("PlankStairsTopBR","416 156 32 20","default.png"),
("PlankStairsFR","320 176 32 32","default.png"),
("PlankStairsFL","352 176 32 32","default.png"),
("PlankStairsBL","384 176 32 32","default.png"),
("PlankStairsBR","416 176 32 32","default.png"),
("PostAndRailFencePost","384 208 32 32","default.png"),
("PostAndRailFenceFL","416 208 32 32","default.png"),
("PostAndRailFenceFR","416 208 32 32","default.png"),
("PostAndRailFenceBR","448 208 32 32","default.png"),
("PostAndRailFenceBL","448 208 32 32","default.png"),
("PicketFencePost","480 208 32 32","default.png"),
("PicketFenceFL","512 208 32 32","default.png"),
("PicketFenceFR","512 208 32 32","default.png"),
("PicketFenceBR","544 208 32 32","default.png"),
("PicketFenceBL","544 208 32 32","default.png"),
("Dresser","800 412 32 32","default.png"),
("CabinetFR","864 412 32 32","default.png"),
("CabinetBL","896 412 32 32","default.png"),
("BoneShirt","320 768 32 32","default.png"),
("MechanicalWallClosedTop","576 52 32 20","default.png"),
("PumpFloor","800 260 32 20","default.png"),
("PumpScrew1","576 208 32 20","default.png"),
("PumpScrew2","608 208 32 20","default.png"),
("PumpScrew3","640 208 32 20","default.png"),
("PumpScrew4","672 208 32 20","default.png"),
("Screw","816 444 16 16","default.png"),
("SawTableLeft","832 376 32 32","default.png"),
("SawTableLeft2","864 376 32 32","default.png"),
("SawTableRight","896 376 32 32","default.png"),
("SawTableRight2","928 376 32 32","default.png"),
("SawTableBladeFL","960 376 32 32","default.png"),
("SawTableBladeBL","992 376 32 32","default.png"),
("CrateLog","928 344 32 32","default.png"),
("CratePlank","992 344 32 32","default.png"),
("SawHorse","960 344 32 32","default.png"),
("WorkshopTable","992 312 32 32","default.png"),
("ChiselTableTopFR","928 312 32 32","default.png"),
("ChiselTableTopBL","960 312 32 32","default.png"),
("ShearsTableTopFR","928 216 32 32","default.png"),
("ShearsTableTopBL","960 216 32 32","default.png"),
("ClothRollTableTop","992 216 32 32","default.png"),
("ButcherTableTopFR","960 184 32 32","default.png"),
("ButcherTableTopBL","992 184 32 32","default.png"),
("KitchenTableTopFL","704 208 32 32","default.png"),
("KitchenTableTopFR","704 208 32 32","default.png"),
("KitchenTableTopBR","736 208 32 32","default.png"),
("KitchenTableTopBL","736 208 32 32","default.png"),
("ViseTableTop","768 208 32 32","default.png"),
("BlueprintTableTop","224 344 32 32","default.png"),
("PaperTableTopFL","256 344 32 32","default.png"),
("PaperTableTopFR","256 344 32 32","default.png"),
("PaperTableTopBR","256 344 32 32","default.png"),
("PaperTableTopBL","256 344 32 32","default.png"),
("JewelryPile","832 444 32 16","default.png"),
("KilnFR","736 344 32 32","default.png"),
("KilnBL","768 344 32 32","default.png"),
("KilnFlameFR","800 344 32 32","default.png"),
("MarketStallTop","32 344 32 32","default.png"),
("BoltRoundPile","864 444 32 16","default.png"),
("MusketRoundPile","896 444 32 16","default.png"),
("MetalSliver","304 460 32 16","default.png"),
("GrapeVine","320 260 32 32","default.png"),
("GrapesOnVine","352 260 32 32","default.png"),
("GrapeItem","928 444 16 16","default.png"),
("OrangeTree","224 260 32 32","default.png"),
("OrangeTreeNoLeaves","256 260 32 32","default.png"),
("OrangeFruitOnTree","288 260 32 32","default.png"),
("Trough","96 376 32 32","default.png"),
("MushroomPlant","928 412 32 32","default.png"),
("MushroomItem","960 444 16 16","default.png"),
("Cheese","976 444 16 16","default.png"),
("Omelette","992 444 16 16","default.png"),
("Wheelbarrow","960 412 32 32","default.png"),
("WheelbarrowBackHandle","992 412 32 32","default.png"),
("WallTorchFL","832 152 32 32","default.png"),
("WallTorchFR","832 152 32 32","default.png"),
("WallTorchBR","864 152 32 32","default.png"),
("WallTorchBL","864 152 32 32","default.png"),
("WallTorchFlame1FL","896 152 32 32","default.png"),
("WallTorchFlame1FR","896 152 32 32","default.png"),
("WallTorchFlame1BR","896 152 32 32","default.png"),
("WallTorchFlame1BL","896 152 32 32","default.png"),
("WallTorchFlame2FL","928 152 32 32","default.png"),
("WallTorchFlame2FR","928 152 32 32","default.png"),
("WallTorchFlame2BR","928 152 32 32","default.png"),
("WallTorchFlame2BL","928 152 32 32","default.png"),
("WallTorchFlame3FL","960 152 32 32","default.png"),
("WallTorchFlame3FR","960 152 32 32","default.png"),
("WallTorchFlame3BR","960 152 32 32","default.png"),
("WallTorchFlame3BL","960 152 32 32","default.png"),
("WallTorchFlame4FL","992 152 32 32","default.png"),
("WallTorchFlame4FR","992 152 32 32","default.png"),
("WallTorchFlame4BR","992 152 32 32","default.png"),
("WallTorchFlame4BL","992 152 32 32","default.png"),
("SkullOnPikeFL","960 120 32 32","default.png"),
("SkullOnPikeFR","960 120 32 32","default.png"),
("SkullOnPikeBR","992 120 32 32","default.png"),
("SkullOnPikeBL","992 120 32 32","default.png"),
("PikeFL","928 120 32 32","default.png"),
("PikeFR","928 120 32 32","default.png"),
("PikeBR","928 120 32 32","default.png"),
("PikeBL","928 120 32 32","default.png"),
("AlarmBellBase","864 120 32 32","default.png"),
("AlarmBellBell","896 120 32 32","default.png"),
("GnomeTowerShieldBase","928 608 32 32","default.png"),
("GnomeTowerShield","928 576 32 32","default.png"),
("TowerShieldBase","864 560 32 16","default.png"),
("TowerShield","864 544 32 16","default.png"),
("ScaffoldFloor","608 52 32 20","default.png"),
("Scaffold","608 72 32 32","default.png"),
("GolemArmRight","32 704 32 32","default.png"),
("GolemArmLeft","64 704 32 32","default.png"),
("GolemLegRight","96 704 32 32","default.png"),
("GolemLegLeft","128 704 32 32","default.png"),
("WoodFloorFrame","192 0 32 20","default.png"),
("WoodCrossFrame","192 20 32 32","default.png"),
("WoodVFloorFrame","192 0 32 20","default.png"),
("WoodVFrame","224 20 32 32","default.png"),
("WoodPanelledFloorFrame","224 0 32 20","default.png"),
("WoodPanelledFrame","320 20 32 32","default.png"),
("SmoothStoneFloor","256 0 32 20","default.png"),
("SmoothStoneWall","256 20 32 32","default.png"),
("CeramicFloor","288 0 32 20","default.png"),
("CeramicWall","288 20 32 32","default.png"),
("CarvedStoneFloor","352 0 32 20","default.png"),
("CarvedStoneWall","352 20 32 32","default.png"),
("Silica","128 412 16 16","default.png"),
("ArtificialRightArm","608 512 32 32","default.png"),
("ArtificialLeftArm","640 512 32 32","default.png"),
("ArtificialRightHand","672 512 32 32","default.png"),
("ArtificialLeftHand","704 512 32 32","default.png"),
("ArtificialRightLeg","736 512 32 32","default.png"),
("ArtificialLeftLeg","768 512 32 32","default.png"),
("ArtificialRightArmItem","608 512 32 32","default.png"),
("ArtificialRightArmHandItem","672 512 32 32","default.png"),
("ArtificialRightHandItem","672 512 32 32","default.png"),
("ArtificialRightLegItem","736 512 32 32","default.png"),
("AutomatonTorso","192 704 32 32","default.png"),
("AutomatonHead","160 704 32 32","default.png"),
("AutomatonArmRight","224 704 32 32","default.png"),
("AutomatonArmLeft","256 704 32 32","default.png"),
("AutomatonHandRight","288 704 32 32","default.png"),
("AutomatonHandLeft","320 704 32 32","default.png"),
("AutomatonFootRight","352 704 32 32","default.png"),
("AutomatonFootLeft","384 704 32 32","default.png"),
("AutomatonTorsoHighlight","192 672 32 32","default.png"),
("AutomatonHeadHighlight","160 672 32 32","default.png"),
("AutomatonArmHighlightRight","224 672 32 32","default.png"),
("AutomatonArmHighlightLeft","256 672 32 32","default.png"),
("AutomatonHandHighlightRight","288 672 32 32","default.png"),
("AutomatonHandHighlightLeft","320 672 32 32","default.png"),
("AutomatonFootHighlightRight","352 672 32 32","default.png"),
("AutomatonFootHighlightLeft","384 672 32 32","default.png"),
("GolemCore","96 428 16 16","default.png"),
("WoodDoorLeftOpenLeft","288 312 32 32","default.png"),
("WoodDoorLeftOpenRight","288 312 32 32","default.png"),
("WoodDoorRightOpenLeft","256 312 32 32","default.png"),
("WoodDoorRightOpenRight","256 312 32 32","default.png"),
("StoneDoorLeftOpenLeft","352 312 32 32","default.png"),
("StoneDoorLeftOpenRight","352 312 32 32","default.png"),
("StoneDoorRightOpenLeft","320 312 32 32","default.png"),
("StoneDoorRightOpenRight","320 312 32 32","default.png"),
("RoughSoilWallShort","0 52 32 20","default.png"),
("RoughClayWallShort","256 52 32 20","default.png"),
("RoughStoneWallShort","32 52 32 20","default.png"),
("LogWallShort","64 52 32 19","default.png"),
("BlockWallShort","128 52 32 20","default.png"),
("FancyBlockWallShort","160 52 32 20","default.png"),
("CarvedStoneWallShort","160 52 32 20","default.png"),
("PlankWallShort","224 52 32 20","default.png"),
("MetalWallShort","96 52 32 20","default.png"),
("MetalHighlightWallShort","320 52 32 20","default.png"),
("ChiseledBlockWallShort","192 52 32 20","default.png"),
("StarEngravedBlockWallShort","352 52 32 20","default.png"),
("SpiralEngravedBlockWallShort","384 52 32 20","default.png"),
("MoonEngravedBlockWallShort","416 52 32 20","default.png"),
("WaterEngravedBlockWallShort","448 52 32 20","default.png"),
("EngravedBlockWallShort","480 52 32 20","default.png"),
("BoneWallShort","512 52 32 20","default.png"),
("ThatchWallShort","544 52 32 20","default.png"),
("WoodWallShortFrame","192 0 32 20","default.png"),
("WoodVWallShortFrame","192 0 32 20","default.png"),
("WoodPanelledWallShortFrame","224 0 32 20","default.png"),
("SmoothStoneWallShort","256 0 32 20","default.png"),
("CeramicWallShort","288 0 32 20","default.png"),
("CarvedWallShort","352 0 32 20","default.png"),
("TopLeftBorder","96 0 16 8","default.png"),
("TopRightBorder","112 0 16 8","default.png"),
("TopLeftWallBorder","96 20 16 8","default.png"),
("TopRightWallBorder","112 20 16 8","default.png"),
("LeftBorder","96 8 1 4","default.png"),
("RightBorder","127 8 1 4","default.png"),
("LeftWallBorder","96 27 1 17","default.png"),
("RightWallBorder","127 27 1 17","default.png"),
("BottomLeftBorder","96 43 16 8","default.png"),
("BottomRightBorder","112 43 16 8","default.png"),
("ProspectorTableOreTop","736 124 32 32","default.png"),
("ProspectorTableSliverTop","768 124 32 32","default.png"),
("Panda","224 192 32 32","animals.png"),
("Rabbit","192 192 32 32","animals.png"),
("Chicken","192 0 32 32","animals.png"),
("PigPink","96 0 32 32","animals.png"),
("PigYellow","128 0 32 32","animals.png"),
("Sheep","160 0 32 32","animals.png"),
("Woodlouse","480 320 32 32","animals.png"),
("PandaBack","224 224 32 32","animals.png"),
("RabbitBack","192 224 32 32","animals.png"),
("ChickenBack","192 32 32 32","animals.png"),
("PigPinkBack","96 32 32 32","animals.png"),
("PigYellowBack","128 32 32 32","animals.png"),
("SheepBack","160 32 32 32","animals.png"),
("WoodlouseBack","480 352 32 32","animals.png"),
("Badger","0 192 32 32","animals.png"),
("BadgerBack","0 224 32 32","animals.png"),
("Lizzard","32 192 32 32","animals.png"),
("LizzardBack","32 224 32 32","animals.png"),
("BlackBear","96 192 32 32","animals.png"),
("BlackBearBack","96 224 32 32","animals.png"),
("Llama","32 0 32 32","animals.png"),
("LlamaBack","32 32 32 32","animals.png"),
("Yak","64 0 32 32","animals.png"),
("YakBack","64 32 32 32","animals.png"),
("Emu","288 0 32 32","animals.png"),
("EmuBack","288 32 32 32","animals.png"),
("Spider","416 320 32 32","animals.png"),
("SpiderBack","416 352 32 32","animals.png"),
("Beetle","448 320 32 32","animals.png"),
("BeetleBack","448 352 32 32","animals.png"),
("RabbitYoung","192 256 32 32","animals.png"),
("RabbitYoungBack","192 288 32 32","animals.png"),
("ChickenYoung","192 64 32 32","animals.png"),
("ChickenYoungBack","192 96 32 32","animals.png"),
("PigYoung","96 64 32 32","animals.png"),
("PigYoungBack","96 96 32 32","animals.png"),
("SheepYoung","160 64 32 32","animals.png"),
("SheepYoungBack","160 96 32 32","animals.png"),
("LlamaYoung","32 64 32 32","animals.png"),
("LlamaYoungBack","32 96 32 32","animals.png"),
("YakYoung","64 64 32 32","animals.png"),
("YakYoungBack","64 96 32 32","animals.png"),
("EmuYoung","288 64 32 32","animals.png"),
("EmuYoungBack","288 96 32 32","animals.png"),
("Duck","224 0 32 32","animals.png"),
("Cow","0 0 32 32","animals.png"),
("CowBack","0 32 32 32","animals.png"),
("CowYoung","0 64 32 32","animals.png"),
("CowYoungBack","0 96 32 32","animals.png"),
("DuckBack","224 32 32 32","animals.png"),
("DuckYoung","224 64 32 32","animals.png"),
("DuckYoungBack","224 96 32 32","animals.png"),
("Goose","256 0 32 32","animals.png"),
("GooseBack","256 32 32 32","animals.png"),
("GooseYoung","256 64 32 32","animals.png"),
("GooseYoungBack","256 96 32 32","animals.png"),
("Shepherd","320 0 32 32","animals.png"),
("ShepherdBack","320 32 32 32","animals.png"),
("ShepherdYoung","320 64 32 32","animals.png"),
("ShepherdYoungBack","320 96 32 32","animals.png"),
("CatTabby","352 0 32 32","animals.png"),
("CatTabbyBack","352 32 32 32","animals.png"),
("CatBlack","384 0 32 32","animals.png"),
("CatBlackBack","384 32 32 32","animals.png"),
("Porcupine","64 192 32 32","animals.png"),
("PorcupineBack","64 224 32 32","animals.png"),
("Fox","128 192 32 32","animals.png"),
("FoxBack","128 224 32 32","animals.png"),
("Wolf","160 192 32 32","animals.png"),
("WolfBack","160 224 32 32","animals.png"),
("Stag","256 192 32 32","animals.png"),
("StagBack","256 224 32 32","animals.png"),
("Roe","288 192 32 32","animals.png"),
("RoeBack","288 224 32 32","animals.png"),
("Goat","320 192 32 32","animals.png"),
("GoatBack","320 224 32 32","animals.png"),
("GoatYoung","320 256 32 32","animals.png"),
("GoatYoungBack","320 288 32 32","animals.png"),
("Squirrel","352 192 32 32","animals.png"),
("SquirrelBack","352 224 32 32","animals.png"),
("GreyFish","0 320 32 32","animals.png"),
("GreyFishBack","0 320 32 32","animals.png"),
("GreenFish","32 320 32 32","animals.png"),
("GreenFishBack","32 320 32 32","animals.png"),
("ShedFR","96 128 32 32","animals.png"),
("ShedBL","128 128 32 32","animals.png"),
("Snake","128 320 32 32","animals.png"),
("Carrot","32 0 32 20","plantsheet.png"),
("CarrotPlant","32 20 32 20","plantsheet.png"),
("CarrotPlantWithFruit","32 40 32 20","plantsheet.png"),
("Onion","64 0 32 20","plantsheet.png"),
("OnionPlant","64 20 32 20","plantsheet.png"),
("OnionPlantWithFruit","64 40 32 20","plantsheet.png"),
("Potato","96 0 32 20","plantsheet.png"),
("PotatoPlant","96 20 32 20","plantsheet.png"),
("PotatoPlantWithFruit","96 40 32 20","plantsheet.png"),
("Cabbage","128 0 32 20","plantsheet.png"),
("CabbagePlant","128 20 32 20","plantsheet.png"),
("CabbagePlantWithFruit","128 40 32 20","plantsheet.png"),
("Asparagus","160 0 32 20","plantsheet.png"),
("AsparagusPlant","160 20 32 20","plantsheet.png"),
("AsparagusPlantWithFruit","160 40 32 20","plantsheet.png"),
("Broccoli","192 0 32 20","plantsheet.png"),
("BroccoliPlant","192 20 32 20","plantsheet.png"),
("BroccoliPlantWithFruit","192 40 32 20","plantsheet.png"),
("Cauliflower","224 0 32 20","plantsheet.png"),
("CauliflowerPlant","224 20 32 20","plantsheet.png"),
("CauliflowerPlantWithFruit","224 40 32 20","plantsheet.png"),
("Cucumber","256 0 32 20","plantsheet.png"),
("CucumberPlant","256 20 32 20","plantsheet.png"),
("CucumberPlantWithFruit","256 40 32 20","plantsheet.png"),
("RicePlant","288 20 32 20","plantsheet.png"),
("RicePlantWithFruit","288 40 32 20","plantsheet.png"),
("Garlic","0 60 32 20","plantsheet.png"),
("GarlicPlant","0 80 32 20","plantsheet.png"),
("GarlicPlantWithFruit","0 100 32 20","plantsheet.png"),
("Parsnip","32 60 32 20","plantsheet.png"),
("ParsnipPlant","32 80 32 20","plantsheet.png"),
("ParsnipPlantWithFruit","32 100 32 20","plantsheet.png"),
("Radish","64 60 32 20","plantsheet.png"),
("RadishPlant","64 80 32 20","plantsheet.png"),
("RadishPlantWithFruit","64 100 32 20","plantsheet.png"),
("Turnip","96 60 32 20","plantsheet.png"),
("TurnipPlant","96 80 32 20","plantsheet.png"),
("TurnipPlantWithFruit","96 100 32 20","plantsheet.png"),
("Lettuce","128 60 32 20","plantsheet.png"),
("LettucePlant","128 80 32 20","plantsheet.png"),
("LettucePlantWithFruit","128 100 32 20","plantsheet.png"),
("Melon","160 60 32 20","plantsheet.png"),
("MelonPlant","160 80 32 20","plantsheet.png"),
("MelonPlantWithFruit","160 100 32 20","plantsheet.png"),
("Sugarbeet","192 60 32 20","plantsheet.png"),
("SugarbeetPlant","192 80 32 20","plantsheet.png"),
("SugarbeetPlantWithFruit","192 100 32 20","plantsheet.png"),
("Pumpkin","224 60 32 20","plantsheet.png"),
("PumpkinPlant","224 80 32 20","plantsheet.png"),
("PumpkinPlantWithFruit","224 100 32 20","plantsheet.png"),
("Peas","256 60 32 20","plantsheet.png"),
("PeasPlant","256 80 32 20","plantsheet.png"),
("PeasPlantWithFruit","256 100 32 20","plantsheet.png"),
("BeetRoot","288 60 32 20","plantsheet.png"),
("PBeetRootPlant","288 80 32 20","plantsheet.png"),
("BeetRootWithFruit","288 100 32 20","plantsheet.png"),
("Tea","0 120 32 20","plantsheet.png"),
("TeaPlant","0 140 32 32","plantsheet.png"),
("TeaPlantWithFruit","0 172 32 32","plantsheet.png"),
("Tobacco","32 120 32 20","plantsheet.png"),
("TobaccoPlant","32 140 32 32","plantsheet.png"),
("TobaccoPlantWithFruit","32 172 32 32","plantsheet.png"),
("Pineapple","64 120 32 20","plantsheet.png"),
("PineapplePlant","64 140 32 32","plantsheet.png"),
("PineapplePlantWithFruit","64 172 32 32","plantsheet.png"),
("Corn","96 120 32 20","plantsheet.png"),
("CornPlant","96 140 32 32","plantsheet.png"),
("CornPlantWithFruit","96 172 32 32","plantsheet.png"),
("Leek","128 120 32 20","plantsheet.png"),
("LeekPlant","128 140 32 32","plantsheet.png"),
("LeekPlantWithFruit","128 172 32 32","plantsheet.png"),
("Beans","160 120 32 20","plantsheet.png"),
("BeansPlant","160 140 32 32","plantsheet.png"),
("BeansPlantWithFruit","160 172 32 32","plantsheet.png"),
("Blackberry","192 120 32 20","plantsheet.png"),
("BlackberryPlant","192 140 32 32","plantsheet.png"),
("BlackberryPlantWithFruit","192 172 32 32","plantsheet.png"),
("Artichoke","224 120 32 20","plantsheet.png"),
("ArtichokePlant","224 140 32 32","plantsheet.png"),
("ArtichokePlantWithFruit","224 172 32 32","plantsheet.png"),
("Bottlegourd","256 120 32 20","plantsheet.png"),
("BottlegourdPlant","256 140 32 32","plantsheet.png"),
("BottlegourdPlantWithFruit","256 172 32 32","plantsheet.png"),
("Grape","288 120 32 20","plantsheet.png"),
("GrapePlant","288 140 32 32","plantsheet.png"),
("GrapePlantWithFruit","288 172 32 32","plantsheet.png"),
("Tomato","0 216 32 20","plantsheet.png"),
("TomatoPlant","0 236 32 32","plantsheet.png"),
("TomatoPlantWithFruit","0 268 32 32","plantsheet.png"),
("Capsicum","32 216 32 20","plantsheet.png"),
("CapsicumPlant","32 236 32 32","plantsheet.png"),
("CapsicumPlantWithFruit","32 268 32 32","plantsheet.png"),
("Woad","64 216 32 20","plantsheet.png"),
("WoadPlant","64 236 32 32","plantsheet.png"),
("WoadPlantWithFruit","64 268 32 32","plantsheet.png"),
("DyersWeed","96 216 32 20","plantsheet.png"),
("DyersWeedPlant","96 236 32 32","plantsheet.png"),
("DyersWeedPlantWithFruit","96 268 32 32","plantsheet.png"),
("PlantGrowHelper1","160 236 32 32","plantsheet.png"),
("PlantGrowHelper2","160 268 32 32","plantsheet.png"),
("PlantGrowHelper3","160 204 32 32","plantsheet.png"),
("BarleyPlant","192 236 32 32","plantsheet.png"),
("BarleyPlantWithFruit","192 268 32 32","plantsheet.png"),
("OatPlant","224 236 32 32","plantsheet.png"),
("OatPlantWithFruit","224 268 32 32","plantsheet.png"),
("MilletPlant","256 236 32 32","plantsheet.png"),
("MilletPlantWithFruit","256 268 32 32","plantsheet.png"),
("WheatPlant","288 236 32 32","plantsheet.png"),
("WheatPlantWithFruit","288 268 32 32","plantsheet.png"),
("Grain","192 216 32 20","plantsheet.png"),
("Strawberry","320 0 32 20","plantsheet.png"),
("StrawberryPlant","320 20 32 20","plantsheet.png"),
("StrawberryPlantWithFruit","320 40 32 20","plantsheet.png"),
("Fiber","352 0 32 20","plantsheet.png"),
("CottonPlant","352 20 32 20","plantsheet.png"),
("CottonPlantWithFruit","352 40 32 20","plantsheet.png"),
("Seed","256 416 32 20","plantsheet.png"),
("Apple","256 396 32 20","plantsheet.png"),
("Orange","288 396 32 20","plantsheet.png"),
("BeeHiveEmpty","128 236 32 32","plantsheet.png"),
("BeeHiveFull","128 268 32 32","plantsheet.png"),
("PineCone","320 396 32 20","plantsheet.png"),
("StrawMushroom","320 268 32 32","plantsheet.png"),
("WoodMushroom","352 268 32 32","plantsheet.png"),
("FibreMushroom","384 268 32 32","plantsheet.png"),
("GrainMushroom","416 268 32 32","plantsheet.png"),
("Oak","352 396 32 20","plantsheet.png"),
("Pigment","64 0 32 20","furniture.png"),
("Dye","96 0 32 20","furniture.png"),
("DyedCloth","160 0 32 20","furniture.png"),
("WoodTub","288 128 32 32","furniture.png"),
("FishingRodsFR","320 0 32 32","furniture.png"),
("FishingRodsBL","352 0 32 32","furniture.png"),
("FishingRackFR","320 32 32 32","furniture.png"),
("FishingRackBL","352 32 32 32","furniture.png"),
("FishingVat","320 64 32 32","furniture.png"),
("FishingFishRack","352 64 32 32","furniture.png"),
("BoneChairFR","224 192 32 32","furniture.png"),
("BoneChairBL","256 192 32 32","furniture.png"),
("BoneTable","224 224 32 32","furniture.png"),
("Painting1","0 128 32 32","furniture.png"),
("Painting2","0 160 32 32","furniture.png"),
("Painting3","0 192 32 32","furniture.png"),
("Painting4","0 224 32 32","furniture.png"),
("Painting5","32 128 32 32","furniture.png"),
("Painting6","32 160 32 32","furniture.png"),
("Painting7","32 192 32 32","furniture.png"),
("Painting8","32 224 32 32","furniture.png"),
("BlockWall25","0 20 32 32","newsprites.png"),
("BlockWall50","32 20 32 32","newsprites.png"),
("BlockWall75","64 20 32 32","newsprites.png"),
("BlockWall100","96 20 32 32","newsprites.png"),
("BlockFloor25","0 0 32 20","newsprites.png"),
("BlockFloor50","32 0 32 20","newsprites.png"),
("BlockFloor75","64 0 32 20","newsprites.png"),
("BlockFloor100","96 0 32 20","newsprites.png"),
("OrePile","64 52 32 24","newsprites.png"),
("StoneOuterCornerRampFR","0 80 32 32","newsprites.png"),
("StoneOuterCornerRampBR","0 112 32 32","newsprites.png"),
("StoneOuterCornerRampFL","0 144 32 32","newsprites.png"),
("StoneOuterCornerRampBL","0 176 32 32","newsprites.png"),
("SoilOuterCornerRampFR","32 80 32 32","newsprites.png"),
("SoilOuterCornerRampBR","32 112 32 32","newsprites.png"),
("SoilOuterCornerRampFL","32 144 32 32","newsprites.png"),
("SoilOuterCornerRampBL","32 176 32 32","newsprites.png"),
("ClayOuterCornerRampFR","64 80 32 32","newsprites.png"),
("ClayOuterCornerRampBR","64 112 32 32","newsprites.png"),
("ClayOuterCornerRampFL","64 144 32 32","newsprites.png"),
("ClayOuterCornerRampBL","64 176 32 32","newsprites.png"),
("ThatchOuterCornerRampFR","128 80 32 32","newsprites.png"),
("ThatchOuterCornerRampBR","128 112 32 32","newsprites.png"),
("ThatchOuterCornerRampFL","128 144 32 32","newsprites.png"),
("ThatchOuterCornerRampBL","128 176 32 32","newsprites.png"),
("GrassOuterCornerRamp_Spring_FR","256 80 32 32","newsprites.png"),
("GrassOuterCornerRamp_Spring_BR","256 112 32 32","newsprites.png"),
("GrassOuterCornerRamp_Spring_FL","256 144 32 32","newsprites.png"),
("GrassOuterCornerRamp_Summer_FR","256 80 32 32","newsprites.png"),
("GrassOuterCornerRamp_Summer_BR","256 112 32 32","newsprites.png"),
("GrassOuterCornerRamp_Summer_FL","256 144 32 32","newsprites.png"),
("GrassOuterCornerRamp_Autumn_FR","256 80 32 32","newsprites.png"),
("GrassOuterCornerRamp_Autumn_BR","256 112 32 32","newsprites.png"),
("GrassOuterCornerRamp_Autumn_FL","256 144 32 32","newsprites.png"),
("GrassOuterCornerRamp_Winter_FR","256 80 32 32","newsprites.png"),
("GrassOuterCornerRamp_Winter_BR","256 112 32 32","newsprites.png"),
("GrassOuterCornerRamp_Winter_FL","256 144 32 32","newsprites.png"),
("Palisade","128 0 32 32","newsprites.png"),
("PalisadeTop","128 32 32 32","newsprites.png"),
("RoughSandFloor","320 12 32 20","newsprites.png"),
("RoughSandWall","320 32 32 32","newsprites.png"),
("RoughSandWallShort","320 12 32 20","newsprites.png"),
("WoodFenceWest","0 224 32 32","newsprites.png"),
("WoodFencePost","32 224 32 32","newsprites.png"),
("WoodFenceEast","64 224 32 32","newsprites.png"),
("BlockFenceWest","96 224 32 32","newsprites.png"),
("BlockFencePost","128 224 32 32","newsprites.png"),
("BlockFenceEast","160 224 32 32","newsprites.png"),
("CobbleStoneFenceWest","192 224 32 32","newsprites.png"),
("CobbleStoneFencePost","224 224 32 32","newsprites.png"),
("CobbleStoneFenceEast","256 224 32 32","newsprites.png"),
("BlockFenceNorth","96 256 32 32","newsprites.png"),
("BlockFenceSouth","128 256 32 32","newsprites.png"),
("CobbleStoneFenceNorth","160 256 32 32","newsprites.png"),
("CobbleStoneFenceSouth","192 256 32 32","newsprites.png"),
("WoodFenceNorth","0 256 32 32","newsprites.png"),
("WoodFenceSouth","32 256 32 32","newsprites.png"),
("RafterFR","0 288 32 32","newsprites.png"),
("RoofingFR","32 288 32 32","newsprites.png"),
("RafterBL","64 288 32 32","newsprites.png"),
("RoofingBL","96 288 32 32","newsprites.png"),
("GnomeHead","32 0 32 32","gnomes.png"),
("GnomeTorso","64 0 32 32","gnomes.png"),
("GnomeArmRight","96 0 32 32","gnomes.png"),
("GnomeArmLeft","128 0 32 32","gnomes.png"),
("GnomeFeet","0 64 32 32","gnomes.png"),
("GnomeArmor","160 0 32 32","gnomes.png"),
("GnomeHelmet1","160 32 32 32","gnomes.png"),
("GnomeArmorBack","192 0 32 32","gnomes.png"),
("GnomeHelmet1Back","192 32 32 32","gnomes.png"),
("GnomeHeadBack","32 32 32 32","gnomes.png"),
("GnomeTorsoBack","64 32 32 32","gnomes.png"),
("GnomeArmRightBack","96 32 32 32","gnomes.png"),
("GnomeArmLeftBack","128 32 32 32","gnomes.png"),
("GnomeFeetBrown","0 96 32 32","gnomes.png"),
("GnomeFeetBrownBack","0 96 32 32","gnomes.png"),
("GnomeBoots","192 64 32 32","gnomes.png"),
("GnomeBootsBack","192 64 32 32","gnomes.png"),
("GnomeHair1","0 128 32 32","gnomes.png"),
("GnomeHair2","32 128 32 32","gnomes.png"),
("GnomeHair3","64 128 32 32","gnomes.png"),
("GnomeHair4","96 128 32 32","gnomes.png"),
("GnomeHair5","128 128 32 32","gnomes.png"),
("GnomeHair6","160 128 32 32","gnomes.png"),
("GnomeHair7","192 128 32 32","gnomes.png"),
("GnomeHair8","224 128 32 32","gnomes.png"),
("GnomeHair9","256 128 32 32","gnomes.png"),
("GnomeHair10","288 128 32 32","gnomes.png"),
("GnomeHair11","320 128 32 32","gnomes.png"),
("GnomeHair12","352 128 32 32","gnomes.png"),
("GnomeHair13","384 128 32 32","gnomes.png"),
("GnomeHair14","416 128 32 32","gnomes.png"),
("GnomeHair15","448 128 32 32","gnomes.png"),
("GnomeHair1Back","0 160 32 32","gnomes.png"),
("GnomeHair2Back","32 160 32 32","gnomes.png"),
("GnomeHair3Back","64 160 32 32","gnomes.png"),
("GnomeHair4Back","96 160 32 32","gnomes.png"),
("GnomeHair5Back","128 160 32 32","gnomes.png"),
("GnomeHair6Back","160 160 32 32","gnomes.png"),
("GnomeHair7Back","192 160 32 32","gnomes.png"),
("GnomeHair8Back","224 160 32 32","gnomes.png"),
("GnomeHair9Back","256 160 32 32","gnomes.png"),
("GnomeHair10Back","288 160 32 32","gnomes.png"),
("GnomeHair11Back","320 160 32 32","gnomes.png"),
("GnomeHair12Back","352 160 32 32","gnomes.png"),
("GnomeHair13Back","384 160 32 32","gnomes.png"),
("GnomeHair14Back","416 160 32 32","gnomes.png"),
("GnomeHair15Back","448 160 32 32","gnomes.png"),
("GnomeShirt1","0 224 32 32","gnomes.png"),
("GnomeShirt2","32 224 32 32","gnomes.png"),
("GnomeShirt3","64 224 32 32","gnomes.png"),
("GnomeShirt4","96 224 32 32","gnomes.png"),
("GnomeShirt5","128 224 32 32","gnomes.png"),
("GnomeShirt6","160 224 32 32","gnomes.png"),
("GnomeShirt7","192 224 32 32","gnomes.png"),
("GnomeShirt8","224 224 32 32","gnomes.png"),
("GnomeShirt9","256 224 32 32","gnomes.png"),
("GnomeShirt10","288 224 32 32","gnomes.png"),
("GnomeShirt11","320 224 32 32","gnomes.png"),
("GnomeShirt12","352 224 32 32","gnomes.png"),
("GnomeShirt13","384 224 32 32","gnomes.png"),
("GnomeShirt14","416 224 32 32","gnomes.png"),
("GnomeShirt15","448 224 32 32","gnomes.png"),
("GnomeShirt1Back","0 256 32 32","gnomes.png"),
("GnomeShirt2Back","32 256 32 32","gnomes.png"),
("GnomeShirt3Back","64 256 32 32","gnomes.png"),
("GnomeShirt4Back","96 256 32 32","gnomes.png"),
("GnomeShirt5Back","128 256 32 32","gnomes.png"),
("GnomeShirt6Back","160 256 32 32","gnomes.png"),
("GnomeShirt7Back","192 256 32 32","gnomes.png"),
("GnomeShirt8Back","224 256 32 32","gnomes.png"),
("GnomeShirt9Back","256 256 32 32","gnomes.png"),
("GnomeShirt10Back","288 256 32 32","gnomes.png"),
("GnomeShirt11Back","320 256 32 32","gnomes.png"),
("GnomeShirt12Back","352 256 32 32","gnomes.png"),
("GnomeShirt13Back","384 256 32 32","gnomes.png"),
("GnomeShirt14Back","416 256 32 32","gnomes.png"),
("GnomeShirt15Back","448 256 32 32","gnomes.png"),
("GnomeFacialHair1","0 192 32 32","gnomes.png"),
("GnomeFacialHair2","32 192 32 32","gnomes.png"),
("GnomeFacialHair3","64 192 32 32","gnomes.png"),
("GnomeFacialHair4","96 192 32 32","gnomes.png"),
("GnomeFacialHair5","128 192 32 32","gnomes.png"),
("GnomeFacialHair6","160 192 32 32","gnomes.png"),
("GnomeFacialHair7","192 192 32 32","gnomes.png"),
("GnomeFacialHair8","224 192 32 32","gnomes.png"),
("GnomeFacialHair9","256 192 32 32","gnomes.png"),
("GnomeFacialHair10","288 192 32 32","gnomes.png"),
("GnomeFacialHair11","320 192 32 32","gnomes.png"),
("GnomeFacialHair12","352 192 32 32","gnomes.png"),
("GnomeFacialHair13","384 192 32 32","gnomes.png"),
("GnomeFacialHair14","416 192 32 32","gnomes.png"),
("GnomeFacialHair15","448 192 32 32","gnomes.png"),
("GnomeWheelbarrowRight","224 0 32 32","gnomes.png"),
("GnomeWheelbarrowLeft","224 32 32 32","gnomes.png"),
("GnomeWheelbarrowBaseRight","224 0 1 1","gnomes.png"),
("GnomeWheelbarrowBaseLeft","224 32 1 1","gnomes.png"),
("Sack","256 64 32 32","gnomes.png"),
("Bucket","288 64 32 32","gnomes.png"),
("GnomeSackRight","256 0 32 32","gnomes.png"),
("GnomeSackLeft","256 32 32 32","gnomes.png"),
("GnomeBucketRight","288 0 32 32","gnomes.png"),
("GnomeBucketLeft","288 32 32 32","gnomes.png"),
("GnomeSackBaseRight","256 0 1 1","gnomes.png"),
("GnomeSackBaseLeft","256 32 1 1","gnomes.png"),
("GnomeBucketBaseRight","288 0 1 1","gnomes.png"),
("GnomeBucketBaseLeft","288 32 1 1","gnomes.png"),
("FishingRod","320 64 32 32","gnomes.png"),
("GnomeFishingRodLeft","320 32 32 32","gnomes.png"),
("GnomeFishingRodRight","320 0 32 32","gnomes.png"),
("AppleTreeTopFL","0 0 32 32","multitrees.png"),
("AppleTreeTopFR","32 0 32 32","multitrees.png"),
("AppleTreeTopBL","64 0 32 32","multitrees.png"),
("AppleTreeMiddle","96 0 32 32","multitrees.png"),
("AppleTreeTopBR","128 0 32 32","multitrees.png"),
("AppleTreeTopCornerFront","160 0 32 32","multitrees.png"),
("AppleTreeTopCornerBack","512 0 32 32","multitrees.png"),
("AppleTreeTopCornerLeft","192 0 32 32","multitrees.png"),
("AppleTreeTopCornerRight","224 0 32 32","multitrees.png"),
("AppleTreeBottomCornerLeft","256 0 32 32","multitrees.png"),
("AppleTreeBottomCornerFront","288 0 32 32","multitrees.png"),
("AppleTreeBottomCornerRight","320 0 32 32","multitrees.png"),
("AppleTreeBottom","352 0 32 32","multitrees.png"),
("AppleTreeTrunkMiddle","384 0 32 32","multitrees.png"),
("AppleTreeTrunkBottom","416 0 32 32","multitrees.png"),
("AppleTreeApples","448 0 32 32","multitrees.png"),
("AppleTreeApple1","0 64 32 32","multitrees.png"),
("AppleTreeApple2","32 64 32 32","multitrees.png"),
("AppleTreeApple3","64 64 32 32","multitrees.png"),
("OrangeTreeTopFL","0 96 32 32","multitrees.png"),
("OrangeTreeTopFR","32 96 32 32","multitrees.png"),
("OrangeTreeTopBL","64 96 32 32","multitrees.png"),
("OrangeTreeMiddle","96 96 32 32","multitrees.png"),
("OrangeTreeTopBR","128 96 32 32","multitrees.png"),
("OrangeTreeTopCornerFront","160 96 32 32","multitrees.png"),
("OrangeTreeTopCornerBack","512 96 32 32","multitrees.png"),
("OrangeTreeTopCornerLeft","192 96 32 32","multitrees.png"),
("OrangeTreeTopCornerRight","224 96 32 32","multitrees.png"),
("OrangeTreeBottomCornerLeft","256 96 32 32","multitrees.png"),
("OrangeTreeBottomCornerFront","288 96 32 32","multitrees.png"),
("OrangeTreeBottomCornerRight","320 96 32 32","multitrees.png"),
("OrangeTreeBottom","352 96 32 32","multitrees.png"),
("OrangeTreeTrunkMiddle","384 96 32 32","multitrees.png"),
("OrangeTreeTrunkBottom","416 96 32 32","multitrees.png"),
("OrangeTreeOranges","448 96 32 32","multitrees.png"),
("OrangeTreeOrange1","96 64 32 32","multitrees.png"),
("OrangeTreeOrange2","128 64 32 32","multitrees.png"),
("OrangeTreeOrange3","160 64 32 32","multitrees.png"),
("OrangeTreeMiddleCornerLeft","0 128 32 32","multitrees.png"),
("OrangeTreeMiddleCornerRight","32 128 32 32","multitrees.png"),
("OrangeTreeMiddleCornerFront","64 128 32 32","multitrees.png"),
("OrangeTreeMiddleCornerBack","96 128 32 32","multitrees.png"),
("PineTree1","0 32 32 32","multitrees.png"),
("PineTree2","32 32 32 32","multitrees.png"),
("PineTree3","64 32 32 32","multitrees.png"),
("PineTree4","96 32 32 32","multitrees.png"),
("PineTreeTop","128 32 32 32","multitrees.png"),
("PineTrunk2","160 32 32 32","multitrees.png"),
("PineTrunk1","192 32 32 32","multitrees.png"),
("PineTree8","224 32 32 32","multitrees.png"),
("PineTree9","256 32 32 32","multitrees.png"),
("PineTree10","288 32 32 32","multitrees.png"),
("PineTree11","320 32 32 32","multitrees.png"),
("PineTree12","352 32 32 32","multitrees.png"),
("PineTree13","384 32 32 32","multitrees.png"),
("PineTree14","416 32 32 32","multitrees.png"),
("PineTree15","448 32 32 32","multitrees.png"),
("PineTree16","480 32 32 32","multitrees.png"),
("PineTree17","512 32 32 32","multitrees.png"),
("OakTree1","0 160 32 32","multitrees.png"),
("OakTree2","32 160 32 32","multitrees.png"),
("OakTree3","64 160 32 32","multitrees.png"),
("OakTree4","96 160 32 32","multitrees.png"),
("OakTree5","128 160 32 32","multitrees.png"),
("OakTree6","160 160 32 32","multitrees.png"),
("OakTree7","192 160 32 32","multitrees.png"),
("OakTree8","224 160 32 32","multitrees.png"),
("OakTree9","256 160 32 32","multitrees.png"),
("OakTree10","288 160 32 32","multitrees.png"),
("OakTree11","320 160 32 32","multitrees.png"),
("OakTree12","352 160 32 32","multitrees.png"),
("OakTree13","384 160 32 32","multitrees.png"),
("OakTree14","416 160 32 32","multitrees.png"),
("OakTree21","0 192 32 32","multitrees.png"),
("OakTree22","32 192 32 32","multitrees.png"),
("OakTree23","64 192 32 32","multitrees.png"),
("OakTree24","96 192 32 32","multitrees.png"),
("OakTree25","128 192 32 32","multitrees.png"),
("OakTree26","160 192 32 32","multitrees.png"),
("OakTree27","192 192 32 32","multitrees.png"),
("OakTree28","224 192 32 32","multitrees.png"),
("OakTree29","256 192 32 32","multitrees.png"),
("OakTree210","288 192 32 32","multitrees.png"),
("OakTree211","320 192 32 32","multitrees.png"),
("OakTree212","352 192 32 32","multitrees.png"),
("OakTree213","384 192 32 32","multitrees.png"),
("OakTree214","416 192 32 32","multitrees.png"),
("Grass_1_0","0 20 32 20","seasonalgrass.png"),
("Grass_1_1","32 20 32 20","seasonalgrass.png"),
("Grass_1_2","64 20 32 20","seasonalgrass.png"),
("Grass_1_3","96 20 32 20","seasonalgrass.png"),
("Grass_1_4","128 20 32 20","seasonalgrass.png"),
("Grass_1_5","160 20 32 20","seasonalgrass.png"),
("Grass_1_6","192 20 32 20","seasonalgrass.png"),
("Grass_1_7","224 20 32 20","seasonalgrass.png"),
("Grass_1_8","256 20 32 20","seasonalgrass.png"),
("Grass_1_9","288 20 32 20","seasonalgrass.png"),
("Grass_1_10","320 20 32 20","seasonalgrass.png"),
("Grass_1_11","352 20 32 20","seasonalgrass.png"),
("Grass_1_12","384 20 32 20","seasonalgrass.png"),
("Grass_2_0","0 40 32 20","seasonalgrass.png"),
("Grass_2_1","32 40 32 20","seasonalgrass.png"),
("Grass_2_2","64 40 32 20","seasonalgrass.png"),
("Grass_2_3","96 40 32 20","seasonalgrass.png"),
("Grass_2_4","128 40 32 20","seasonalgrass.png"),
("Grass_2_5","160 40 32 20","seasonalgrass.png"),
("Grass_2_6","192 40 32 20","seasonalgrass.png"),
("Grass_2_7","224 40 32 20","seasonalgrass.png"),
("Grass_2_8","256 40 32 20","seasonalgrass.png"),
("Grass_2_9","288 40 32 20","seasonalgrass.png"),
("Grass_2_10","320 40 32 20","seasonalgrass.png"),
("Grass_2_11","352 40 32 20","seasonalgrass.png"),
("Grass_2_12","384 40 32 20","seasonalgrass.png"),
("Grass_3_0","0 60 32 20","seasonalgrass.png"),
("Grass_3_1","32 60 32 20","seasonalgrass.png"),
("Grass_3_2","64 60 32 20","seasonalgrass.png"),
("Grass_3_3","96 60 32 20","seasonalgrass.png"),
("Grass_3_4","128 60 32 20","seasonalgrass.png"),
("Grass_3_5","160 60 32 20","seasonalgrass.png"),
("Grass_3_6","192 60 32 20","seasonalgrass.png"),
("Grass_3_7","224 60 32 20","seasonalgrass.png"),
("Grass_3_8","256 60 32 20","seasonalgrass.png"),
("Grass_3_9","288 60 32 20","seasonalgrass.png"),
("Grass_3_10","320 60 32 20","seasonalgrass.png"),
("Grass_3_11","352 60 32 20","seasonalgrass.png"),
("Grass_3_12","384 60 32 20","seasonalgrass.png"),
("Grass_4_0","0 80 32 20","seasonalgrass.png"),
("Grass_4_1","32 80 32 20","seasonalgrass.png"),
("Grass_4_2","64 80 32 20","seasonalgrass.png"),
("Grass_4_3","96 80 32 20","seasonalgrass.png"),
("Grass_4_4","128 80 32 20","seasonalgrass.png"),
("Grass_4_5","160 80 32 20","seasonalgrass.png"),
("Grass_4_6","192 80 32 20","seasonalgrass.png"),
("Grass_4_7","224 80 32 20","seasonalgrass.png"),
("Grass_4_8","256 80 32 20","seasonalgrass.png"),
("Grass_4_9","288 80 32 20","seasonalgrass.png"),
("Grass_4_10","320 80 32 20","seasonalgrass.png"),
("Grass_4_11","352 80 32 20","seasonalgrass.png"),
("Grass_4_12","384 80 32 20","seasonalgrass.png"),
("Grass_5_0","0 100 32 20","seasonalgrass.png"),
("Grass_5_1","32 100 32 20","seasonalgrass.png"),
("Grass_5_2","64 100 32 20","seasonalgrass.png"),
("Grass_5_3","96 100 32 20","seasonalgrass.png"),
("Grass_5_4","128 100 32 20","seasonalgrass.png"),
("Grass_5_5","160 100 32 20","seasonalgrass.png"),
("Grass_5_6","192 100 32 20","seasonalgrass.png"),
("Grass_5_7","224 100 32 20","seasonalgrass.png"),
("Grass_5_8","256 100 32 20","seasonalgrass.png"),
("Grass_5_9","288 100 32 20","seasonalgrass.png"),
("Grass_5_10","320 100 32 20","seasonalgrass.png"),
("Grass_5_11","352 100 32 20","seasonalgrass.png"),
("Grass_5_12","384 100 32 20","seasonalgrass.png"),
("Grass_6_0","0 120 32 20","seasonalgrass.png"),
("Grass_6_1","32 120 32 20","seasonalgrass.png"),
("Grass_6_2","64 120 32 20","seasonalgrass.png"),
("Grass_6_3","96 120 32 20","seasonalgrass.png"),
("Grass_6_4","128 120 32 20","seasonalgrass.png"),
("Grass_6_5","160 120 32 20","seasonalgrass.png"),
("Grass_6_6","192 120 32 20","seasonalgrass.png"),
("Grass_6_7","224 120 32 20","seasonalgrass.png"),
("Grass_6_8","256 120 32 20","seasonalgrass.png"),
("Grass_6_9","288 120 32 20","seasonalgrass.png"),
("Grass_6_10","320 120 32 20","seasonalgrass.png"),
("Grass_6_11","352 120 32 20","seasonalgrass.png"),
("Grass_6_12","384 120 32 20","seasonalgrass.png"),
("Grass_7_0","0 140 32 20","seasonalgrass.png"),
("Grass_7_1","32 140 32 20","seasonalgrass.png"),
("Grass_7_2","64 140 32 20","seasonalgrass.png"),
("Grass_7_3","96 140 32 20","seasonalgrass.png"),
("Grass_7_4","128 140 32 20","seasonalgrass.png"),
("Grass_7_5","160 140 32 20","seasonalgrass.png"),
("Grass_7_6","192 140 32 20","seasonalgrass.png"),
("Grass_7_7","224 140 32 20","seasonalgrass.png"),
("Grass_7_8","256 140 32 20","seasonalgrass.png"),
("Grass_7_9","288 140 32 20","seasonalgrass.png"),
("Grass_7_10","320 140 32 20","seasonalgrass.png"),
("Grass_7_11","352 140 32 20","seasonalgrass.png"),
("Grass_7_12","384 140 32 20","seasonalgrass.png"),
("Grass_8_0","0 160 32 20","seasonalgrass.png"),
("Grass_8_1","32 160 32 20","seasonalgrass.png"),
("Grass_8_2","64 160 32 20","seasonalgrass.png"),
("Grass_8_3","96 160 32 20","seasonalgrass.png"),
("Grass_8_4","128 160 32 20","seasonalgrass.png"),
("Grass_8_5","160 160 32 20","seasonalgrass.png"),
("Grass_8_6","192 160 32 20","seasonalgrass.png"),
("Grass_8_7","224 160 32 20","seasonalgrass.png"),
("Grass_8_8","256 160 32 20","seasonalgrass.png"),
("Grass_8_9","288 160 32 20","seasonalgrass.png"),
("Grass_8_10","320 160 32 20","seasonalgrass.png"),
("Grass_8_11","352 160 32 20","seasonalgrass.png"),
("Grass_8_12","384 160 32 20","seasonalgrass.png"),
("Grass_9_0","0 180 32 20","seasonalgrass.png"),
("Grass_9_1","32 180 32 20","seasonalgrass.png"),
("Grass_9_2","64 180 32 20","seasonalgrass.png"),
("Grass_9_3","96 180 32 20","seasonalgrass.png"),
("Grass_9_4","128 180 32 20","seasonalgrass.png"),
("Grass_9_5","160 180 32 20","seasonalgrass.png"),
("Grass_9_6","192 180 32 20","seasonalgrass.png"),
("Grass_9_7","224 180 32 20","seasonalgrass.png"),
("Grass_9_8","256 180 32 20","seasonalgrass.png"),
("Grass_9_9","288 180 32 20","seasonalgrass.png"),
("Grass_9_10","320 180 32 20","seasonalgrass.png"),
("Grass_9_11","352 180 32 20","seasonalgrass.png"),
("Grass_9_12","384 180 32 20","seasonalgrass.png"),
("Grass_10_0","0 200 32 20","seasonalgrass.png"),
("Grass_10_1","32 200 32 20","seasonalgrass.png"),
("Grass_10_2","64 200 32 20","seasonalgrass.png"),
("Grass_10_3","96 200 32 20","seasonalgrass.png"),
("Grass_10_4","128 200 32 20","seasonalgrass.png"),
("Grass_10_5","160 200 32 20","seasonalgrass.png"),
("Grass_10_6","192 200 32 20","seasonalgrass.png"),
("Grass_10_7","224 200 32 20","seasonalgrass.png"),
("Grass_10_8","256 200 32 20","seasonalgrass.png"),
("Grass_10_9","288 200 32 20","seasonalgrass.png"),
("Grass_10_10","320 200 32 20","seasonalgrass.png"),
("Grass_10_11","352 200 32 20","seasonalgrass.png"),
("Grass_10_12","384 200 32 20","seasonalgrass.png"),
("Grass_11_0","0 220 32 20","seasonalgrass.png"),
("Grass_11_1","32 220 32 20","seasonalgrass.png"),
("Grass_11_2","64 220 32 20","seasonalgrass.png"),
("Grass_11_3","96 220 32 20","seasonalgrass.png"),
("Grass_11_4","128 220 32 20","seasonalgrass.png"),
("Grass_11_5","160 220 32 20","seasonalgrass.png"),
("Grass_11_6","192 220 32 20","seasonalgrass.png"),
("Grass_11_7","224 220 32 20","seasonalgrass.png"),
("Grass_11_8","256 220 32 20","seasonalgrass.png"),
("Grass_11_9","288 220 32 20","seasonalgrass.png"),
("Grass_11_10","320 220 32 20","seasonalgrass.png"),
("Grass_11_11","352 220 32 20","seasonalgrass.png"),
("Grass_11_12","384 220 32 20","seasonalgrass.png"),
("Grass_12_0","0 240 32 20","seasonalgrass.png"),
("Grass_12_1","32 240 32 20","seasonalgrass.png"),
("Grass_12_2","64 240 32 20","seasonalgrass.png"),
("Grass_12_3","96 240 32 20","seasonalgrass.png"),
("Grass_12_4","128 240 32 20","seasonalgrass.png"),
("Grass_12_5","160 240 32 20","seasonalgrass.png"),
("Grass_12_6","192 240 32 20","seasonalgrass.png"),
("Grass_12_7","224 240 32 20","seasonalgrass.png"),
("Grass_12_8","256 240 32 20","seasonalgrass.png"),
("Grass_12_9","288 240 32 20","seasonalgrass.png"),
("Grass_12_10","320 240 32 20","seasonalgrass.png"),
("Grass_12_11","352 240 32 20","seasonalgrass.png"),
("Grass_12_12","384 240 32 20","seasonalgrass.png"),
("Grass_13_0","0 260 32 20","seasonalgrass.png"),
("Grass_13_1","32 260 32 20","seasonalgrass.png"),
("Grass_13_2","64 260 32 20","seasonalgrass.png"),
("Grass_13_3","96 260 32 20","seasonalgrass.png"),
("Grass_13_4","128 260 32 20","seasonalgrass.png"),
("Grass_13_5","160 260 32 20","seasonalgrass.png"),
("Grass_13_6","192 260 32 20","seasonalgrass.png"),
("Grass_13_7","224 260 32 20","seasonalgrass.png"),
("Grass_13_8","256 260 32 20","seasonalgrass.png"),
("Grass_13_9","288 260 32 20","seasonalgrass.png"),
("Grass_13_10","320 260 32 20","seasonalgrass.png"),
("Grass_13_11","352 260 32 20","seasonalgrass.png"),
("Grass_13_12","384 260 32 20","seasonalgrass.png"),
("Grass_14_0","0 280 32 20","seasonalgrass.png"),
("Grass_14_1","32 280 32 20","seasonalgrass.png"),
("Grass_14_2","64 280 32 20","seasonalgrass.png"),
("Grass_14_3","96 280 32 20","seasonalgrass.png"),
("Grass_14_4","128 280 32 20","seasonalgrass.png"),
("Grass_14_5","160 280 32 20","seasonalgrass.png"),
("Grass_14_6","192 280 32 20","seasonalgrass.png"),
("Grass_14_7","224 280 32 20","seasonalgrass.png"),
("Grass_14_8","256 280 32 20","seasonalgrass.png"),
("Grass_14_9","288 280 32 20","seasonalgrass.png"),
("Grass_14_10","320 280 32 20","seasonalgrass.png"),
("Grass_14_11","352 280 32 20","seasonalgrass.png"),
("Grass_14_12","384 280 32 20","seasonalgrass.png"),
("Grass_15_0","0 300 32 20","seasonalgrass.png"),
("Grass_15_1","32 300 32 20","seasonalgrass.png"),
("Grass_15_2","64 300 32 20","seasonalgrass.png"),
("Grass_15_3","96 300 32 20","seasonalgrass.png"),
("Grass_15_4","128 300 32 20","seasonalgrass.png"),
("Grass_15_5","160 300 32 20","seasonalgrass.png"),
("Grass_15_6","192 300 32 20","seasonalgrass.png"),
("Grass_15_7","224 300 32 20","seasonalgrass.png"),
("Grass_15_8","256 300 32 20","seasonalgrass.png"),
("Grass_15_9","288 300 32 20","seasonalgrass.png"),
("Grass_15_10","320 300 32 20","seasonalgrass.png"),
("Grass_15_11","352 300 32 20","seasonalgrass.png"),
("Grass_15_12","384 300 32 20","seasonalgrass.png"),
("Grass_16_0","0 320 32 20","seasonalgrass.png"),
("Grass_16_1","32 320 32 20","seasonalgrass.png"),
("Grass_16_2","64 320 32 20","seasonalgrass.png"),
("Grass_16_3","96 320 32 20","seasonalgrass.png"),
("Grass_16_4","128 320 32 20","seasonalgrass.png"),
("Grass_16_5","160 320 32 20","seasonalgrass.png"),
("Grass_16_6","192 320 32 20","seasonalgrass.png"),
("Grass_16_7","224 320 32 20","seasonalgrass.png"),
("Grass_16_8","256 320 32 20","seasonalgrass.png"),
("Grass_16_9","288 320 32 20","seasonalgrass.png"),
("Grass_16_10","320 320 32 20","seasonalgrass.png"),
("Grass_16_11","352 320 32 20","seasonalgrass.png"),
("Grass_16_12","384 320 32 20","seasonalgrass.png"),
("Grass_17_0","0 340 32 20","seasonalgrass.png"),
("Grass_17_1","32 340 32 20","seasonalgrass.png"),
("Grass_17_2","64 340 32 20","seasonalgrass.png"),
("Grass_17_3","96 340 32 20","seasonalgrass.png"),
("Grass_17_4","128 340 32 20","seasonalgrass.png"),
("Grass_17_5","160 340 32 20","seasonalgrass.png"),
("Grass_17_6","192 340 32 20","seasonalgrass.png"),
("Grass_17_7","224 340 32 20","seasonalgrass.png"),
("Grass_17_8","256 340 32 20","seasonalgrass.png"),
("Grass_17_9","288 340 32 20","seasonalgrass.png"),
("Grass_17_10","320 340 32 20","seasonalgrass.png"),
("Grass_17_11","352 340 32 20","seasonalgrass.png"),
("Grass_17_12","384 340 32 20","seasonalgrass.png"),
("Grass_18_0","0 360 32 20","seasonalgrass.png"),
("Grass_18_1","32 360 32 20","seasonalgrass.png"),
("Grass_18_2","64 360 32 20","seasonalgrass.png"),
("Grass_18_3","96 360 32 20","seasonalgrass.png"),
("Grass_18_4","128 360 32 20","seasonalgrass.png"),
("Grass_18_5","160 360 32 20","seasonalgrass.png"),
("Grass_18_6","192 360 32 20","seasonalgrass.png"),
("Grass_18_7","224 360 32 20","seasonalgrass.png"),
("Grass_18_8","256 360 32 20","seasonalgrass.png"),
("Grass_18_9","288 360 32 20","seasonalgrass.png"),
("Grass_18_10","320 360 32 20","seasonalgrass.png"),
("Grass_18_11","352 360 32 20","seasonalgrass.png"),
("Grass_18_12","384 360 32 20","seasonalgrass.png"),
("Grass_19_0","0 380 32 20","seasonalgrass.png"),
("Grass_19_1","32 380 32 20","seasonalgrass.png"),
("Grass_19_2","64 380 32 20","seasonalgrass.png"),
("Grass_19_3","96 380 32 20","seasonalgrass.png"),
("Grass_19_4","128 380 32 20","seasonalgrass.png"),
("Grass_19_5","160 380 32 20","seasonalgrass.png"),
("Grass_19_6","192 380 32 20","seasonalgrass.png"),
("Grass_19_7","224 380 32 20","seasonalgrass.png"),
("Grass_19_8","256 380 32 20","seasonalgrass.png"),
("Grass_19_9","288 380 32 20","seasonalgrass.png"),
("Grass_19_10","320 380 32 20","seasonalgrass.png"),
("Grass_19_11","352 380 32 20","seasonalgrass.png"),
("Grass_19_12","384 380 32 20","seasonalgrass.png"),
("Grass_20_0","0 400 32 20","seasonalgrass.png"),
("Grass_20_1","32 400 32 20","seasonalgrass.png"),
("Grass_20_2","64 400 32 20","seasonalgrass.png"),
("Grass_20_3","96 400 32 20","seasonalgrass.png"),
("Grass_20_4","128 400 32 20","seasonalgrass.png"),
("Grass_20_5","160 400 32 20","seasonalgrass.png"),
("Grass_20_6","192 400 32 20","seasonalgrass.png"),
("Grass_20_7","224 400 32 20","seasonalgrass.png"),
("Grass_20_8","256 400 32 20","seasonalgrass.png"),
("Grass_20_9","288 400 32 20","seasonalgrass.png"),
("Grass_20_10","320 400 32 20","seasonalgrass.png"),
("Grass_20_11","352 400 32 20","seasonalgrass.png"),
("Grass_20_12","384 400 32 20","seasonalgrass.png"),
("Grass_21_0","0 420 32 20","seasonalgrass.png"),
("Grass_21_1","32 420 32 20","seasonalgrass.png"),
("Grass_21_2","64 420 32 20","seasonalgrass.png"),
("Grass_21_3","96 420 32 20","seasonalgrass.png"),
("Grass_21_4","128 420 32 20","seasonalgrass.png"),
("Grass_21_5","160 420 32 20","seasonalgrass.png"),
("Grass_21_6","192 420 32 20","seasonalgrass.png"),
("Grass_21_7","224 420 32 20","seasonalgrass.png"),
("Grass_21_8","256 420 32 20","seasonalgrass.png"),
("Grass_21_9","288 420 32 20","seasonalgrass.png"),
("Grass_21_10","320 420 32 20","seasonalgrass.png"),
("Grass_21_11","352 420 32 20","seasonalgrass.png"),
("Grass_21_12","384 420 32 20","seasonalgrass.png"),
("Grass_22_0","0 440 32 20","seasonalgrass.png"),
("Grass_22_1","32 440 32 20","seasonalgrass.png"),
("Grass_22_2","64 440 32 20","seasonalgrass.png"),
("Grass_22_3","96 440 32 20","seasonalgrass.png"),
("Grass_22_4","128 440 32 20","seasonalgrass.png"),
("Grass_22_5","160 440 32 20","seasonalgrass.png"),
("Grass_22_6","192 440 32 20","seasonalgrass.png"),
("Grass_22_7","224 440 32 20","seasonalgrass.png"),
("Grass_22_8","256 440 32 20","seasonalgrass.png"),
("Grass_22_9","288 440 32 20","seasonalgrass.png"),
("Grass_22_10","320 440 32 20","seasonalgrass.png"),
("Grass_22_11","352 440 32 20","seasonalgrass.png"),
("Grass_22_12","384 440 32 20","seasonalgrass.png"),
("Grass_23_0","0 460 32 20","seasonalgrass.png"),
("Grass_23_1","32 460 32 20","seasonalgrass.png"),
("Grass_23_2","64 460 32 20","seasonalgrass.png"),
("Grass_23_3","96 460 32 20","seasonalgrass.png"),
("Grass_23_4","128 460 32 20","seasonalgrass.png"),
("Grass_23_5","160 460 32 20","seasonalgrass.png"),
("Grass_23_6","192 460 32 20","seasonalgrass.png"),
("Grass_23_7","224 460 32 20","seasonalgrass.png"),
("Grass_23_8","256 460 32 20","seasonalgrass.png"),
("Grass_23_9","288 460 32 20","seasonalgrass.png"),
("Grass_23_10","320 460 32 20","seasonalgrass.png"),
("Grass_23_11","352 460 32 20","seasonalgrass.png"),
("Grass_23_12","384 460 32 20","seasonalgrass.png"),
("Grass_24_0","0 480 32 20","seasonalgrass.png"),
("Grass_24_1","32 480 32 20","seasonalgrass.png"),
("Grass_24_2","64 480 32 20","seasonalgrass.png"),
("Grass_24_3","96 480 32 20","seasonalgrass.png"),
("Grass_24_4","128 480 32 20","seasonalgrass.png"),
("Grass_24_5","160 480 32 20","seasonalgrass.png"),
("Grass_24_6","192 480 32 20","seasonalgrass.png"),
("Grass_24_7","224 480 32 20","seasonalgrass.png"),
("Grass_24_8","256 480 32 20","seasonalgrass.png"),
("Grass_24_9","288 480 32 20","seasonalgrass.png"),
("Grass_24_10","320 480 32 20","seasonalgrass.png"),
("Grass_24_11","352 480 32 20","seasonalgrass.png"),
("Grass_24_12","384 480 32 20","seasonalgrass.png"),
("Grass_25_0","0 500 32 20","seasonalgrass.png"),
("Grass_25_1","32 500 32 20","seasonalgrass.png"),
("Grass_25_2","64 500 32 20","seasonalgrass.png"),
("Grass_25_3","96 500 32 20","seasonalgrass.png"),
("Grass_25_4","128 500 32 20","seasonalgrass.png"),
("Grass_25_5","160 500 32 20","seasonalgrass.png"),
("Grass_25_6","192 500 32 20","seasonalgrass.png"),
("Grass_25_7","224 500 32 20","seasonalgrass.png"),
("Grass_25_8","256 500 32 20","seasonalgrass.png"),
("Grass_25_9","288 500 32 20","seasonalgrass.png"),
("Grass_25_10","320 500 32 20","seasonalgrass.png"),
("Grass_25_11","352 500 32 20","seasonalgrass.png"),
("Grass_25_12","384 500 32 20","seasonalgrass.png"),
("Grass_26_0","0 520 32 20","seasonalgrass.png"),
("Grass_26_1","32 520 32 20","seasonalgrass.png"),
("Grass_26_2","64 520 32 20","seasonalgrass.png"),
("Grass_26_3","96 520 32 20","seasonalgrass.png"),
("Grass_26_4","128 520 32 20","seasonalgrass.png"),
("Grass_26_5","160 520 32 20","seasonalgrass.png"),
("Grass_26_6","192 520 32 20","seasonalgrass.png"),
("Grass_26_7","224 520 32 20","seasonalgrass.png"),
("Grass_26_8","256 520 32 20","seasonalgrass.png"),
("Grass_26_9","288 520 32 20","seasonalgrass.png"),
("Grass_26_10","320 520 32 20","seasonalgrass.png"),
("Grass_26_11","352 520 32 20","seasonalgrass.png"),
("Grass_26_12","384 520 32 20","seasonalgrass.png"),
("Grass_27_0","0 540 32 20","seasonalgrass.png"),
("Grass_27_1","32 540 32 20","seasonalgrass.png"),
("Grass_27_2","64 540 32 20","seasonalgrass.png"),
("Grass_27_3","96 540 32 20","seasonalgrass.png"),
("Grass_27_4","128 540 32 20","seasonalgrass.png"),
("Grass_27_5","160 540 32 20","seasonalgrass.png"),
("Grass_27_6","192 540 32 20","seasonalgrass.png"),
("Grass_27_7","224 540 32 20","seasonalgrass.png"),
("Grass_27_8","256 540 32 20","seasonalgrass.png"),
("Grass_27_9","288 540 32 20","seasonalgrass.png"),
("Grass_27_10","320 540 32 20","seasonalgrass.png"),
("Grass_27_11","352 540 32 20","seasonalgrass.png"),
("Grass_27_12","384 540 32 20","seasonalgrass.png"),
("Grass_28_0","0 560 32 20","seasonalgrass.png"),
("Grass_28_1","32 560 32 20","seasonalgrass.png"),
("Grass_28_2","64 560 32 20","seasonalgrass.png"),
("Grass_28_3","96 560 32 20","seasonalgrass.png"),
("Grass_28_4","128 560 32 20","seasonalgrass.png"),
("Grass_28_5","160 560 32 20","seasonalgrass.png"),
("Grass_28_6","192 560 32 20","seasonalgrass.png"),
("Grass_28_7","224 560 32 20","seasonalgrass.png"),
("Grass_28_8","256 560 32 20","seasonalgrass.png"),
("Grass_28_9","288 560 32 20","seasonalgrass.png"),
("Grass_28_10","320 560 32 20","seasonalgrass.png"),
("Grass_28_11","352 560 32 20","seasonalgrass.png"),
("Grass_28_12","384 560 32 20","seasonalgrass.png"),
("Grass_29_0","0 580 32 20","seasonalgrass.png"),
("Grass_29_1","32 580 32 20","seasonalgrass.png"),
("Grass_29_2","64 580 32 20","seasonalgrass.png"),
("Grass_29_3","96 580 32 20","seasonalgrass.png"),
("Grass_29_4","128 580 32 20","seasonalgrass.png"),
("Grass_29_5","160 580 32 20","seasonalgrass.png"),
("Grass_29_6","192 580 32 20","seasonalgrass.png"),
("Grass_29_7","224 580 32 20","seasonalgrass.png"),
("Grass_29_8","256 580 32 20","seasonalgrass.png"),
("Grass_29_9","288 580 32 20","seasonalgrass.png"),
("Grass_29_10","320 580 32 20","seasonalgrass.png"),
("Grass_29_11","352 580 32 20","seasonalgrass.png"),
("Grass_29_12","384 580 32 20","seasonalgrass.png"),
("Grass_30_0","0 600 32 20","seasonalgrass.png"),
("Grass_30_1","32 600 32 20","seasonalgrass.png"),
("Grass_30_2","64 600 32 20","seasonalgrass.png"),
("Grass_30_3","96 600 32 20","seasonalgrass.png"),
("Grass_30_4","128 600 32 20","seasonalgrass.png"),
("Grass_30_5","160 600 32 20","seasonalgrass.png"),
("Grass_30_6","192 600 32 20","seasonalgrass.png"),
("Grass_30_7","224 600 32 20","seasonalgrass.png"),
("Grass_30_8","256 600 32 20","seasonalgrass.png"),
("Grass_30_9","288 600 32 20","seasonalgrass.png"),
("Grass_30_10","320 600 32 20","seasonalgrass.png"),
("Grass_30_11","352 600 32 20","seasonalgrass.png"),
("Grass_30_12","384 600 32 20","seasonalgrass.png"),
("empty","256 160 32 20","seasonaldetails.png"),
("RedFlower_0","0 0 32 20","seasonaldetails.png"),
("RedFlower_1","32 0 32 20","seasonaldetails.png"),
("RedFlower_2","64 0 32 20","seasonaldetails.png"),
("RedFlower_3","96 0 32 20","seasonaldetails.png"),
("RedFlower_4","128 0 32 20","seasonaldetails.png"),
("RedFlower_5","160 0 32 20","seasonaldetails.png"),
("RedFlower_6","192 0 32 20","seasonaldetails.png"),
("RedFlower_7","224 0 32 20","seasonaldetails.png"),
("RedFlower_8","256 0 32 20","seasonaldetails.png"),
("BlueFlower_0","0 32 32 20","seasonaldetails.png"),
("BlueFlower_1","32 32 32 20","seasonaldetails.png"),
("BlueFlower_2","64 32 32 20","seasonaldetails.png"),
("BlueFlower_3","96 32 32 20","seasonaldetails.png"),
("BlueFlower_4","128 32 32 20","seasonaldetails.png"),
("BlueFlower_5","160 32 32 20","seasonaldetails.png"),
("BlueFlower_6","192 32 32 20","seasonaldetails.png"),
("BlueFlower_7","224 32 32 20","seasonaldetails.png"),
("BlueFlower_8","256 32 32 20","seasonaldetails.png"),
("YellowFlower_0","0 64 32 20","seasonaldetails.png"),
("YellowFlower_1","32 64 32 20","seasonaldetails.png"),
("YellowFlower_2","64 64 32 20","seasonaldetails.png"),
("YellowFlower_3","96 64 32 20","seasonaldetails.png"),
("YellowFlower_4","128 64 32 20","seasonaldetails.png"),
("YellowFlower_5","160 64 32 20","seasonaldetails.png"),
("YellowFlower_6","192 64 32 20","seasonaldetails.png"),
("YellowFlower_7","224 64 32 20","seasonaldetails.png"),
("YellowFlower_8","256 64 32 20","seasonaldetails.png"),
("PurpleFlower_0","0 96 32 20","seasonaldetails.png"),
("PurpleFlower_1","32 96 32 20","seasonaldetails.png"),
("PurpleFlower_2","64 96 32 20","seasonaldetails.png"),
("PurpleFlower_3","96 96 32 20","seasonaldetails.png"),
("PurpleFlower_4","128 96 32 20","seasonaldetails.png"),
("PurpleFlower_5","160 96 32 20","seasonaldetails.png"),
("PurpleFlower_6","192 96 32 20","seasonaldetails.png"),
("PurpleFlower_7","224 96 32 20","seasonaldetails.png"),
("PurpleFlower_8","256 96 32 20","seasonaldetails.png"),
("OrangeFlower_0","0 128 32 20","seasonaldetails.png"),
("OrangeFlower_1","32 128 32 20","seasonaldetails.png"),
("OrangeFlower_2","64 128 32 20","seasonaldetails.png"),
("OrangeFlower_3","96 128 32 20","seasonaldetails.png"),
("OrangeFlower_4","128 128 32 20","seasonaldetails.png"),
("OrangeFlower_5","160 128 32 20","seasonaldetails.png"),
("OrangeFlower_6","192 128 32 20","seasonaldetails.png"),
("OrangeFlower_7","224 128 32 20","seasonaldetails.png"),
("OrangeFlower_8","256 128 32 20","seasonaldetails.png"),
("WhiteMushroom_0","0 160 32 20","seasonaldetails.png"),
("WhiteMushroom_1","32 160 32 20","seasonaldetails.png"),
("WhiteMushroom_2","64 160 32 20","seasonaldetails.png"),
("WhiteMushroom_3","96 160 32 20","seasonaldetails.png"),
("WhiteMushroom_4","128 160 32 20","seasonaldetails.png"),
("WhiteMushroom_5","160 160 32 20","seasonaldetails.png"),
("WhiteMushroom_6","192 160 32 20","seasonaldetails.png"),
("WhiteMushroom_7","224 160 32 20","seasonaldetails.png"),
("WhiteMushroom_8","256 160 32 20","seasonaldetails.png"),
("YellowMushroom_0","0 192 32 20","seasonaldetails.png"),
("YellowMushroom_1","32 192 32 20","seasonaldetails.png"),
("YellowMushroom_2","64 192 32 20","seasonaldetails.png"),
("YellowMushroom_3","96 192 32 20","seasonaldetails.png"),
("YellowMushroom_4","128 192 32 20","seasonaldetails.png"),
("YellowMushroom_5","160 192 32 20","seasonaldetails.png"),
("YellowMushroom_6","192 192 32 20","seasonaldetails.png"),
("YellowMushroom_7","224 192 32 20","seasonaldetails.png"),
("YellowMushroom_8","256 192 32 20","seasonaldetails.png"),
("OrangeMushroom_Snow_0","0 224 32 20","seasonaldetails.png"),
("OrangeMushroom_Snow_1","32 224 32 20","seasonaldetails.png"),
("OrangeMushroom_Snow_2","64 224 32 20","seasonaldetails.png"),
("OrangeMushroom_Snow_3","96 224 32 20","seasonaldetails.png"),
("OrangeMushroom_Snow_4","128 224 32 20","seasonaldetails.png"),
("OrangeMushroom_Snow_5","160 224 32 20","seasonaldetails.png"),
("OrangeMushroom_Snow_6","192 224 32 20","seasonaldetails.png"),
("OrangeMushroom_Snow_7","224 224 32 20","seasonaldetails.png"),
("OrangeMushroom_Snow_8","256 224 32 20","seasonaldetails.png"),
("WhiteMushroom_Snow_0","0 256 32 20","seasonaldetails.png"),
("WhiteMushroom_Snow_1","32 256 32 20","seasonaldetails.png"),
("WhiteMushroom_Snow_2","64 256 32 20","seasonaldetails.png"),
("WhiteMushroom_Snow_3","96 256 32 20","seasonaldetails.png"),
("WhiteMushroom_Snow_4","128 256 32 20","seasonaldetails.png"),
("WhiteMushroom_Snow_5","160 256 32 20","seasonaldetails.png"),
("WhiteMushroom_Snow_6","192 256 32 20","seasonaldetails.png"),
("WhiteMushroom_Snow_7","224 256 32 20","seasonaldetails.png"),
("WhiteMushroom_Snow_8","256 256 32 20","seasonaldetails.png"),
("YellowMushroom_Snow_0","0 288 32 20","seasonaldetails.png"),
("YellowMushroom_Snow_1","32 288 32 20","seasonaldetails.png"),
("YellowMushroom_Snow_2","64 288 32 20","seasonaldetails.png"),
("YellowMushroom_Snow_3","96 288 32 20","seasonaldetails.png"),
("YellowMushroom_Snow_4","128 288 32 20","seasonaldetails.png"),
("YellowMushroom_Snow_5","160 288 32 20","seasonaldetails.png"),
("YellowMushroom_Snow_6","192 288 32 20","seasonaldetails.png"),
("YellowMushroom_Snow_7","224 288 32 20","seasonaldetails.png"),
("YellowMushroom_Snow_8","256 288 32 20","seasonaldetails.png"),
("OrangeMushroom_Snow_0","0 320 32 20","seasonaldetails.png"),
("OrangeMushroom_Snow_1","32 320 32 20","seasonaldetails.png"),
("OrangeMushroom_Snow_2","64 320 32 20","seasonaldetails.png"),
("OrangeMushroom_Snow_3","96 320 32 20","seasonaldetails.png"),
("OrangeMushroom_Snow_4","128 320 32 20","seasonaldetails.png"),
("OrangeMushroom_Snow_5","160 320 32 20","seasonaldetails.png"),
("OrangeMushroom_Snow_6","192 320 32 20","seasonaldetails.png"),
("OrangeMushroom_Snow_7","224 320 32 20","seasonaldetails.png"),
("OrangeMushroom_Snow_8","256 320 32 20","seasonaldetails.png"),
("Stone_0","0 352 32 20","seasonaldetails.png"),
("Stone_1","32 352 32 20","seasonaldetails.png"),
("Stone_2","64 352 32 20","seasonaldetails.png"),
("Stone_3","96 352 32 20","seasonaldetails.png"),
("Stone_4","128 352 32 20","seasonaldetails.png"),
("Stone_5","160 352 32 20","seasonaldetails.png"),
("Stone_6","192 352 32 20","seasonaldetails.png"),
("Stone_7","224 352 32 20","seasonaldetails.png"),
("Stone_8","256 352 32 20","seasonaldetails.png"),
("Stone_Snow_0","0 384 32 20","seasonaldetails.png"),
("Stone_Snow_1","32 384 32 20","seasonaldetails.png"),
("Stone_Snow_2","64 384 32 20","seasonaldetails.png"),
("Stone_Snow_3","96 384 32 20","seasonaldetails.png"),
("Stone_Snow_4","128 384 32 20","seasonaldetails.png"),
("Stone_Snow_5","160 384 32 20","seasonaldetails.png"),
("Stone_Snow_6","192 384 32 20","seasonaldetails.png"),
("Stone_Snow_7","224 384 32 20","seasonaldetails.png"),
("Stone_Snow_8","256 384 32 20","seasonaldetails.png"),
("GrassRampTop_Spring_FL","0 0 32 20","seasonalslopes.png"),
("GrassRamp_Spring_FL","0 20 32 32","seasonalslopes.png"),
("GrassRampTop_Spring_FR","32 0 32 20","seasonalslopes.png"),
("GrassRamp_Spring_FR","32 20 32 32","seasonalslopes.png"),
("GrassRampTop_Spring_BL","64 0 32 20","seasonalslopes.png"),
("GrassRamp_Spring_BL","64 20 32 32","seasonalslopes.png"),
("GrassRampTop_Spring_BR","96 0 32 20","seasonalslopes.png"),
("GrassRamp_Spring_BR","96 20 32 32","seasonalslopes.png"),
("GrassRampTop_April_FL","0 52 32 20","seasonalslopes.png"),
("GrassRamp_April_FL","0 72 32 32","seasonalslopes.png"),
("GrassRampTop_April_FR","32 52 32 20","seasonalslopes.png"),
("GrassRamp_April_FR","32 72 32 32","seasonalslopes.png"),
("GrassRampTop_April_BL","64 52 32 20","seasonalslopes.png"),
("GrassRamp_April_BL","64 72 32 32","seasonalslopes.png"),
("GrassRampTop_April_BR","96 52 32 20","seasonalslopes.png"),
("GrassRamp_April_BR","96 72 32 32","seasonalslopes.png"),
("GrassRampTop_May_FL","0 104 32 20","seasonalslopes.png"),
("GrassRamp_May_FL","0 124 32 32","seasonalslopes.png"),
("GrassRampTop_May_FR","32 104 32 20","seasonalslopes.png"),
("GrassRamp_May_FR","32 124 32 32","seasonalslopes.png"),
("GrassRampTop_May_BL","64 104 32 20","seasonalslopes.png"),
("GrassRamp_May_BL","64 124 32 32","seasonalslopes.png"),
("GrassRampTop_May_BR","96 104 32 20","seasonalslopes.png"),
("GrassRamp_May_BR","96 124 32 32","seasonalslopes.png"),
("GrassRampTop_June_FL","0 156 32 20","seasonalslopes.png"),
("GrassRamp_June_FL","0 176 32 32","seasonalslopes.png"),
("GrassRampTop_June_FR","32 156 32 20","seasonalslopes.png"),
("GrassRamp_June_FR","32 176 32 32","seasonalslopes.png"),
("GrassRampTop_June_BL","64 156 32 20","seasonalslopes.png"),
("GrassRamp_June_BL","64 176 32 32","seasonalslopes.png"),
("GrassRampTop_June_BR","96 156 32 20","seasonalslopes.png"),
("GrassRamp_June_BR","96 176 32 32","seasonalslopes.png"),
("GrassRampTop_Summer_FL","0 208 32 20","seasonalslopes.png"),
("GrassRamp_Summer_FL","0 228 32 32","seasonalslopes.png"),
("GrassRampTop_Summer_FR","32 208 32 20","seasonalslopes.png"),
("GrassRamp_Summer_FR","32 228 32 32","seasonalslopes.png"),
("GrassRampTop_Summer_BL","64 208 32 20","seasonalslopes.png"),
("GrassRamp_Summer_BL","64 228 32 32","seasonalslopes.png"),
("GrassRampTop_Summer_BR","96 208 32 20","seasonalslopes.png"),
("GrassRamp_Summer_BR","96 228 32 32","seasonalslopes.png"),
("GrassRampTop_August_FL","0 260 32 20","seasonalslopes.png"),
("GrassRamp_August_FL","0 280 32 32","seasonalslopes.png"),
("GrassRampTop_August_FR","32 260 32 20","seasonalslopes.png"),
("GrassRamp_August_FR","32 280 32 32","seasonalslopes.png"),
("GrassRampTop_August_BL","64 260 32 20","seasonalslopes.png"),
("GrassRamp_August_BL","64 280 32 32","seasonalslopes.png"),
("GrassRampTop_August_BR","96 260 32 20","seasonalslopes.png"),
("GrassRamp_August_BR","96 280 32 32","seasonalslopes.png"),
("GrassRampTop_September_FL","0 312 32 20","seasonalslopes.png"),
("GrassRamp_September_FL","0 332 32 32","seasonalslopes.png"),
("GrassRampTop_September_FR","32 312 32 20","seasonalslopes.png"),
("GrassRamp_September_FR","32 332 32 32","seasonalslopes.png"),
("GrassRampTop_September_BL","64 312 32 20","seasonalslopes.png"),
("GrassRamp_September_BL","64 332 32 32","seasonalslopes.png"),
("GrassRampTop_September_BR","96 312 32 20","seasonalslopes.png"),
("GrassRamp_September_BR","96 332 32 32","seasonalslopes.png"),
("GrassRampTop_Autumn_FL","0 364 32 20","seasonalslopes.png"),
("GrassRamp_Autumn_FL","0 384 32 32","seasonalslopes.png"),
("GrassRampTop_Autumn_FR","32 364 32 20","seasonalslopes.png"),
("GrassRamp_Autumn_FR","32 384 32 32","seasonalslopes.png"),
("GrassRampTop_Autumn_BL","64 364 32 20","seasonalslopes.png"),
("GrassRamp_Autumn_BL","64 384 32 32","seasonalslopes.png"),
("GrassRampTop_Autumn_BR","96 364 32 20","seasonalslopes.png"),
("GrassRamp_Autumn_BR","96 384 32 32","seasonalslopes.png"),
("GrassRampTop_November_FL","0 416 32 20","seasonalslopes.png"),
("GrassRamp_November_FL","0 436 32 32","seasonalslopes.png"),
("GrassRampTop_November_FR","32 416 32 20","seasonalslopes.png"),
("GrassRamp_November_FR","32 436 32 32","seasonalslopes.png"),
("GrassRampTop_November_BL","64 416 32 20","seasonalslopes.png"),
("GrassRamp_November_BL","64 436 32 32","seasonalslopes.png"),
("GrassRampTop_November_BR","96 416 32 20","seasonalslopes.png"),
("GrassRamp_November_BR","96 436 32 32","seasonalslopes.png"),
("GrassRampTop_December_FL","0 468 32 20","seasonalslopes.png"),
("GrassRamp_December_FL","0 488 32 32","seasonalslopes.png"),
("GrassRampTop_December_FR","32 468 32 20","seasonalslopes.png"),
("GrassRamp_December_FR","32 488 32 32","seasonalslopes.png"),
("GrassRampTop_December_BL","64 468 32 20","seasonalslopes.png"),
("GrassRamp_December_BL","64 488 32 32","seasonalslopes.png"),
("GrassRampTop_December_BR","96 468 32 20","seasonalslopes.png"),
("GrassRamp_December_BR","96 488 32 32","seasonalslopes.png"),
("GrassRampTop_Winter_FL","0 520 32 20","seasonalslopes.png"),
("GrassRamp_Winter_FL","0 540 32 32","seasonalslopes.png"),
("GrassRampTop_Winter_FR","32 520 32 20","seasonalslopes.png"),
("GrassRamp_Winter_FR","32 540 32 32","seasonalslopes.png"),
("GrassRampTop_Winter_BL","64 520 32 20","seasonalslopes.png"),
("GrassRamp_Winter_BL","64 540 32 32","seasonalslopes.png"),
("GrassRampTop_Winter_BR","96 520 32 20","seasonalslopes.png"),
("GrassRamp_Winter_BR","96 540 32 32","seasonalslopes.png"),
("GrassRampTop_February_FL","0 572 32 20","seasonalslopes.png"),
("GrassRamp_February_FL","0 592 32 32","seasonalslopes.png"),
("GrassRampTop_February_FR","32 572 32 20","seasonalslopes.png"),
("GrassRamp_February_FR","32 592 32 32","seasonalslopes.png"),
("GrassRampTop_February_BL","64 572 32 20","seasonalslopes.png"),
("GrassRamp_February_BL","64 592 32 32","seasonalslopes.png"),
("GrassRampTop_February_BR","96 572 32 20","seasonalslopes.png"),
("GrassRamp_February_BR","96 592 32 32","seasonalslopes.png"),
("GrassCornerRampTop_Spring_FL","128 0 32 20","seasonalslopes.png"),
("GrassCornerRamp_Spring_FL","128 20 32 32","seasonalslopes.png"),
("GrassCornerRampTop_Spring_FR","160 0 32 20","seasonalslopes.png"),
("GrassCornerRamp_Spring_FR","160 20 32 32","seasonalslopes.png"),
("GrassCornerRampTop_Spring_BL","192 0 32 20","seasonalslopes.png"),
("GrassCornerRamp_Spring_BL","192 20 32 32","seasonalslopes.png"),
("GrassCornerRampTop_Spring_BR","224 0 32 20","seasonalslopes.png"),
("GrassCornerRamp_Spring_BR","224 20 32 32","seasonalslopes.png"),
("GrassCornerRampTop_April_FL","128 52 32 20","seasonalslopes.png"),
("GrassCornerRamp_April_FL","128 72 32 32","seasonalslopes.png"),
("GrassCornerRampTop_April_FR","160 52 32 20","seasonalslopes.png"),
("GrassCornerRamp_April_FR","160 72 32 32","seasonalslopes.png"),
("GrassCornerRampTop_April_BL","192 52 32 20","seasonalslopes.png"),
("GrassCornerRamp_April_BL","192 72 32 32","seasonalslopes.png"),
("GrassCornerRampTop_April_BR","224 52 32 20","seasonalslopes.png"),
("GrassCornerRamp_April_BR","224 72 32 32","seasonalslopes.png"),
("GrassCornerRampTop_May_FL","128 104 32 20","seasonalslopes.png"),
("GrassCornerRamp_May_FL","128 124 32 32","seasonalslopes.png"),
("GrassCornerRampTop_May_FR","160 104 32 20","seasonalslopes.png"),
("GrassCornerRamp_May_FR","160 124 32 32","seasonalslopes.png"),
("GrassCornerRampTop_May_BL","192 104 32 20","seasonalslopes.png"),
("GrassCornerRamp_May_BL","192 124 32 32","seasonalslopes.png"),
("GrassCornerRampTop_May_BR","224 104 32 20","seasonalslopes.png"),
("GrassCornerRamp_May_BR","224 124 32 32","seasonalslopes.png"),
("GrassCornerRampTop_June_FL","128 156 32 20","seasonalslopes.png"),
("GrassCornerRamp_June_FL","128 176 32 32","seasonalslopes.png"),
("GrassCornerRampTop_June_FR","160 156 32 20","seasonalslopes.png"),
("GrassCornerRamp_June_FR","160 176 32 32","seasonalslopes.png"),
("GrassCornerRampTop_June_BL","192 156 32 20","seasonalslopes.png"),
("GrassCornerRamp_June_BL","192 176 32 32","seasonalslopes.png"),
("GrassCornerRampTop_June_BR","224 156 32 20","seasonalslopes.png"),
("GrassCornerRamp_June_BR","224 176 32 32","seasonalslopes.png"),
("GrassCornerRampTop_Summer_FL","128 208 32 20","seasonalslopes.png"),
("GrassCornerRamp_Summer_FL","128 228 32 32","seasonalslopes.png"),
("GrassCornerRampTop_Summer_FR","160 208 32 20","seasonalslopes.png"),
("GrassCornerRamp_Summer_FR","160 228 32 32","seasonalslopes.png"),
("GrassCornerRampTop_Summer_BL","192 208 32 20","seasonalslopes.png"),
("GrassCornerRamp_Summer_BL","192 228 32 32","seasonalslopes.png"),
("GrassCornerRampTop_Summer_BR","224 208 32 20","seasonalslopes.png"),
("GrassCornerRamp_Summer_BR","224 228 32 32","seasonalslopes.png"),
("GrassCornerRampTop_August_FL","128 260 32 20","seasonalslopes.png"),
("GrassCornerRamp_August_FL","128 280 32 32","seasonalslopes.png"),
("GrassCornerRampTop_August_FR","160 260 32 20","seasonalslopes.png"),
("GrassCornerRamp_August_FR","160 280 32 32","seasonalslopes.png"),
("GrassCornerRampTop_August_BL","192 260 32 20","seasonalslopes.png"),
("GrassCornerRamp_August_BL","192 280 32 32","seasonalslopes.png"),
("GrassCornerRampTop_August_BR","224 260 32 20","seasonalslopes.png"),
("GrassCornerRamp_August_BR","224 280 32 32","seasonalslopes.png"),
("GrassCornerRampTop_September_FL","128 312 32 20","seasonalslopes.png"),
("GrassCornerRamp_September_FL","128 332 32 32","seasonalslopes.png"),
("GrassCornerRampTop_September_FR","160 312 32 20","seasonalslopes.png"),
("GrassCornerRamp_September_FR","160 332 32 32","seasonalslopes.png"),
("GrassCornerRampTop_September_BL","192 312 32 20","seasonalslopes.png"),
("GrassCornerRamp_September_BL","192 332 32 32","seasonalslopes.png"),
("GrassCornerRampTop_September_BR","224 312 32 20","seasonalslopes.png"),
("GrassCornerRamp_September_BR","224 332 32 32","seasonalslopes.png"),
("GrassCornerRampTop_Autumn_FL","128 364 32 20","seasonalslopes.png"),
("GrassCornerRamp_Autumn_FL","128 384 32 32","seasonalslopes.png"),
("GrassCornerRampTop_Autumn_FR","160 364 32 20","seasonalslopes.png"),
("GrassCornerRamp_Autumn_FR","160 384 32 32","seasonalslopes.png"),
("GrassCornerRampTop_Autumn_BL","192 364 32 20","seasonalslopes.png"),
("GrassCornerRamp_Autumn_BL","192 384 32 32","seasonalslopes.png"),
("GrassCornerRampTop_Autumn_BR","224 364 32 20","seasonalslopes.png"),
("GrassCornerRamp_Autumn_BR","224 384 32 32","seasonalslopes.png"),
("GrassCornerRampTop_November_FL","128 416 32 20","seasonalslopes.png"),
("GrassCornerRamp_November_FL","128 436 32 32","seasonalslopes.png"),
("GrassCornerRampTop_November_FR","160 416 32 20","seasonalslopes.png"),
("GrassCornerRamp_November_FR","160 436 32 32","seasonalslopes.png"),
("GrassCornerRampTop_November_BL","192 416 32 20","seasonalslopes.png"),
("GrassCornerRamp_November_BL","192 436 32 32","seasonalslopes.png"),
("GrassCornerRampTop_November_BR","224 416 32 20","seasonalslopes.png"),
("GrassCornerRamp_November_BR","224 436 32 32","seasonalslopes.png"),
("GrassCornerRampTop_December_FL","128 468 32 20","seasonalslopes.png"),
("GrassCornerRamp_December_FL","128 488 32 32","seasonalslopes.png"),
("GrassCornerRampTop_December_FR","160 468 32 20","seasonalslopes.png"),
("GrassCornerRamp_December_FR","160 488 32 32","seasonalslopes.png"),
("GrassCornerRampTop_December_BL","192 468 32 20","seasonalslopes.png"),
("GrassCornerRamp_December_BL","192 488 32 32","seasonalslopes.png"),
("GrassCornerRampTop_December_BR","224 468 32 20","seasonalslopes.png"),
("GrassCornerRamp_December_BR","224 488 32 32","seasonalslopes.png"),
("GrassCornerRampTop_Winter_FL","128 520 32 20","seasonalslopes.png"),
("GrassCornerRamp_Winter_FL","128 540 32 32","seasonalslopes.png"),
("GrassCornerRampTop_Winter_FR","160 520 32 20","seasonalslopes.png"),
("GrassCornerRamp_Winter_FR","160 540 32 32","seasonalslopes.png"),
("GrassCornerRampTop_Winter_BL","192 520 32 20","seasonalslopes.png"),
("GrassCornerRamp_Winter_BL","192 540 32 32","seasonalslopes.png"),
("GrassCornerRampTop_Winter_BR","224 520 32 20","seasonalslopes.png"),
("GrassCornerRamp_Winter_BR","224 540 32 32","seasonalslopes.png"),
("GrassCornerRampTop_February_FL","128 572 32 20","seasonalslopes.png"),
("GrassCornerRamp_February_FL","128 592 32 32","seasonalslopes.png"),
("GrassCornerRampTop_February_FR","160 572 32 20","seasonalslopes.png"),
("GrassCornerRamp_February_FR","160 592 32 32","seasonalslopes.png"),
("GrassCornerRampTop_February_BL","192 572 32 20","seasonalslopes.png"),
("GrassCornerRamp_February_BL","192 592 32 32","seasonalslopes.png"),
("GrassCornerRampTop_February_BR","224 572 32 20","seasonalslopes.png"),
("GrassCornerRamp_February_BR","224 592 32 32","seasonalslopes.png"),
("GrassURampTop_Spring_FR","256 0 32 20","seasonalslopes.png"),
("GrassURamp_Spring_FR","256 20 32 32","seasonalslopes.png"),
("GrassURampTop_Spring_FL","288 0 32 20","seasonalslopes.png"),
("GrassURamp_Spring_FL","288 20 32 32","seasonalslopes.png"),
("GrassURampTop_Spring_BL","256 0 32 20","seasonalslopes.png"),
("GrassURamp_Spring_BL","256 20 32 32","seasonalslopes.png"),
("GrassURampTop_Spring_BR","288 0 32 20","seasonalslopes.png"),
("GrassURamp_Spring_BR","288 20 32 32","seasonalslopes.png"),
("GrassURampTop_April_FL","256 52 32 20","seasonalslopes.png"),
("GrassURamp_April_FL","256 72 32 32","seasonalslopes.png"),
("GrassURampTop_April_FR","288 52 32 20","seasonalslopes.png"),
("GrassURamp_April_FR","288 72 32 32","seasonalslopes.png"),
("GrassURampTop_April_BR","256 52 32 20","seasonalslopes.png"),
("GrassURamp_April_BR","256 72 32 32","seasonalslopes.png"),
("GrassURampTop_April_BL","288 52 32 20","seasonalslopes.png"),
("GrassURamp_April_BL","288 72 32 32","seasonalslopes.png"),
("GrassURampTop_May_FL","256 104 32 20","seasonalslopes.png"),
("GrassURamp_May_FL","256 124 32 32","seasonalslopes.png"),
("GrassURampTop_May_FR","288 104 32 20","seasonalslopes.png"),
("GrassURamp_May_FR","288 124 32 32","seasonalslopes.png"),
("GrassURampTop_May_BR","256 104 32 20","seasonalslopes.png"),
("GrassURamp_May_BR","256 124 32 32","seasonalslopes.png"),
("GrassURampTop_May_BL","288 104 32 20","seasonalslopes.png"),
("GrassURamp_May_BL","288 124 32 32","seasonalslopes.png"),
("GrassURampTop_June_FL","256 156 32 20","seasonalslopes.png"),
("GrassURamp_June_FL","256 176 32 32","seasonalslopes.png"),
("GrassURampTop_June_FR","288 156 32 20","seasonalslopes.png"),
("GrassURamp_June_FR","288 176 32 32","seasonalslopes.png"),
("GrassURampTop_June_BR","256 156 32 20","seasonalslopes.png"),
("GrassURamp_June_BR","256 176 32 32","seasonalslopes.png"),
("GrassURampTop_June_BL","288 156 32 20","seasonalslopes.png"),
("GrassURamp_June_BL","288 176 32 32","seasonalslopes.png"),
("GrassURampTop_Summer_FR","256 208 32 20","seasonalslopes.png"),
("GrassURamp_Summer_FR","256 228 32 32","seasonalslopes.png"),
("GrassURampTop_Summer_FL","288 208 32 20","seasonalslopes.png"),
("GrassURamp_Summer_FL","288 228 32 32","seasonalslopes.png"),
("GrassURampTop_Summer_BL","256 208 32 20","seasonalslopes.png"),
("GrassURamp_Summer_BL","256 228 32 32","seasonalslopes.png"),
("GrassURampTop_Summer_BR","288 208 32 20","seasonalslopes.png"),
("GrassURamp_Summer_BR","288 228 32 32","seasonalslopes.png"),
("GrassURampTop_August_FL","256 260 32 20","seasonalslopes.png"),
("GrassURamp_August_FL","256 280 32 32","seasonalslopes.png"),
("GrassURampTop_August_FR","288 260 32 20","seasonalslopes.png"),
("GrassURamp_August_FR","288 280 32 32","seasonalslopes.png"),
("GrassURampTop_August_BR","256 260 32 20","seasonalslopes.png"),
("GrassURamp_August_BR","256 280 32 32","seasonalslopes.png"),
("GrassURampTop_August_BL","288 260 32 20","seasonalslopes.png"),
("GrassURamp_August_BL","288 280 32 32","seasonalslopes.png"),
("GrassURampTop_September_FL","256 312 32 20","seasonalslopes.png"),
("GrassURamp_September_FL","256 332 32 32","seasonalslopes.png"),
("GrassURampTop_September_FR","288 312 32 20","seasonalslopes.png"),
("GrassURamp_September_FR","288 332 32 32","seasonalslopes.png"),
("GrassURampTop_September_BR","256 312 32 20","seasonalslopes.png"),
("GrassURamp_September_BR","256 332 32 32","seasonalslopes.png"),
("GrassURampTop_September_BL","288 312 32 20","seasonalslopes.png"),
("GrassURamp_September_BL","288 332 32 32","seasonalslopes.png"),
("GrassURampTop_Autumn_FR","256 364 32 20","seasonalslopes.png"),
("GrassURamp_Autumn_FR","256 384 32 32","seasonalslopes.png"),
("GrassURampTop_Autumn_FL","288 364 32 20","seasonalslopes.png"),
("GrassURamp_Autumn_FL","288 384 32 32","seasonalslopes.png"),
("GrassURampTop_Autumn_BL","256 364 32 20","seasonalslopes.png"),
("GrassURamp_Autumn_BL","256 384 32 32","seasonalslopes.png"),
("GrassURampTop_Autumn_BR","288 364 32 20","seasonalslopes.png"),
("GrassURamp_Autumn_BR","288 384 32 32","seasonalslopes.png"),
("GrassURampTop_November_FL","256 416 32 20","seasonalslopes.png"),
("GrassURamp_November_FL","256 436 32 32","seasonalslopes.png"),
("GrassURampTop_November_FR","288 416 32 20","seasonalslopes.png"),
("GrassURamp_November_FR","288 436 32 32","seasonalslopes.png"),
("GrassURampTop_November_BR","256 416 32 20","seasonalslopes.png"),
("GrassURamp_November_BR","256 436 32 32","seasonalslopes.png"),
("GrassURampTop_November_BL","288 416 32 20","seasonalslopes.png"),
("GrassURamp_November_BL","288 436 32 32","seasonalslopes.png"),
("GrassURampTop_December_FL","256 468 32 20","seasonalslopes.png"),
("GrassURamp_December_FL","256 488 32 32","seasonalslopes.png"),
("GrassURampTop_December_FR","288 468 32 20","seasonalslopes.png"),
("GrassURamp_December_FR","288 488 32 32","seasonalslopes.png"),
("GrassURampTop_December_BR","256 468 32 20","seasonalslopes.png"),
("GrassURamp_December_BR","256 488 32 32","seasonalslopes.png"),
("GrassURampTop_December_BL","288 468 32 20","seasonalslopes.png"),
("GrassURamp_December_BL","288 488 32 32","seasonalslopes.png"),
("GrassURampTop_Winter_FR","256 520 32 20","seasonalslopes.png"),
("GrassURamp_Winter_FR","256 540 32 32","seasonalslopes.png"),
("GrassURampTop_Winter_FL","288 520 32 20","seasonalslopes.png"),
("GrassURamp_Winter_FL","288 540 32 32","seasonalslopes.png"),
("GrassURampTop_Winter_BL","256 520 32 20","seasonalslopes.png"),
("GrassURamp_Winter_BL","256 540 32 32","seasonalslopes.png"),
("GrassURampTop_Winter_BR","288 520 32 20","seasonalslopes.png"),
("GrassURamp_Winter_BR","288 540 32 32","seasonalslopes.png"),
("GrassURampTop_February_FL","256 572 32 20","seasonalslopes.png"),
("GrassURamp_February_FL","256 592 32 32","seasonalslopes.png"),
("GrassURampTop_February_FR","288 572 32 20","seasonalslopes.png"),
("GrassURamp_February_FR","288 592 32 32","seasonalslopes.png"),
("GrassURampTop_February_BR","256 572 32 20","seasonalslopes.png"),
("GrassURamp_February_BR","256 592 32 32","seasonalslopes.png"),
("GrassURampTop_February_BL","288 572 32 20","seasonalslopes.png"),
("GrassURamp_February_BL","288 592 32 32","seasonalslopes.png"),
("Pentagram1","0 0 32 20","magic.png"),
("Pentagram2","32 0 32 20","magic.png"),
("Pentagram3","0 0 32 20","magic.png"),
("Pentagram4","32 0 32 20","magic.png"),
("SparkleFrame1","96 40 32 32","magic.png"),
("SparkleFrame2","128 40 32 32","magic.png"),
("SparkleFrame3","160 40 32 32","magic.png"),
("SparkleFrame4","192 40 32 32","magic.png"),
("MushroomGrass1","0 0 32 20","Mushroom_Biome_Grass.png"),
("MushroomGrass2","32 0 32 20","Mushroom_Biome_Grass.png"),
("MushroomGrass3","64 0 32 20","Mushroom_Biome_Grass.png"),
("MushroomGrass4","96 0 32 20","Mushroom_Biome_Grass.png"),
("MushroomGrass5","128 0 32 20","Mushroom_Biome_Grass.png"),
("MushroomGrassDetail1","0 32 32 20","Mushroom_Biome_Grass.png"),
("MushroomGrassDetail2","32 32 32 20","Mushroom_Biome_Grass.png"),
("MushroomGrassDetail3","64 32 32 20","Mushroom_Biome_Grass.png"),
("MushroomGrassDetail4","96 32 32 20","Mushroom_Biome_Grass.png"),
("MushroomGrassDetail5","128 32 32 20","Mushroom_Biome_Grass.png"),
("CrystalPole","64 160 32 32","Mushroom_Biome_Grass.png"),
("CrystalShroom","96 160 32 32","Mushroom_Biome_Grass.png"),
("CrystalSnakeFR","0 160 32 32","Mushroom_Biome_Grass.png"),
("CrystalSnakeBL","32 160 32 32","Mushroom_Biome_Grass.png"),
("MushroomGrassRampTop_1_FL","0 0 32 20","Mushroom_Biome_Slopes.png"),
("MushroomGrassRamp_1_FL","0 20 32 32","Mushroom_Biome_Slopes.png"),
("MushroomGrassRampTop_1_FR","32 0 32 20","Mushroom_Biome_Slopes.png"),
("MushroomGrassRamp_1_FR","32 20 32 32","Mushroom_Biome_Slopes.png"),
("MushroomGrassRampTop_1_BL","64 0 32 20","Mushroom_Biome_Slopes.png"),
("MushroomGrassRamp_1_BL","64 20 32 32","Mushroom_Biome_Slopes.png"),
("MushroomGrassRampTop_1_BR","96 0 32 20","Mushroom_Biome_Slopes.png"),
("MushroomGrassRamp_1_BR","96 20 32 32","Mushroom_Biome_Slopes.png"),
("MushroomGrassCornerRampTop_1_FL","128 0 32 20","Mushroom_Biome_Slopes.png"),
("MushroomGrassCornerRamp_1_FL","128 20 32 32","Mushroom_Biome_Slopes.png"),
("MushroomGrassCornerRampTop_1_FR","160 0 32 20","Mushroom_Biome_Slopes.png"),
("MushroomGrassCornerRamp_1_FR","160 20 32 32","Mushroom_Biome_Slopes.png"),
("MushroomGrassCornerRampTop_1_BL","192 0 32 20","Mushroom_Biome_Slopes.png"),
("MushroomGrassCornerRamp_1_BL","192 20 32 32","Mushroom_Biome_Slopes.png"),
("MushroomGrassCornerRampTop_1_BR","224 0 32 20","Mushroom_Biome_Slopes.png"),
("MushroomGrassCornerRamp_1_BR","224 20 32 32","Mushroom_Biome_Slopes.png"),
("MushroomGrassURampTop_1_FR","256 0 32 20","Mushroom_Biome_Slopes.png"),
("MushroomGrassURamp_1_FR","256 20 32 32","Mushroom_Biome_Slopes.png"),
("MushroomGrassURampTop_1_FL","288 0 32 20","Mushroom_Biome_Slopes.png"),
("MushroomGrassURamp_1_FL","288 20 32 32","Mushroom_Biome_Slopes.png"),
("MushroomGrassRampTop_2_FL","0 52 32 20","Mushroom_Biome_Slopes.png"),
("MushroomGrassRamp_2_FL","0 72 32 32","Mushroom_Biome_Slopes.png"),
("MushroomGrassRampTop_2_FR","32 52 32 20","Mushroom_Biome_Slopes.png"),
("MushroomGrassRamp_2_FR","32 72 32 32","Mushroom_Biome_Slopes.png"),
("MushroomGrassRampTop_2_BL","64 52 32 20","Mushroom_Biome_Slopes.png"),
("MushroomGrassRamp_2_BL","64 72 32 32","Mushroom_Biome_Slopes.png"),
("MushroomGrassRampTop_2_BR","96 52 32 20","Mushroom_Biome_Slopes.png"),
("MushroomGrassRamp_2_BR","96 72 32 32","Mushroom_Biome_Slopes.png"),
("MushroomGrassCornerRampTop_2_FL","128 52 32 20","Mushroom_Biome_Slopes.png"),
("MushroomGrassCornerRamp_2_FL","128 72 32 32","Mushroom_Biome_Slopes.png"),
("MushroomGrassCornerRampTop_2_FR","160 52 32 20","Mushroom_Biome_Slopes.png"),
("MushroomGrassCornerRamp_2_FR","160 72 32 32","Mushroom_Biome_Slopes.png"),
("MushroomGrassCornerRampTop_2_BL","192 52 32 20","Mushroom_Biome_Slopes.png"),
("MushroomGrassCornerRamp_2_BL","192 72 32 32","Mushroom_Biome_Slopes.png"),
("MushroomGrassCornerRampTop_2_BR","224 52 32 20","Mushroom_Biome_Slopes.png"),
("MushroomGrassCornerRamp_2_BR","224 72 32 32","Mushroom_Biome_Slopes.png"),
("MushroomGrassURampTop_2_FR","256 52 32 20","Mushroom_Biome_Slopes.png"),
("MushroomGrassURamp_2_FR","256 72 32 32","Mushroom_Biome_Slopes.png"),
("MushroomGrassURampTop_2_FL","288 52 32 20","Mushroom_Biome_Slopes.png"),
("MushroomGrassURamp_2_FL","288 72 32 32","Mushroom_Biome_Slopes.png"),
("MushroomGrassRampTop_3_FL","0 104 32 20","Mushroom_Biome_Slopes.png"),
("MushroomGrassRamp_3_FL","0 124 32 32","Mushroom_Biome_Slopes.png"),
("MushroomGrassRampTop_3_FR","32 104 32 20","Mushroom_Biome_Slopes.png"),
("MushroomGrassRamp_3_FR","32 124 32 32","Mushroom_Biome_Slopes.png"),
("MushroomGrassRampTop_3_BL","64 104 32 20","Mushroom_Biome_Slopes.png"),
("MushroomGrassRamp_3_BL","64 124 32 32","Mushroom_Biome_Slopes.png"),
("MushroomGrassRampTop_3_BR","96 104 32 20","Mushroom_Biome_Slopes.png"),
("MushroomGrassRamp_3_BR","96 124 32 32","Mushroom_Biome_Slopes.png"),
("MushroomGrassCornerRampTop_3_FL","128 104 32 20","Mushroom_Biome_Slopes.png"),
("MushroomGrassCornerRamp_3_FL","128 124 32 32","Mushroom_Biome_Slopes.png"),
("MushroomGrassCornerRampTop_3_FR","160 104 32 20","Mushroom_Biome_Slopes.png"),
("MushroomGrassCornerRamp_3_FR","160 124 32 32","Mushroom_Biome_Slopes.png"),
("MushroomGrassCornerRampTop_3_BL","192 104 32 20","Mushroom_Biome_Slopes.png"),
("MushroomGrassCornerRamp_3_BL","192 124 32 32","Mushroom_Biome_Slopes.png"),
("MushroomGrassCornerRampTop_3_BR","224 104 32 20","Mushroom_Biome_Slopes.png"),
("MushroomGrassCornerRamp_3_BR","224 124 32 32","Mushroom_Biome_Slopes.png"),
("MushroomGrassURampTop_3_FR","256 104 32 20","Mushroom_Biome_Slopes.png"),
("MushroomGrassURamp_3_FR","256 124 32 32","Mushroom_Biome_Slopes.png"),
("MushroomGrassURampTop_3_FL","288 104 32 20","Mushroom_Biome_Slopes.png"),
("MushroomGrassURamp_3_FL","288 124 32 32","Mushroom_Biome_Slopes.png"),
("MushroomGrassRampTop_4_FL","0 156 32 20","Mushroom_Biome_Slopes.png"),
("MushroomGrassRamp_4_FL","0 176 32 32","Mushroom_Biome_Slopes.png"),
("MushroomGrassRampTop_4_FR","32 156 32 20","Mushroom_Biome_Slopes.png"),
("MushroomGrassRamp_4_FR","32 176 32 32","Mushroom_Biome_Slopes.png"),
("MushroomGrassRampTop_4_BL","64 156 32 20","Mushroom_Biome_Slopes.png"),
("MushroomGrassRamp_4_BL","64 176 32 32","Mushroom_Biome_Slopes.png"),
("MushroomGrassRampTop_4_BR","96 156 32 20","Mushroom_Biome_Slopes.png"),
("MushroomGrassRamp_4_BR","96 176 32 32","Mushroom_Biome_Slopes.png"),
("MushroomGrassCornerRampTop_4_FL","128 156 32 20","Mushroom_Biome_Slopes.png"),
("MushroomGrassCornerRamp_4_FL","128 176 32 32","Mushroom_Biome_Slopes.png"),
("MushroomGrassCornerRampTop_4_FR","160 156 32 20","Mushroom_Biome_Slopes.png"),
("MushroomGrassCornerRamp_4_FR","160 176 32 32","Mushroom_Biome_Slopes.png"),
("MushroomGrassCornerRampTop_4_BL","192 156 32 20","Mushroom_Biome_Slopes.png"),
("MushroomGrassCornerRamp_4_BL","192 176 32 32","Mushroom_Biome_Slopes.png"),
("MushroomGrassCornerRampTop_4_BR","224 156 32 20","Mushroom_Biome_Slopes.png"),
("MushroomGrassCornerRamp_4_BR","224 176 32 32","Mushroom_Biome_Slopes.png"),
("MushroomGrassURampTop_4_FR","256 156 32 20","Mushroom_Biome_Slopes.png"),
("MushroomGrassURamp_4_FR","256 176 32 32","Mushroom_Biome_Slopes.png"),
("MushroomGrassURampTop_4_FL","288 156 32 20","Mushroom_Biome_Slopes.png"),
("MushroomGrassURamp_4_FL","288 176 32 32","Mushroom_Biome_Slopes.png"),
("MushroomGrassRampTop_5_FL","0 208 32 20","Mushroom_Biome_Slopes.png"),
("MushroomGrassRamp_5_FL","0 228 32 32","Mushroom_Biome_Slopes.png"),
("MushroomGrassRampTop_5_FR","32 208 32 20","Mushroom_Biome_Slopes.png"),
("MushroomGrassRamp_5_FR","32 228 32 32","Mushroom_Biome_Slopes.png"),
("MushroomGrassRampTop_5_BL","64 208 32 20","Mushroom_Biome_Slopes.png"),
("MushroomGrassRamp_5_BL","64 228 32 32","Mushroom_Biome_Slopes.png"),
("MushroomGrassRampTop_5_BR","96 208 32 20","Mushroom_Biome_Slopes.png"),
("MushroomGrassRamp_5_BR","96 228 32 32","Mushroom_Biome_Slopes.png"),
("MushroomGrassCornerRampTop_5_FL","128 208 32 20","Mushroom_Biome_Slopes.png"),
("MushroomGrassCornerRamp_5_FL","128 228 32 32","Mushroom_Biome_Slopes.png"),
("MushroomGrassCornerRampTop_5_FR","160 208 32 20","Mushroom_Biome_Slopes.png"),
("MushroomGrassCornerRamp_5_FR","160 228 32 32","Mushroom_Biome_Slopes.png"),
("MushroomGrassCornerRampTop_5_BL","192 208 32 20","Mushroom_Biome_Slopes.png"),
("MushroomGrassCornerRamp_5_BL","192 228 32 32","Mushroom_Biome_Slopes.png"),
("MushroomGrassCornerRampTop_5_BR","224 208 32 20","Mushroom_Biome_Slopes.png"),
("MushroomGrassCornerRamp_5_BR","224 228 32 32","Mushroom_Biome_Slopes.png"),
("MushroomGrassURampTop_5_FR","256 208 32 20","Mushroom_Biome_Slopes.png"),
("MushroomGrassURamp_5_FR","256 228 32 32","Mushroom_Biome_Slopes.png"),
("MushroomGrassURampTop_5_FL","288 208 32 20","Mushroom_Biome_Slopes.png"),
("MushroomGrassURamp_5_FL","288 228 32 32","Mushroom_Biome_Slopes.png"),
("Mushroom1_1","0 64 32 32","mushrooms.png"),
("Mushroom1_2","32 64 32 32","mushrooms.png"),
("Mushroom1_3","64 64 32 32","mushrooms.png"),
("Mushroom1_4","96 64 32 32","mushrooms.png"),
("Mushroom2_1","0 32 32 32","mushrooms.png"),
("Mushroom2_2","32 32 32 32","mushrooms.png"),
("Mushroom2_3","64 32 32 32","mushrooms.png"),
("Mushroom2_4","96 32 32 32","mushrooms.png"),
("Mushroom2_5","128 32 32 32","mushrooms.png"),
("Mushroom2_6","160 32 32 32","mushrooms.png"),
("Mushroom2_7","192 32 32 32","mushrooms.png"),
("Mushroom2_8","224 32 32 32","mushrooms.png"),
("Mushroom2_9","256 32 32 32","mushrooms.png"),
("Mushroom2_10","288 32 32 32","mushrooms.png"),
("Mushroom2_11","320 32 32 32","mushrooms.png"),
("Mushroom2_12","352 32 32 32","mushrooms.png"),
("Mushroom2_13","384 32 32 32","mushrooms.png"),
("Mushroom2_14","416 32 32 32","mushrooms.png"),
("Mushroom2_15","448 32 32 32","mushrooms.png"),
("Mushroom2_16","480 32 32 32","mushrooms.png"),
("Mushroom2_17","512 32 32 32","mushrooms.png"),
("Mushroom2_18","544 32 32 32","mushrooms.png"),
("Mushroom2_19","576 32 32 32","mushrooms.png"),
("Mushroom2_20","608 32 32 32","mushrooms.png"),
("Mushroom2_21","640 32 32 32","mushrooms.png"),
("Mushroom2_22","672 32 32 32","mushrooms.png"),
("Mushroom2_23","704 32 32 32","mushrooms.png"),
("Mushroom2_24","736 32 32 32","mushrooms.png"),
("Mushroom2_25","768 32 32 32","mushrooms.png"),
("Mushroom2_26","800 32 32 32","mushrooms.png"),
("Mushroom2_27","832 32 32 32","mushrooms.png"),
("Mushroom2_28","864 32 32 32","mushrooms.png"),
("Mushroom2_29","896 32 32 32","mushrooms.png"),
("Mushroom2_30","928 32 32 32","mushrooms.png"),
("Mushroom2_31","960 32 32 32","mushrooms.png"),
("Mushroom2_32","992 32 32 32","mushrooms.png"),
("Mushroom2_33","1024 32 32 32","mushrooms.png"),
("Mushroom2_34","1056 32 32 32","mushrooms.png"),
("ZygYoungBlueFR","0 0 32 32","Mushroom_Biome_Zygs.png"),
("ZygYoungBlueBL","0 32 32 32","Mushroom_Biome_Zygs.png"),
("ZygYoungRedFR","0 64 32 32","Mushroom_Biome_Zygs.png"),
("ZygYoungRedBL","0 96 32 32","Mushroom_Biome_Zygs.png"),
("ZygYouthBlueFR","0 128 32 32","Mushroom_Biome_Zygs.png"),
("ZygYouthBlueBL","0 160 32 32","Mushroom_Biome_Zygs.png"),
("ZygYouthRedFR","0 192 32 32","Mushroom_Biome_Zygs.png"),
("ZygYouthRedBL","0 224 32 32","Mushroom_Biome_Zygs.png"),
("ZygAdultBlueFR","0 256 32 32","Mushroom_Biome_Zygs.png"),
("ZygAdultBlueBL","0 288 32 32","Mushroom_Biome_Zygs.png"),
("ZygAdultRedFR","0 320 32 32","Mushroom_Biome_Zygs.png"),
("ZygAdultRedBL","0 352 32 32","Mushroom_Biome_Zygs.png"),
("ZygSeniorBlueFR","0 384 32 32","Mushroom_Biome_Zygs.png"),
("ZygSeniorBlueBL","0 416 32 32","Mushroom_Biome_Zygs.png"),
("ZySeniorRedFR","0 448 32 32","Mushroom_Biome_Zygs.png"),
("ZygSeniorRedFL","0 480 32 32","Mushroom_Biome_Zygs.png");

CREATE TABLE IF NOT EXISTS ConstructionTypes ( 
ID VARCHAR(30) NULL  );

INSERT INTO ConstructionTypes VALUES 
("Wall"),
("FancyWall"),
("Fence"),
("Floor"),
("FancyFloor"),
("WallFloor"),
("Stairs"),
("Ramp"),
("RampCorner"),
("Scaffold");

CREATE TABLE IF NOT EXISTS Constructions ( 
ID VARCHAR(30) NULL ,
NoConstruction BOOLEAN NULL,
Rotation BOOLEAN NULL,
Type_ VARCHAR(30) NULL  );

INSERT INTO Constructions VALUES 
("SoilStairs",false,true,"Stairs"),
("StoneStairs",false,true,"Stairs"),
("SoilRamp",false,true,"Ramp"),
("StoneRamp",false,true,"Ramp"),
("Scaffold",false,false,"Scaffold"),
("Palisade",false,false,"Wall"),
("StoneWall",true,false,"Wall"),
("SoilWallFloor",true,false,"WallFloor"),
("StoneWallFloor",true,false,"WallFloor"),
("PlankWallFloor",true,false,"WallFloor"),
("BlockWall",false,false,"Wall"),
("BrickWall",false,false,"Wall"),
("PlankWall",false,false,"Wall"),
("PlankFloor",false,false,"Floor"),
("SoilWall",true,false,"Wall"),
("LogWall",false,false,"Wall"),
("ThatchWall",false,false,"Wall"),
("ThatchFloor",false,false,"Floor"),
("ThatchRamp",false,false,"Ramp"),
("Roof",false,false,"Ramp"),
("SoilCornerRamp",false,false,"RampCorner"),
("StoneCornerRamp",false,false,"RampCorner"),
("ThatchCornerRamp",false,false,"RampCorner"),
("BlockFloor",false,false,"Floor"),
("StoneFloor",true,false,"Floor"),
("BrickFloor",false,false,"Floor"),
("SoilFloor",true,false,"Floor"),
("LogFloor",false,false,"Floor"),
("FancyWall1",false,false,"FancyWall"),
("FancyWall2",false,false,"FancyWall"),
("FancyWall3",false,false,"FancyWall"),
("FancyWall4",false,false,"FancyWall"),
("FancyWall5",false,false,"FancyWall"),
("FancyWall6",false,false,"FancyWall"),
("FancyFloor1",false,false,"FancyFloor"),
("FancyFloor2",false,false,"FancyFloor"),
("FancyFloor3",false,false,"FancyFloor"),
("FancyFloor4",false,false,"FancyFloor"),
("FancyFloor5",false,false,"FancyFloor"),
("FancyFloor6",false,false,"FancyFloor"),
("BlockFence",false,false,"Fence"),
("CobbleStoneFence",false,false,"Fence"),
("WoodFence",false,false,"Fence");

CREATE TABLE IF NOT EXISTS Constructions_Components ( 
ParentID VARCHAR(30) NULL ,
Amount DOUBLE NULL,
ItemID VARCHAR(30) NULL ,
MaterialTypes VARCHAR(50) NULL,
Materials VARCHAR(50) NULL );

INSERT INTO Constructions_Components VALUES 
("SoilStairs",0.0,"RawSoil","none","none"),
("StoneStairs",0.0,"RawStone","none","none"),
("SoilRamp",0.0,"RawSoil","none","none"),
("StoneRamp",0.0,"RawStone","none","none"),
("Scaffold",2,"Plank","none","none"),
("Palisade",4,"RawWood","none","none"),
("StoneWall",0.0,"RawStone","none","none"),
("SoilWallFloor",2,"RawSoil","none","none"),
("StoneWallFloor",2,"RawStone","none","none"),
("PlankWallFloor",2,"Plank","none","none"),
("BlockWall",0.0,"Block","Stone","none"),
("BrickWall",0.0,"Brick","none","Clay|Sand"),
("PlankWall",0.0,"Plank","Wood","none"),
("PlankFloor",0.0,"Plank","Wood","none"),
("SoilWall",0.0,"RawSoil","none","none"),
("LogWall",0.0,"RawWood","none","none"),
("ThatchWall",4,"Straw","none","none"),
("ThatchFloor",4,"Straw","none","none"),
("ThatchRamp",4,"Straw","none","none"),
("Roof",1,"Plank","none","none"),
("Roof",2,"Block","none","none"),
("SoilCornerRamp",1,"RawSoil","none","none"),
("StoneCornerRamp",1,"RawStone","none","none"),
("ThatchCornerRamp",4,"Straw","none","none"),
("BlockFloor",0.0,"Block","Stone","none"),
("StoneFloor",0.0,"RawStone","none","none"),
("BrickFloor",0.0,"Brick","Brick","none"),
("SoilFloor",0.0,"RawSoil","none","none"),
("LogFloor",0.0,"RawWood","none","none"),
("FancyWall1",0.0,"Block","Stone","none"),
("FancyWall2",0.0,"Block","Stone","none"),
("FancyWall3",0.0,"Block","Stone","none"),
("FancyWall4",0.0,"Block","Stone","none"),
("FancyWall5",0.0,"Block","Stone","none"),
("FancyWall6",0.0,"Block","Stone","none"),
("FancyFloor1",0.0,"Block","Stone","none"),
("FancyFloor2",0.0,"Block","Stone","none"),
("FancyFloor3",0.0,"Block","Stone","none"),
("FancyFloor4",0.0,"Block","Stone","none"),
("FancyFloor5",0.0,"Block","Stone","none"),
("FancyFloor6",0.0,"Block","Stone","none"),
("BlockFence",0.0,"Block","none","none"),
("CobbleStoneFence",0.0,"RawStone","none","none"),
("WoodFence",0.0,"Plank","none","none");

CREATE TABLE IF NOT EXISTS Constructions_Sprites ( 
ParentID VARCHAR(30) NULL ,
Offset_ VARCHAR(11) NULL,
SpriteID VARCHAR(30) NULL ,
SpriteIDOverride VARCHAR(30) NULL ,
Type_ VARCHAR(30) NULL  );

INSERT INTO Constructions_Sprites VALUES 
("SoilStairs","0 0 0","Stairs","none","StairsBottom"),
("SoilStairs","0 0 1","StairsTop","none","StairsTop"),
("StoneStairs","0 0 0","Stairs","none","StairsBottom"),
("StoneStairs","0 0 1","StairsTop","none","StairsTop"),
("SoilRamp","0 0 0","Ramp","none","RampBottom"),
("SoilRamp","0 0 1","RampTop","none","RampTop"),
("StoneRamp","0 0 0","Ramp","none","RampBottom"),
("StoneRamp","0 0 1","RampTop","none","RampTop"),
("Scaffold","0 0 0","Scaffold","none","Wall"),
("Scaffold","0 0 1","ScaffoldFloor","none","Floor"),
("Palisade","0 0 0","Palisade","none","Wall"),
("Palisade","0 0 1","PalisadeTop","none","Wall"),
("StoneWall","0 0 0","RoughStoneWall","RoughStoneWall","Wall"),
("SoilWallFloor","0 0 0","RoughWall","none","Wall"),
("SoilWallFloor","0 0 1","RoughFloor","none","Floor"),
("StoneWallFloor","0 0 0","RoughStoneWall","none","Wall"),
("StoneWallFloor","0 0 1","RoughStoneFloor","none","Floor"),
("PlankWallFloor","0 0 0","PlankWall","none","Wall"),
("PlankWallFloor","0 0 1","PlankFloor","none","Floor"),
("BlockWall","0 0 0","BlockWall","none","Wall"),
("BrickWall","0 0 0","CeramicWall","none","Wall"),
("PlankWall","0 0 0","PlankWall","none","Wall"),
("PlankFloor","0 0 0","PlankFloor","none","Floor"),
("SoilWall","0 0 0","RoughWall","none","Wall"),
("LogWall","0 0 0","LogWall","none","Wall"),
("ThatchWall","0 0 0","ThatchWall","none","Wall"),
("ThatchFloor","0 0 0","ThatchFloor","none","Floor"),
("ThatchRamp","0 0 0","ThatchRamp","none","RampBottom"),
("ThatchRamp","0 0 1","ThatchRampTop","none","RampTop"),
("Roof","0 0 0","CombinedRoof","none","RampBottom"),
("SoilCornerRamp","0 0 0","OuterCornerRamp","none","Wall"),
("StoneCornerRamp","0 0 0","OuterCornerRamp","none","Wall"),
("ThatchCornerRamp","0 0 0","OuterCornerRamp","none","Wall"),
("BlockFloor","0 0 0","BlockFloor100","none","Floor"),
("StoneFloor","0 0 0","RoughStoneFloor","none","Floor"),
("BrickFloor","0 0 0","CeramicFloor","none","Floor"),
("SoilFloor","0 0 0","RoughFloor","none","Floor"),
("LogFloor","0 0 0","LogFloor","none","Floor"),
("FancyWall1","0 0 0","StarEngravedBlockWall","none","Wall"),
("FancyWall2","0 0 0","SpiralEngravedBlockWall","none","Wall"),
("FancyWall3","0 0 0","MoonEngravedBlockWall","none","Wall"),
("FancyWall4","0 0 0","WaterEngravedBlockWall","none","Wall"),
("FancyWall5","0 0 0","EngravedBlockWall","none","Wall"),
("FancyWall6","0 0 0","CarvedStoneWall","none","Wall"),
("FancyFloor1","0 0 0","StarEngravedBlockFloor","none","Floor"),
("FancyFloor2","0 0 0","SpiralEngravedBlockFloor","none","Floor"),
("FancyFloor3","0 0 0","MoonEngravedBlockFloor","none","Floor"),
("FancyFloor4","0 0 0","WaterEngravedBlockFloor","none","Floor"),
("FancyFloor5","0 0 0","EngravedBlockFloor","none","Floor"),
("FancyFloor6","0 0 0","CarvedStoneFloor","none","Floor"),
("BlockFence","0 0 0","BlockFence","none","WallSeeThrough"),
("CobbleStoneFence","0 0 0","CobbleStoneFence","none","WallSeeThrough"),
("WoodFence","0 0 0","WoodFence","none","WallSeeThrough");

CREATE TABLE IF NOT EXISTS Constructions_IntermediateSprites ( 
ParentID VARCHAR(30) NULL ,
Offset_ VARCHAR(11) NULL,
Percent DOUBLE NULL,
SpriteID VARCHAR(30) NULL ,
Type_ VARCHAR(30) NULL  );

INSERT INTO Constructions_IntermediateSprites VALUES 
("BlockWall","0 0 0",98,"BlockWall100","Wall"),
("BlockWall","0 0 0",75,"BlockWall75","Wall"),
("BlockWall","0 0 0",50,"BlockWall50","Wall"),
("BlockWall","0 0 0",25,"BlockWall25","Wall"),
("BlockFloor","0 0 0",75,"BlockFloor75","Floor"),
("BlockFloor","0 0 0",50,"BlockFloor50","Floor"),
("BlockFloor","0 0 0",25,"BlockFloor25","Floor");

CREATE TABLE IF NOT EXISTS Containers ( 
ID VARCHAR(30) NULL ,
AllowedItems VARCHAR(50) NULL,
Buildable BOOLEAN NULL,
Capacity DOUBLE NULL,
RequireSame BOOLEAN NULL,
Type_ VARCHAR(30) NULL  );

INSERT INTO Containers VALUES 
("Crate","RawWood|Plank|Fruit|Meat|Egg|Bread|Bone",true,50,false,"none"),
("Barrel","Milk|Wine|Beer|Tea",true,50,true,"Storage"),
("Bucket","Milk|Wine|Beer|Tea",false,10,true,"none"),
("Bag","Seed|Grain|Cone",true,65,true,"none"),
("Sack","Grain|Seed|Cone",false,10,true,"none"),
("Wheelbarrow","RawStone|RawSoil|RawWood|Fruit",false,15,true,"none");

CREATE TABLE IF NOT EXISTS Containers_Tiles ( 
ParentID VARCHAR(30) NULL ,
Construction BOOLEAN NULL,
Job BOOLEAN NULL,
Offset_ VARCHAR(11) NULL,
SpriteID VARCHAR(30) NULL ,
Stockpile BOOLEAN NULL );

INSERT INTO Containers_Tiles VALUES 
("Crate",false,false,"0 0 0","Crate",true),
("Barrel",false,false,"0 0 0","Barrel",true),
("Bucket",false,false,"0 0 0","Bucket",false),
("Bag",false,false,"0 0 0","Bag",true),
("Sack",false,false,"0 0 0","Sack",false),
("Wheelbarrow",false,false,"0 0 0","Wheelbarrow",false);

CREATE TABLE IF NOT EXISTS Containers_Components ( 
ParentID VARCHAR(30) NULL ,
ItemID VARCHAR(30) NULL  );

INSERT INTO Containers_Components VALUES 
("Crate","Crate"),
("Barrel","Barrel"),
("Bucket","Bucket"),
("Bag","Bag"),
("Sack","Sack"),
("Wheelbarrow","Wheelbarrow");

CREATE TABLE IF NOT EXISTS Crafts ( 
ID VARCHAR(30) NULL ,
AllowedMaterial VARCHAR(50) NULL,
AllowedMaterialType VARCHAR(50) NULL,
Amount DOUBLE NULL,
BlueprintID VARCHAR(30) NULL ,
ConversionMaterial VARCHAR(30) NULL ,
ItemID VARCHAR(30) NULL ,
MaterialItems VARCHAR(50) NULL,
ProductionTime DOUBLE NULL,
ResultMaterial VARCHAR(50) NULL,
ResultMaterialTypes VARCHAR(50) NULL,
SkillID VARCHAR(30) NULL  );

INSERT INTO Crafts VALUES 
("Plank","none","none",0.0,"none","none","Plank","none",5,"none","Wood","Carpentry"),
("Stick","none","none",0.0,"none","none","Stick","none",30,"none","Wood","Carpentry"),
("Haft","none","none",0.0,"none","none","Haft","none",50,"none","Wood","Carpentry"),
("Hilt","none","none",0.0,"none","none","Hilt","none",50,"none","Wood","Carpentry"),
("Knife","none","none",0.0,"none","none","Knife","none",50,"none","Stone|Metal","Carpentry"),
("StoneChair","none","none",0.0,"none","none","Chair","none",50,"none","Stone","Masonry"),
("WoodTable","none","none",0.0,"none","none","Table","none",60,"none","Wood","Carpentry"),
("WoodChair","none","none",0.0,"none","none","Chair","none",60,"none","Wood","Carpentry"),
("StoneTable","none","none",0.0,"none","none","Table","none",60,"none","Stone","Masonry"),
("Workbench","none","none",0.0,"none","none","Workbench","none",50,"none","Wood","Carpentry"),
("Crate","none","none",0.0,"none","none","Crate","none",50,"none","Wood","Carpentry"),
("Barrel","none","none",0.0,"none","none","Barrel","none",50,"none","Wood","Carpentry"),
("Chisel","none","none",0.0,"none","none","Chisel","none",50,"none","Stone","Masonry"),
("StoneSawblade","none","none",0.0,"none","none","Sawblade","none",50,"none","Stone","Masonry"),
("KnifeBlade","none","none",0.0,"none","none","KnifeBlade","none",50,"none","Stone","Masonry"),
("Block","none","none",0.0,"none","none","Block","none",100,"none","Stone","Masonry"),
("Bread","none","none",0.0,"none","none","Bread","none",20,"none","Grain","Cooking"),
("Beer","none","none",0.0,"none","none","Beer","none",20,"none","Grain","Brewing"),
("Wine","none","none",0.0,"none","none","Wine","none",20,"none","Berries","Brewing"),
("FruitWine","none","none",0.0,"none","none","Wine","none",20,"none","Fruit","Brewing"),
("DyedTable","none","none",0.0,"none","$Dye","Table","none",20,"none","Wood","Dying"),
("DyedPlank","none","none",0.0,"none","$Dye","Plank","none",20,"none","Wood","Dying"),
("RedDye","none","none",0.0,"none","Red","Dye","none",20,"none","Dye","Dying"),
("GreenDye","none","none",0.0,"none","Green","Dye","none",20,"none","Dye","Dying"),
("BlueDye","none","none",0.0,"none","Blue","Dye","none",20,"none","Dye","Dying"),
("YellowDye","none","none",0.0,"none","Yellow","Dye","none",20,"none","Dye","Dying"),
("PurpleDye","none","none",0.0,"none","Purple","Dye","none",20,"none","Dye","Dying"),
("CyanDye","none","none",0.0,"none","Cyan","Dye","none",20,"none","Dye","Dying"),
("DyeHair","none","none",0.0,"none","$GnomeHair","Dye","none",20,"none","Dye","Dying"),
("Bar","none","none",0.0,"none","none","Bar","none",30,"none","Metal","Smelting"),
("BronzeBar","none","none",2,"none","Bronze","Bar","none",30,"Bronze","none","Smelting"),
("SteelBar","none","none",0.0,"none","Steel","Bar","none",30,"Steel","none","Smelting"),
("RoseGoldBar","none","none",4,"none","RoseGold","Bar","none",30,"RoseGold","none","Smelting"),
("Anvil","none","none",0.0,"none","none","Anvil","none",30,"none","Metal","Smelting"),
("SliverBar","none","none",0.0,"none","none","Bar","none",30,"none","Metal","Smelting"),
("Gem","none","none",0.0,"none","none","Gem","none",30,"none","Gem","Gemcutting"),
("Bolt","none","none",0.0,"none","none","Bolt","none",30,"none","Cloth","Weaving"),
("RawCoal","none","none",0.0,"none","Coal","RawCoal","none",30,"none","Coal","Smelting"),
("Brick","none","none",0.0,"none","none","Brick","none",30,"Sand|Clay","none","Pottery"),
("Tile","none","none",0.0,"none","Ceramic","Tile","none",30,"none","Stone","Pottery"),
("ClayStatuette","none","none",0.0,"none","Clay","Statuette","none",30,"none","Clay","Pottery"),
("Tea","none","none",0.0,"none","none","Tea","none",30,"none","Plant","Brewing"),
("StoneDoor","none","none",0.0,"none","none","Door","none",30,"none","Stone","Masonry"),
("Hearth","none","none",0.0,"none","none","Hearth","none",30,"none","Stone","Masonry"),
("Mold","none","none",0.0,"none","none","Mold","none",30,"none","Stone","Masonry"),
("Furnace","none","none",0.0,"none","none","Furnace","none",30,"none","Stone","Masonry"),
("Trough","none","none",0.0,"none","none","Trough","none",30,"none","Stone","Masonry"),
("StoneSword","none","none",0.0,"none","none","StoneSword","none",30,"none","Stone","Masonry"),
("StoneHandAxe","none","none",0.0,"none","none","StoneHandAxe","none",30,"none","Stone","Masonry"),
("StoneHammer","none","none",0.0,"none","none","StoneHammer","none",30,"none","Stone","Masonry"),
("StoneCrossbowBolt","none","none",16,"CrossbowBolt","none","CrossbowBolt","none",30,"none","Stone","Masonry"),
("StoneMusketRound","none","none",32,"MusketRound","none","MusketRound","none",30,"none","Stone","Masonry"),
("StoneStatue","none","none",0.0,"none","none","Statue","none",30,"none","Stone","Stonecarving"),
("StonePillar","none","none",0.0,"none","none","Pillar","none",30,"none","Stone","Stonecarving"),
("StoneStatuette","none","none",0.0,"none","none","Statuette","none",30,"none","Stone","Stonecarving"),
("PetRock","none","none",0.0,"none","none","PetRock","none",30,"none","Stone","Stonecarving"),
("BedFrame","none","none",0.0,"none","none","BedFrame","none",30,"none","Wood","Carpentry"),
("FancyBedFrame","none","none",0.0,"none","none","FancyBedFrame","none",30,"none","Wood","Carpentry"),
("Bed","none","none",0.0,"none","none","Bed","none",30,"none","Wood","Carpentry"),
("FancyBed","none","none",0.0,"none","none","FancyBed","none",30,"none","Wood","Carpentry"),
("WoodDoor","none","none",0.0,"none","none","Door","none",30,"none","Wood","Carpentry"),
("Dresser","none","none",0.0,"none","none","Dresser","none",30,"none","Wood","Carpentry"),
("Cabinet","none","none",0.0,"none","none","Cabinet","none",30,"none","Wood","Carpentry"),
("Torch","none","none",0.0,"none","none","Torch","none",30,"none","Wood","Carpentry"),
("Loom","none","none",0.0,"none","none","Loom","none",30,"none","Wood","Carpentry"),
("Bellows","none","none",0.0,"none","none","Bellows","none",30,"none","Wood","Carpentry"),
("TrainingDummy","none","none",0.0,"none","none","TrainingDummy","none",30,"none","Wood","Carpentry"),
("Wheelbarrow","none","none",0.0,"none","none","Wheelbarrow","none",30,"none","Wood","Carpentry"),
("Bucket","none","none",0.0,"none","none","Bucket","none",30,"none","Wood","Carpentry"),
("WoodenShield","none","none",0.0,"none","none","WoodenShield","none",30,"none","Wood","Carpentry"),
("CrossbowStock","none","none",0.0,"Crossbow","none","CrossbowStock","none",30,"none","Wood","Carpentry"),
("BlunderbussStock","none","none",0.0,"Blunderbuss","none","BlunderbussStock","none",30,"none","Wood","Carpentry"),
("PistolStock","none","none",0.0,"Pistol","none","PistolStock","none",30,"none","Wood","Carpentry"),
("WoodStatue","none","none",0.0,"none","none","Statue","none",30,"none","Wood","Woodcarving"),
("WoodStatuette","none","none",0.0,"none","none","Statuette","none",30,"none","Wood","Woodcarving"),
("PuzzleBox","none","none",0.0,"none","none","PuzzleBox","none",30,"none","Wood","Woodcarving"),
("FellingAxeHead","none","none",0.0,"none","none","FellingAxeHead","none",30,"none","Metal","Blacksmithing"),
("FellingAxe","none","none",0.0,"none","none","FellingAxe","none",30,"none","Metal","Blacksmithing"),
("CuttingWheel","none","none",0.0,"none","none","CuttingWheel","none",30,"none","Metal","Blacksmithing"),
("File","none","none",0.0,"none","none","File","none",30,"none","Metal","Blacksmithing"),
("BallPeenHammer","none","none",0.0,"none","none","BallPeenHammer","none",30,"none","Metal","Blacksmithing"),
("AlarmBell","none","none",0.0,"none","none","AlarmBell","0|2",30,"none","Metal","Blacksmithing"),
("MetalStatue","none","none",0.0,"none","none","Statue","none",30,"none","Metal","Metalworking"),
("MetalStatuette","none","none",0.0,"none","none","Statuette","none",30,"none","none","Metalworking"),
("Coin","none","none",0.0,"none","none","Coin","none",30,"none","Metal","Metalworking"),
("Wrench","none","none",0.0,"none","none","Wrench","none",30,"none","Metal","Machining"),
("Rod","none","none",2,"Rod","none","Rod","none",30,"none","Metal","Machining"),
("Gear","none","none",2,"Gear","none","Gear","none",30,"none","Metal","Machining"),
("Spring","none","none",0.0,"Spring","none","Spring","none",30,"none","Metal","Machining"),
("Spike","none","none",0.0,"SpikeTrap","none","Spike","none",30,"none","Metal","Machining"),
("MetalCrossbowBolt","none","none",16,"CrossbowBolt","none","CrossbowBolt","none",30,"none","Metal","Machining"),
("CrossbowBow","none","none",0.0,"Crossbow","none","CrossbowBow","none",30,"none","Metal","Machining"),
("MetalMusketRound","none","none",32,"MusketRound","none","MusketRound","none",30,"none","Metal","Machining"),
("BlunderbussBarrel","none","none",0.0,"Blunderbuss","none","BlunderbussBarrel","none",30,"none","Metal","Machining"),
("PistolBarrel","none","none",0.0,"Pistol","none","PistolBarrel","none",30,"none","Metal","Machining"),
("Screw","none","none",0.0,"Pump","none","Screw","none",30,"none","Metal","Machining"),
("Ring","none","none",0.0,"none","none","Ring","none",30,"none","Metal","JewelryMaking"),
("GemmedRing","none","none",0.0,"none","none","GemmedRing","none",30,"none","Gem","JewelryMaking"),
("Necklace","none","none",0.0,"none","none","Necklace","none",30,"none","Metal","JewelryMaking"),
("GemmedNecklace","none","none",0.0,"none","none","GemmedNecklace","none",30,"none","Gem","JewelryMaking"),
("Bag","none","none",0.0,"none","none","Bag","none",30,"none","Cloth","Tailoring"),
("Sack","none","none",0.0,"none","none","Sack","none",30,"none","Cloth","Tailoring"),
("Bandage","none","none",0.0,"none","none","Bandage","none",30,"none","Cloth","Tailoring"),
("String","none","none",0.0,"none","none","String","none",30,"none","Cloth","Tailoring"),
("Padding","none","none",0.0,"none","none","Padding","none",30,"none","Cloth","Tailoring"),
("Mattress","none","none",0.0,"none","none","Mattress","none",30,"none","Cloth","Tailoring"),
("AmmoPouch","none","none",0.0,"AmmoPouch","none","AmmoPouch","none",30,"none","Cloth","Tailoring"),
("LeatherStrap","none","none",2,"none","none","LeatherStrap","none",30,"none","Leather","Leatherworking"),
("LeatherArmorPanel","none","none",0.0,"none","none","LeatherArmorPanel","none",30,"none","Leather","Leatherworking"),
("LeatherHelm","none","none",0.0,"none","none","LeatherHelm","none",30,"none","Leather","Leatherworking"),
("LeatherCuirass","none","none",0.0,"none","none","LeatherCuirass","none",30,"none","Leather","Leatherworking"),
("LeatherBracer","none","none",0.0,"none","none","LeatherBracer","none",30,"none","Leather","Leatherworking"),
("LeatherGreave","none","none",0.0,"none","none","LeatherGreave","none",30,"none","Leather","Leatherworking"),
("LeatherGlove","none","none",0.0,"none","none","LeatherGlove","none",30,"none","Leather","Leatherworking"),
("LeatherBoot","none","none",0.0,"none","none","LeatherBoot","none",30,"none","Leather","Leatherworking"),
("Quiver","none","none",0.0,"Quiver","none","Quiver","none",30,"none","Leather","Leatherworking"),
("Sausage","none","none",0.0,"none","none","Sausage","none",30,"none","Meat","Cooking"),
("Sandwich","none","none",0.0,"none","none","Sandwich","none",30,"none","Meat","Cooking"),
("Cheese","none","none",0.0,"none","none","Cheese","none",30,"none","Animal","Cooking"),
("CheeseOmelette","none","none",0.0,"none","none","CheeseOmelette","none",30,"none","Animal","Cooking"),
("SausageOmelette","none","none",0.0,"none","none","SausageOmelette","none",30,"none","Meat","Cooking"),
("MushroomOmelette","none","none",0.0,"none","none","MushroomOmelette","none",30,"none","Plant","Cooking"),
("SwordBlade","none","none",0.0,"none","none","SwordBlade","none",30,"none","Metal","WeaponCrafting"),
("Sword","none","none",0.0,"none","none","Sword","none",30,"none","Metal","WeaponCrafting"),
("HandAxeHead","none","none",0.0,"none","none","HandAxeHead","none",30,"none","Metal","WeaponCrafting"),
("HandAxe","none","none",0.0,"none","none","HandAxe","none",30,"none","Metal","WeaponCrafting"),
("HammerHead","none","none",0.0,"none","none","HammerHead","none",30,"none","Metal","WeaponCrafting"),
("Hammer","none","none",0.0,"none","none","Hammer","none",30,"none","Metal","WeaponCrafting"),
("ClaymoreBlade","none","none",0.0,"none","none","ClaymoreBlade","none",30,"none","Metal","WeaponCrafting"),
("Claymore","none","none",0.0,"none","none","Claymore","none",30,"none","Metal","WeaponCrafting"),
("BattleAxeHead","none","none",0.0,"none","none","BattleAxeHead","none",30,"none","Metal","WeaponCrafting"),
("BattleAxe","none","none",0.0,"none","none","BattleAxe","none",30,"none","Metal","WeaponCrafting"),
("WarhammerHead","none","none",0.0,"none","none","WarhammerHead","none",30,"none","Metal","WeaponCrafting"),
("Warhammer","none","none",0.0,"none","none","Warhammer","none",30,"none","Metal","WeaponCrafting"),
("ShieldBoss","none","none",0.0,"none","none","ShieldBoss","none",30,"none","Metal","WeaponCrafting"),
("ShieldBacking","none","none",0.0,"none","none","ShieldBacking","none",30,"none","Metal","WeaponCrafting"),
("Shield","none","none",0.0,"none","none","Shield","none",30,"none","Metal","WeaponCrafting"),
("TowerShieldBacking","none","none",0.0,"none","none","TowerShieldBacking","none",30,"none","Metal","WeaponCrafting"),
("TowerShield","none","none",0.0,"none","none","TowerShield","none",30,"none","Metal","WeaponCrafting"),
("ArmorPlate","none","none",0.0,"none","none","ArmorPlate","none",30,"none","Metal","ArmorCrafting"),
("Helmet","none","none",0.0,"none","none","Helmet","none",30,"none","Metal","ArmorCrafting"),
("Breastplate","none","none",0.0,"none","none","Breastplate","none",30,"none","Metal","ArmorCrafting"),
("Pauldron","none","none",0.0,"none","none","Pauldron","none",30,"none","Metal","ArmorCrafting"),
("Greave","none","none",0.0,"none","none","Greave","none",30,"none","Metal","ArmorCrafting"),
("Gauntlet","none","none",0.0,"none","none","Gauntlet","none",30,"none","Metal","ArmorCrafting"),
("Boot","none","none",0.0,"none","none","Boot","none",30,"none","Metal","ArmorCrafting"),
("Axle","none","none",0.0,"Axle","none","Axle","none",30,"none","Metal","Engineering"),
("MechanismBase","none","none",0.0,"MechanismBase","none","MechanismBase","none",30,"none","Metal","Engineering"),
("Gearbox","none","none",0.0,"Gearbox","none","Gearbox","none",30,"none","Metal","Engineering"),
("Handcrank","none","none",0.0,"Handcrank","none","Handcrank","none",30,"none","Metal","Engineering"),
("TrapBase","none","none",0.0,"TrapBase","none","TrapBase","none",30,"none","Metal","Engineering"),
("SpikeTrap","none","none",0.0,"SpikeTrap","none","SpikeTrap","none",30,"none","Metal","Engineering"),
("BladeTrap","none","none",0.0,"BladeTrap","none","BladeTrap","none",30,"none","Metal","Engineering"),
("Crossbow","none","none",0.0,"Crossbow","none","Crossbow","none",30,"none","Metal","Engineering"),
("Lever","none","none",0.0,"Lever","none","Lever","none",30,"none","Metal","Engineering"),
("MechanicalWall","none","none",0.0,"MechanicalWall","none","MechanicalWall","none",30,"none","Metal","Engineering"),
("WindmillBlade","none","none",0.0,"WindmillBlade","none","WindmillBlade","none",30,"none","Wood","Engineering"),
("PressurePlate","none","none",0.0,"PressurePlate","none","PressurePlate","none",30,"none","Metal","Engineering"),
("Hatch","none","none",0.0,"Hatch","none","Hatch","none",30,"none","Metal","Engineering"),
("Blunderbuss","none","none",0.0,"Blunderbuss","none","Blunderbuss","none",30,"none","Metal","Engineering"),
("Pistol","none","none",0.0,"Pistol","none","Pistol","none",30,"none","Metal","Engineering"),
("Cylinder","none","none",0.0,"Cylinder","none","Cylinder","none",30,"none","Metal","Engineering"),
("ArtificialArm","none","none",0.0,"ArtificialArm","none","ArtificialArm","none",30,"none","Metal","Engineering"),
("ArtificialHand","none","none",0.0,"ArtificialHand","none","ArtificialHand","none",30,"none","Metal","Engineering"),
("ArtificialLeg","none","none",0.0,"ArtificialLeg","none","ArtificialLeg","none",30,"none","Metal","Engineering"),
("ArtificialFoot","none","none",0.0,"ArtificialFoot","none","ArtificialFoot","none",30,"none","Metal","Engineering"),
("Automaton","none","none",0.0,"Automaton","none","Automaton","none",30,"none","Metal","Engineering"),
("Needle","none","none",0.0,"none","none","Needle","none",30,"none","Bone|FishBone","Bonecarving"),
("BoneStatuette","none","none",0.0,"none","none","Statuette","none",30,"none","Bone","Bonecarving"),
("SkullHelmet","none","none",0.0,"none","none","SkullHelmet","none",30,"none","Bone","Bonecarving"),
("BoneShirt","none","none",0.0,"none","none","BoneShirt","none",30,"none","Bone","Bonecarving"),
("PickaxeHeadWood","none","Wood",0.0,"none","none","PickaxeHead","none",50,"none","Wood","Carpentry"),
("PickaxeHeadFlintStone","FlintStone","none",0.0,"none","none","PickaxeHead","none",50,"FlintStone","none","Carpentry"),
("PickaxeHeadStone","none","Stone",0.0,"none","none","PickaxeHead","none",50,"none","Stone","Masonry"),
("PickaxeBaseWood","none","Wood",0.0,"none","none","PickaxeBase","none",50,"none","Wood","Carpentry"),
("Pickaxe","none","Wood",0.0,"none","none","Pickaxe","none",50,"none","Wood|Stone","Carpentry"),
("FishingRod","none","Wood",0.0,"none","none","FishingRod","none",50,"none","Wood","Carpentry");

CREATE TABLE IF NOT EXISTS Crafts_TechGain ( 
ParentID VARCHAR(30) NULL ,
TechID VARCHAR(30) NULL ,
Value_ DOUBLE NULL );

INSERT INTO Crafts_TechGain VALUES 
("Plank","TechWood",1),
("Stick","TechWood",1),
("Haft","TechWood",1),
("Hilt","TechWood",1),
("Knife","TechWood",1),
("StoneChair","TechStone",1),
("WoodTable","TechWood",1),
("WoodChair","TechWood",1),
("StoneTable","TechStone",1),
("Workbench","TechWood",1),
("Crate","TechWood",1),
("Barrel","TechWood",1),
("Chisel","TechStone",1),
("StoneSawblade","TechStone",1),
("KnifeBlade","TechStone",1),
("Block","TechStone",1),
("Bread","TechFood",1),
("Beer","TechFood",1),
("Wine","TechFood",1),
("FruitWine","TechFood",1),
("Bar","TechMetal",1),
("BronzeBar","TechMetal",1),
("SteelBar","TechMetal",1),
("RoseGoldBar","TechMetal",1),
("Anvil","TechMetal",1),
("SliverBar","TechMetal",1),
("Gem","TechStone",1),
("Bolt","TechCloth",1),
("RawCoal","TechWood",1),
("Brick","TechStone",1),
("Tile","TechStone",1),
("ClayStatuette","TechStone",1),
("Tea","TechFood",1),
("StoneDoor","TechStone",1),
("Hearth","TechStone",1),
("Mold","TechStone",1),
("Furnace","TechStone",1),
("Trough","TechStone",1),
("StoneSword","TechStone",1),
("StoneHandAxe","TechStone",1),
("StoneHammer","TechStone",1),
("StoneCrossbowBolt","TechStone",1),
("StoneMusketRound","TechStone",1),
("StoneStatue","TechStone",1),
("StonePillar","TechStone",1),
("StoneStatuette","TechStone",1),
("PetRock","TechStone",1),
("BedFrame","TechWood",1),
("FancyBedFrame","TechWood",1),
("Bed","TechWood",1),
("FancyBed","TechWood",1),
("WoodDoor","TechWood",1),
("Dresser","TechWood",1),
("Cabinet","TechWood",1),
("Torch","TechWood",1),
("Loom","TechWood",1),
("Bellows","TechWood",1),
("TrainingDummy","TechWood",1),
("Wheelbarrow","TechWood",1),
("Bucket","TechWood",1),
("WoodenShield","TechWood",1),
("CrossbowStock","TechWood",1),
("BlunderbussStock","TechWood",1),
("PistolStock","TechWood",1),
("WoodStatue","TechWood",1),
("WoodStatuette","TechWood",1),
("PuzzleBox","TechWood",1),
("FellingAxeHead","TechMetal",1),
("FellingAxe","TechMetal",1),
("CuttingWheel","TechMetal",1),
("File","TechMetal",1),
("BallPeenHammer","TechMetal",1),
("AlarmBell","TechMetal",1),
("MetalStatue","TechMetal",1),
("MetalStatuette","TechMetal",1),
("Coin","TechMetal",1),
("Wrench","TechEngineer",1),
("Rod","TechEngineer",1),
("Gear","TechEngineer",1),
("Spring","TechEngineer",1),
("Spike","TechEngineer",1),
("MetalCrossbowBolt","TechEngineer",1),
("CrossbowBow","TechEngineer",1),
("MetalMusketRound","TechEngineer",1),
("BlunderbussBarrel","TechEngineer",1),
("PistolBarrel","TechEngineer",1),
("Screw","TechEngineer",1),
("Ring","TechMetal",1),
("GemmedRing","TechMetal",1),
("Necklace","TechMetal",1),
("GemmedNecklace","TechMetal",1),
("Bag","TechCloth",1),
("Sack","TechCloth",1),
("Bandage","TechCloth",1),
("String","TechCloth",1),
("Padding","TechCloth",1),
("Mattress","TechCloth",1),
("AmmoPouch","TechCloth",1),
("LeatherStrap","TechLeather",1),
("LeatherArmorPanel","TechLeather",1),
("LeatherHelm","TechLeather",1),
("LeatherCuirass","TechLeather",1),
("LeatherBracer","TechLeather",1),
("LeatherGreave","TechLeather",1),
("LeatherGlove","TechLeather",1),
("LeatherBoot","TechLeather",1),
("Quiver","TechLeather",1),
("Sausage","TechFood",1),
("Sandwich","TechFood",1),
("Cheese","TechFood",1),
("CheeseOmelette","TechFood",1),
("SausageOmelette","TechFood",1),
("MushroomOmelette","TechFood",1),
("SwordBlade","TechMetal",1),
("Sword","TechMetal",1),
("HandAxeHead","TechMetal",1),
("HandAxe","TechMetal",1),
("HammerHead","TechMetal",1),
("Hammer","TechMetal",1),
("ClaymoreBlade","TechMetal",1),
("Claymore","TechMetal",1),
("BattleAxeHead","TechMetal",1),
("BattleAxe","TechMetal",1),
("WarhammerHead","TechMetal",1),
("Warhammer","TechMetal",1),
("ShieldBoss","TechMetal",1),
("ShieldBacking","TechMetal",1),
("Shield","TechMetal",1),
("TowerShieldBacking","TechMetal",1),
("TowerShield","TechMetal",1),
("ArmorPlate","TechMetal",1),
("Helmet","TechMetal",1),
("Breastplate","TechMetal",1),
("Pauldron","TechMetal",1),
("Greave","TechMetal",1),
("Gauntlet","TechMetal",1),
("Boot","TechMetal",1),
("Axle","TechEngineer",1),
("MechanismBase","TechEngineer",1),
("Gearbox","TechEngineer",1),
("Handcrank","TechEngineer",1),
("TrapBase","TechEngineer",1),
("SpikeTrap","TechEngineer",1),
("BladeTrap","TechEngineer",1),
("Crossbow","TechEngineer",1),
("Lever","TechEngineer",1),
("MechanicalWall","TechEngineer",1),
("WindmillBlade","TechEngineer",1),
("PressurePlate","TechEngineer",1),
("Hatch","TechEngineer",1),
("Blunderbuss","TechEngineer",1),
("Pistol","TechEngineer",1),
("Cylinder","TechEngineer",1),
("ArtificialArm","TechEngineer",1),
("ArtificialHand","TechEngineer",1),
("ArtificialLeg","TechEngineer",1),
("ArtificialFoot","TechEngineer",1),
("Automaton","TechEngineer",1),
("Needle","TechCloth",1),
("BoneStatuette","TechWood",1),
("SkullHelmet","TechWood",1),
("BoneShirt","TechWood",1);

CREATE TABLE IF NOT EXISTS Crafts_Components ( 
ParentID VARCHAR(30) NULL ,
AllowedMaterial VARCHAR(30) NULL ,
AllowedMaterialType VARCHAR(50) NULL,
Amount DOUBLE NULL,
ItemID VARCHAR(30) NULL  );

INSERT INTO Crafts_Components VALUES 
("Plank","none","none",1,"RawWood"),
("Stick","none","none",1,"Plank"),
("Haft","none","none",1,"Stick"),
("Hilt","none","none",1,"Stick"),
("Knife","none","none",1,"KnifeBlade"),
("Knife","none","none",1,"Hilt"),
("StoneChair","none","none",4,"Block"),
("WoodTable","none","none",2,"Plank"),
("WoodTable","none","none",4,"Stick"),
("WoodChair","none","none",2,"Plank"),
("WoodChair","none","none",4,"Stick"),
("StoneTable","none","none",5,"Block"),
("Workbench","none","none",6,"Plank"),
("Crate","none","none",4,"Plank"),
("Barrel","none","none",4,"Plank"),
("Chisel","none","none",2,"RawStone"),
("StoneSawblade","none","none",1,"Block"),
("KnifeBlade","none","none",1,"Block"),
("Block","none","none",1,"RawStone"),
("Bread","none","Grain",1,"Grain"),
("Beer","none","Grain",1,"Grain"),
("Wine","none","none",1,"Berries"),
("FruitWine","none","Fruit",1,"Fruit"),
("DyedTable","none","Wood",1,"Table"),
("DyedTable","none","none",1,"Dye"),
("DyedPlank","none","none",1,"Plank"),
("DyedPlank","none","none",1,"Dye"),
("RedDye","BeetRoot","none",1,"Vegetable"),
("RedDye","BeetRoot","none",1,"Vegetable"),
("GreenDye","Woad","none",1,"Leaves"),
("GreenDye","DyersWeed","none",0.0,"Leaves"),
("BlueDye","Woad","none",1,"Leaves"),
("BlueDye","Woad","none",0.0,"Leaves"),
("YellowDye","DyersWeed","none",0.0,"Leaves"),
("YellowDye","DyersWeed","none",0.0,"Leaves"),
("PurpleDye","Red","none",1,"Dye"),
("PurpleDye","Blue","none",1,"Dye"),
("CyanDye","Green","none",1,"Dye"),
("CyanDye","Blue","none",1,"Dye"),
("DyeHair","none","none",1,"Dye"),
("Bar","none","none",2,"RawOre"),
("Bar","none","none",0.0,"RawCoal"),
("BronzeBar","Tin","none",0.0,"Bar"),
("BronzeBar","Copper","none",0.0,"Bar"),
("BronzeBar","none","none",0.0,"RawCoal"),
("SteelBar","Iron","none",2,"Bar"),
("SteelBar","none","none",2,"RawCoal"),
("RoseGoldBar","Gold","none",3,"Bar"),
("RoseGoldBar","Copper","none",0.0,"Bar"),
("RoseGoldBar","none","none",0.0,"RawCoal"),
("Anvil","none","none",8,"Bar"),
("SliverBar","none","none",10,"MetalSliver"),
("SliverBar","none","none",0.0,"RawCoal"),
("Gem","none","none",0.0,"RawGem"),
("Bolt","none","none",0.0,"RawCloth"),
("RawCoal","none","none",0.0,"RawWood"),
("Brick","Clay;Sand","none",0.0,"RawSoil"),
("Brick","none","none",0.0,"RawCoal"),
("Tile","Clay","none",0.0,"RawSoil"),
("Tile","none","none",0.0,"Silica"),
("Tile","none","none",0.0,"RawCoal"),
("ClayStatuette","Clay","none",0.0,"RawSoil"),
("Tea","none","none",0.0,"Mushroom"),
("StoneDoor","none","none",4,"Block"),
("Hearth","none","none",6,"Block"),
("Mold","none","none",4,"Block"),
("Furnace","none","none",10,"Block"),
("Trough","none","none",4,"Block"),
("StoneSword","none","none",1,"Block"),
("StoneSword","none","none",0.0,"Hilt"),
("StoneHandAxe","none","none",0.0,"Block"),
("StoneHandAxe","none","none",0.0,"Haft"),
("StoneHammer","none","none",0.0,"Block"),
("StoneHammer","none","none",0.0,"Haft"),
("StoneCrossbowBolt","none","none",0.0,"Block"),
("StoneMusketRound","none","none",0.0,"Block"),
("StoneStatue","none","none",4,"Block"),
("StonePillar","none","none",4,"Block"),
("StoneStatuette","none","none",1,"Block"),
("PetRock","none","none",1,"Block"),
("BedFrame","none","none",4,"Plank"),
("FancyBedFrame","none","none",4,"Plank"),
("Bed","none","none",1,"BedFrame"),
("Bed","none","none",1,"Mattress"),
("FancyBed","none","none",1,"FancyBedFrame"),
("FancyBed","none","none",1,"Mattress"),
("WoodDoor","none","none",4,"Plank"),
("Dresser","none","none",6,"Plank"),
("Cabinet","none","none",6,"Plank"),
("Torch","none","none",0.0,"Stick"),
("Torch","none","none",0.0,"RawCoal"),
("Loom","none","none",4,"Plank"),
("Loom","none","none",4,"Stick"),
("Bellows","none","none",2,"Plank"),
("TrainingDummy","none","none",1,"Plank"),
("TrainingDummy","none","none",2,"Stick"),
("Wheelbarrow","none","none",4,"Plank"),
("Wheelbarrow","none","none",2,"Stick"),
("Bucket","none","none",4,"Plank"),
("WoodenShield","none","none",3,"Plank"),
("CrossbowStock","none","none",0.0,"Plank"),
("BlunderbussStock","none","none",0.0,"Plank"),
("PistolStock","none","none",0.0,"Plank"),
("WoodStatue","none","none",4,"Plank"),
("WoodStatuette","none","none",1,"Plank"),
("PuzzleBox","none","none",1,"Plank"),
("FellingAxeHead","none","none",0.0,"Bar"),
("FellingAxe","none","none",0.0,"FellingAxeHead"),
("FellingAxe","none","none",0.0,"Haft"),
("CuttingWheel","none","none",0.0,"Bar"),
("File","none","none",0.0,"Bar"),
("BallPeenHammer","none","none",0.0,"Bar"),
("AlarmBell","none","none",2,"Bar"),
("AlarmBell","none","none",2,"Plank"),
("MetalStatue","none","none",4,"Bar"),
("MetalStatuette","none","none",1,"Bar"),
("Coin","none","none",1,"Bar"),
("Wrench","none","none",0.0,"Bar"),
("Rod","none","none",0.0,"Bar"),
("Gear","none","none",0.0,"Bar"),
("Spring","none","none",0.0,"Bar"),
("Spike","none","none",2,"Bar"),
("MetalCrossbowBolt","none","none",0.0,"Bar"),
("CrossbowBow","none","none",3,"Bar"),
("MetalMusketRound","none","none",0.0,"Bar"),
("BlunderbussBarrel","none","none",5,"Bar"),
("PistolBarrel","none","none",3,"Bar"),
("Screw","none","none",2,"Bar"),
("Ring","none","none",0.0,"Bar"),
("GemmedRing","none","none",0.0,"Gem"),
("GemmedRing","none","none",0.0,"Bar"),
("Necklace","none","none",2,"Bar"),
("GemmedNecklace","none","none",0.0,"Gem"),
("GemmedNecklace","none","none",2,"Bar"),
("Bag","none","none",2,"Bolt"),
("Bag","none","none",0.0,"String"),
("Sack","none","none",2,"Bolt"),
("Sack","none","none",2,"String"),
("Bandage","none","none",0.0,"Bolt"),
("String","none","none",0.0,"Bolt"),
("Padding","none","none",0.0,"Bolt"),
("Padding","none","none",0.0,"RawCloth"),
("Padding","none","none",0.0,"String"),
("Mattress","none","none",4,"Bolt"),
("Mattress","none","none",0.0,"String"),
("Mattress","none","none",2,"Straw"),
("AmmoPouch","none","none",0.0,"Bolt"),
("AmmoPouch","none","none",0.0,"String"),
("LeatherStrap","none","none",0.0,"RawHide"),
("LeatherArmorPanel","none","none",0.0,"RawHide"),
("LeatherHelm","none","none",3,"LeatherArmorPanel"),
("LeatherHelm","none","none",0.0,"Padding"),
("LeatherHelm","none","none",0.0,"String"),
("LeatherCuirass","none","none",4,"LeatherArmorPanel"),
("LeatherCuirass","none","none",2,"Padding"),
("LeatherCuirass","none","none",2,"String"),
("LeatherBracer","none","none",2,"LeatherArmorPanel"),
("LeatherBracer","none","none",0.0,"Padding"),
("LeatherBracer","none","none",0.0,"String"),
("LeatherGreave","none","none",2,"LeatherArmorPanel"),
("LeatherGreave","none","none",0.0,"Padding"),
("LeatherGreave","none","none",0.0,"String"),
("LeatherGlove","none","none",1,"LeatherArmorPanel"),
("LeatherGlove","none","none",0.0,"Padding"),
("LeatherGlove","none","none",0.0,"String"),
("LeatherBoot","none","none",1,"LeatherArmorPanel"),
("LeatherBoot","none","none",0.0,"Padding"),
("LeatherBoot","none","none",0.0,"String"),
("Quiver","none","none",1,"RawHide"),
("Quiver","none","none",0.0,"String"),
("Sausage","none","none",0.0,"Meat"),
("Sandwich","none","none",0.0,"Sausage"),
("Sandwich","none","none",0.0,"Bread"),
("Cheese","none","none",0.0,"Milk"),
("CheeseOmelette","none","none",0.0,"Cheese"),
("CheeseOmelette","none","none",0.0,"Egg"),
("SausageOmelette","none","none",0.0,"Sausage"),
("SausageOmelette","none","none",0.0,"Cheese"),
("SausageOmelette","none","none",0.0,"Egg"),
("MushroomOmelette","none","none",0.0,"Mushroom"),
("MushroomOmelette","none","none",0.0,"Cheese"),
("MushroomOmelette","none","none",0.0,"Egg"),
("SwordBlade","none","none",5,"Bar"),
("Sword","none","none",1,"SwordBlade"),
("Sword","none","none",0.0,"Hilt"),
("HandAxeHead","none","none",5,"Bar"),
("HandAxe","none","none",0.0,"HandAxeHead"),
("HandAxe","none","none",0.0,"Haft"),
("HammerHead","none","none",5,"Bar"),
("Hammer","none","none",0.0,"HammerHead"),
("Hammer","none","none",0.0,"Haft"),
("ClaymoreBlade","none","none",8,"Bar"),
("Claymore","none","none",0.0,"ClaymoreBlade"),
("Claymore","none","none",0.0,"Hilt"),
("BattleAxeHead","none","none",8,"Bar"),
("BattleAxe","none","none",0.0,"BattleAxeHead"),
("BattleAxe","none","none",0.0,"Haft"),
("WarhammerHead","none","none",8,"Bar"),
("Warhammer","none","none",0.0,"WarhammerHead"),
("Warhammer","none","none",0.0,"Haft"),
("ShieldBoss","none","none",2,"Bar"),
("ShieldBacking","none","none",3,"Bar"),
("Shield","none","none",0.0,"ShieldBoss"),
("Shield","none","none",0.0,"ShieldBacking"),
("TowerShieldBacking","none","none",6,"Bar"),
("TowerShield","none","none",0.0,"ShieldBoss"),
("TowerShield","none","none",0.0,"TowerShieldBacking"),
("ArmorPlate","none","none",2,"Bar"),
("Helmet","none","none",3,"ArmorPlate"),
("Helmet","none","none",0.0,"Padding"),
("Helmet","none","none",0.0,"LeatherStrap"),
("Breastplate","none","none",4,"ArmorPlate"),
("Breastplate","none","none",2,"Padding"),
("Breastplate","none","none",2,"LeatherStrap"),
("Pauldron","none","none",2,"ArmorPlate"),
("Pauldron","none","none",0.0,"Padding"),
("Pauldron","none","none",0.0,"LeatherStrap"),
("Greave","none","none",2,"ArmorPlate"),
("Greave","none","none",0.0,"Padding"),
("Greave","none","none",0.0,"LeatherStrap"),
("Gauntlet","none","none",1,"ArmorPlate"),
("Gauntlet","none","none",0.0,"Padding"),
("Boot","none","none",1,"ArmorPlate"),
("Boot","none","none",0.0,"Padding"),
("Axle","none","none",0.0,"Rod"),
("MechanismBase","none","none",2,"Gear"),
("MechanismBase","none","none",0.0,"Spring"),
("Gearbox","none","none",0.0,"MechanismBase"),
("Gearbox","none","none",4,"Gear"),
("Handcrank","none","none",0.0,"MechanismBase"),
("Handcrank","none","none",0.0,"Rod"),
("TrapBase","none","none",0.0,"MechanismBase"),
("TrapBase","none","none",0.0,"Spring"),
("SpikeTrap","none","none",0.0,"TrapBase"),
("SpikeTrap","none","none",3,"Spike"),
("BladeTrap","none","none",0.0,"TrapBase"),
("BladeTrap","none","none",0.0,"SwordBlade"),
("Crossbow","none","none",0.0,"CrossbowBow"),
("Crossbow","none","none",0.0,"CrossbowStock"),
("Crossbow","none","none",0.0,"String"),
("Lever","none","none",0.0,"MechanismBase"),
("Lever","none","none",0.0,"Rod"),
("MechanicalWall","none","none",0.0,"MechanismBase"),
("MechanicalWall","none","none",2,"Bar"),
("WindmillBlade","none","none",0.0,"Plank"),
("WindmillBlade","none","none",0.0,"Bolt"),
("PressurePlate","none","none",0.0,"MechanismBase"),
("PressurePlate","none","none",0.0,"Bar"),
("Hatch","none","none",0.0,"MechanismBase"),
("Hatch","none","none",0.0,"Bar"),
("Blunderbuss","none","none",0.0,"BlunderbussBarrel"),
("Blunderbuss","none","none",0.0,"BlunderbussStock"),
("Pistol","none","none",0.0,"PistolBarrel"),
("Pistol","none","none",0.0,"PistolStock"),
("Cylinder","none","none",2,"Bar"),
("ArtificialArm","none","none",2,"ArmorPlate"),
("ArtificialArm","none","none",0.0,"Rod"),
("ArtificialArm","none","none",0.0,"Gear"),
("ArtificialArm","none","none",0.0,"ArtificialHand"),
("ArtificialHand","none","none",0.0,"ArmorPlate"),
("ArtificialHand","none","none",0.0,"Gear"),
("ArtificialLeg","none","none",2,"ArmorPlate"),
("ArtificialLeg","none","none",0.0,"Rod"),
("ArtificialLeg","none","none",0.0,"Gear"),
("ArtificialLeg","none","none",0.0,"ArtificialFoot"),
("ArtificialFoot","none","none",0.0,"ArmorPlate"),
("ArtificialFoot","none","none",0.0,"Gear"),
("Automaton","none","none",12,"ArmorPlate"),
("Automaton","none","none",0.0,"GolemCore"),
("Automaton","none","none",4,"Gear"),
("Automaton","none","none",0.0,"Cylinder"),
("Needle","none","none",0.0,"Bone"),
("BoneStatuette","none","none",1,"Bone"),
("SkullHelmet","none","none",0.0,"Skull"),
("BoneShirt","none","none",4,"Bone"),
("BoneShirt","none","none",2,"LeatherStrap"),
("PickaxeHeadWood","none","none",1,"Stick"),
("PickaxeHeadFlintStone","none","none",1,"Gem"),
("PickaxeHeadStone","none","none",1,"Block"),
("PickaxeBaseWood","none","none",1,"Stick"),
("Pickaxe","none","none",1,"PickaxeHead"),
("Pickaxe","none","none",1,"PickaxeBase"),
("FishingRod","none","none",1,"Stick"),
("FishingRod","none","none",1,"String");

CREATE TABLE IF NOT EXISTS Crafts_Prereqs ( 
ParentID VARCHAR(30) NULL ,
Category VARCHAR(30) NULL ,
TechGroup VARCHAR(30) NULL ,
Value_ DOUBLE NULL );

INSERT INTO Crafts_Prereqs VALUES 
("Crate","tech","TechWood",1),
("Barrel","tech","TechWood",10),
("Bar","tech","TechMetal",1),
("BronzeBar","tech","TechMetal",1),
("SteelBar","tech","TechMetal",1),
("RoseGoldBar","tech","TechMetal",1),
("Anvil","tech","TechMetal",1),
("SliverBar","tech","TechMetal",1),
("Gem","tech","TechStone",1),
("Bolt","tech","TechCloth",1),
("RawCoal","tech","TechWood",1),
("Brick","tech","TechStone",1),
("Tile","tech","TechStone",1),
("ClayStatuette","tech","TechStone",1),
("Tea","tech","TechFood",1),
("StoneDoor","tech","TechStone",1),
("Hearth","tech","TechStone",1),
("Mold","tech","TechStone",1),
("Furnace","tech","TechStone",1),
("Trough","tech","TechStone",1),
("StoneSword","tech","TechStone",1),
("StoneHandAxe","tech","TechStone",1),
("StoneHammer","tech","TechStone",1),
("StoneCrossbowBolt","tech","TechStone",1),
("StoneMusketRound","tech","TechStone",1),
("StoneStatue","tech","TechStone",1),
("StonePillar","tech","TechStone",1),
("StoneStatuette","tech","TechStone",1),
("PetRock","tech","TechStone",1),
("BedFrame","tech","TechWood",1),
("FancyBedFrame","tech","TechWood",1),
("Bed","tech","TechWood",1),
("FancyBed","tech","TechWood",1),
("WoodDoor","tech","TechWood",1),
("Dresser","tech","TechWood",1),
("Cabinet","tech","TechWood",1),
("Torch","tech","TechWood",1),
("Loom","tech","TechWood",1),
("Bellows","tech","TechWood",1),
("TrainingDummy","tech","TechWood",1),
("Wheelbarrow","tech","TechWood",1),
("Bucket","tech","TechWood",1),
("WoodenShield","tech","TechWood",1),
("CrossbowStock","tech","TechWood",1),
("BlunderbussStock","tech","TechWood",1),
("PistolStock","tech","TechWood",1),
("WoodStatue","tech","TechWood",1),
("WoodStatuette","tech","TechWood",1),
("PuzzleBox","tech","TechWood",1),
("FellingAxeHead","tech","TechMetal",1),
("FellingAxe","tech","TechMetal",1),
("CuttingWheel","tech","TechMetal",1),
("File","tech","TechMetal",1),
("BallPeenHammer","tech","TechMetal",1),
("AlarmBell","tech","TechMetal",1),
("MetalStatue","tech","TechMetal",1),
("MetalStatuette","tech","TechMetal",1),
("Coin","tech","TechMetal",1),
("Wrench","tech","TechEngineer",1),
("Rod","tech","TechEngineer",1),
("Gear","tech","TechEngineer",1),
("Spring","tech","TechEngineer",1),
("Spike","tech","TechEngineer",1),
("MetalCrossbowBolt","tech","TechEngineer",1),
("CrossbowBow","tech","TechEngineer",1),
("MetalMusketRound","tech","TechEngineer",1),
("BlunderbussBarrel","tech","TechEngineer",1),
("PistolBarrel","tech","TechEngineer",1),
("Screw","tech","TechEngineer",1),
("Ring","tech","TechMetal",1),
("GemmedRing","tech","TechMetal",1),
("Necklace","tech","TechMetal",1),
("GemmedNecklace","tech","TechMetal",1),
("Bag","tech","TechCloth",1),
("Sack","tech","TechCloth",1),
("Bandage","tech","TechCloth",1),
("String","tech","TechCloth",1),
("Padding","tech","TechCloth",1),
("Mattress","tech","TechCloth",1),
("AmmoPouch","tech","TechCloth",1),
("LeatherStrap","tech","TechLeather",1),
("LeatherArmorPanel","tech","TechLeather",1),
("LeatherHelm","tech","TechLeather",1),
("LeatherCuirass","tech","TechLeather",1),
("LeatherBracer","tech","TechLeather",1),
("LeatherGreave","tech","TechLeather",1),
("LeatherGlove","tech","TechLeather",1),
("LeatherBoot","tech","TechLeather",1),
("Quiver","tech","TechLeather",1),
("Sausage","tech","TechFood",1),
("Sandwich","tech","TechFood",1),
("Cheese","tech","TechFood",1),
("CheeseOmelette","tech","TechFood",1),
("SausageOmelette","tech","TechFood",1),
("MushroomOmelette","tech","TechFood",1),
("SwordBlade","tech","TechMetal",1),
("Sword","tech","TechMetal",1),
("HandAxeHead","tech","TechMetal",1),
("HandAxe","tech","TechMetal",1),
("HammerHead","tech","TechMetal",1),
("Hammer","tech","TechMetal",1),
("ClaymoreBlade","tech","TechMetal",1),
("Claymore","tech","TechMetal",1),
("BattleAxeHead","tech","TechMetal",1),
("BattleAxe","tech","TechMetal",1),
("WarhammerHead","tech","TechMetal",1),
("Warhammer","tech","TechMetal",1),
("ShieldBoss","tech","TechMetal",1),
("ShieldBacking","tech","TechMetal",1),
("Shield","tech","TechMetal",1),
("TowerShieldBacking","tech","TechMetal",1),
("TowerShield","tech","TechMetal",1),
("ArmorPlate","tech","TechMetal",1),
("Helmet","tech","TechMetal",1),
("Breastplate","tech","TechMetal",1),
("Pauldron","techMetal","Tech",1),
("Greave","techMetal","Tech",1),
("Gauntlet","tech","TechMetal",1),
("Boot","tech","TechMetal",1),
("Axle","tech","TechEngineer",1),
("MechanismBase","tech","TechEngineer",1),
("Gearbox","tech","TechEngineer",1),
("Handcrank","tech","TechEngineer",1),
("TrapBase","tech","TechEngineer",1),
("SpikeTrap","tech","TechEngineer",1),
("BladeTrap","tech","TechEngineer",1),
("Crossbow","tech","TechEngineer",1),
("Lever","tech","TechEngineer",1),
("MechanicalWall","tech","TechEngineer",1),
("WindmillBlade","tech","TechEngineer",1),
("PressurePlate","tech","TechEngineer",1),
("Hatch","tech","TechEngineer",1),
("Blunderbuss","tech","TechEngineer",1),
("Pistol","tech","TechEngineer",1),
("Cylinder","tech","TechEngineer",1),
("ArtificialArm","tech","TechEngineer",1),
("ArtificialHand","tech","TechEngineer",1),
("ArtificialLeg","tech","TechEngineer",1),
("ArtificialFoot","tech","TechEngineer",1),
("Automaton","tech","TechEngineer",1),
("Needle","tech","TechCloth",1),
("BoneStatuette","tech","TechWood",1),
("SkullHelmet","tech","TechWood",1),
("BoneShirt","tech","TechWood",1),
("PickaxeHeadFlintStone","tech","TechWood",20);

CREATE TABLE IF NOT EXISTS Crafts_SkillGain ( 
ParentID VARCHAR(30) NULL ,
Value_ DOUBLE NULL );

INSERT INTO Crafts_SkillGain VALUES 
("Plank",1),
("Stick",1),
("Haft",1),
("Hilt",1),
("Knife",1),
("StoneChair",1),
("WoodTable",1),
("WoodChair",1),
("StoneTable",1),
("Workbench",1),
("Crate",1),
("Barrel",1),
("Chisel",1),
("StoneSawblade",1),
("KnifeBlade",1),
("Block",1),
("Bread",1),
("Beer",1),
("Wine",1),
("FruitWine",1),
("Bar",1),
("BronzeBar",1),
("SteelBar",1),
("RoseGoldBar",1),
("Anvil",1),
("SliverBar",1),
("Gem",1),
("Bolt",1),
("RawCoal",1),
("Brick",1),
("Tile",1),
("ClayStatuette",1),
("Tea",1),
("StoneDoor",1),
("Hearth",1),
("Mold",1),
("Furnace",1),
("StoneSword",1),
("StoneHandAxe",1),
("StoneHammer",1),
("StoneCrossbowBolt",1),
("StoneMusketRound",1),
("StoneStatue",1),
("StonePillar",1),
("StoneStatuette",1),
("PetRock",1),
("BedFrame",1),
("FancyBedFrame",1),
("Bed",1),
("FancyBed",1),
("WoodDoor",1),
("Dresser",1),
("Cabinet",1),
("Torch",1),
("Loom",1),
("Bellows",1),
("TrainingDummy",1),
("Wheelbarrow",1),
("Bucket",1),
("WoodenShield",1),
("CrossbowStock",1),
("BlunderbussStock",1),
("PistolStock",1),
("WoodStatue",1),
("WoodStatuette",1),
("PuzzleBox",1),
("FellingAxeHead",1),
("FellingAxe",1),
("CuttingWheel",1),
("File",1),
("BallPeenHammer",1),
("AlarmBell",1),
("MetalStatue",1),
("MetalStatuette",1),
("Coin",1),
("Wrench",1),
("Rod",1),
("Gear",1),
("Spring",1),
("Spike",1),
("MetalCrossbowBolt",1),
("CrossbowBow",1),
("MetalMusketRound",1),
("BlunderbussBarrel",1),
("PistolBarrel",1),
("Screw",1),
("Ring",1),
("GemmedRing",1),
("Necklace",1),
("GemmedNecklace",1),
("Bag",1),
("Sack",1),
("Bandage",1),
("String",1),
("Padding",1),
("Mattress",1),
("AmmoPouch",1),
("LeatherStrap",1),
("LeatherArmorPanel",1),
("LeatherHelm",1),
("LeatherCuirass",1),
("LeatherBracer",1),
("LeatherGreave",1),
("LeatherGlove",1),
("LeatherBoot",1),
("Quiver",1),
("Sausage",1),
("Sandwich",1),
("Cheese",1),
("CheeseOmelette",1),
("SausageOmelette",1),
("MushroomOmelette",1),
("SwordBlade",1),
("Sword",1),
("HandAxeHead",1),
("HandAxe",1),
("HammerHead",1),
("Hammer",1),
("ClaymoreBlade",1),
("Claymore",1),
("BattleAxeHead",1),
("BattleAxe",1),
("WarhammerHead",1),
("Warhammer",1),
("ShieldBoss",1),
("ShieldBacking",1),
("Shield",1),
("TowerShieldBacking",1),
("TowerShield",1),
("ArmorPlate",1),
("Helmet",1),
("Breastplate",1),
("Pauldron",1),
("Greave",1),
("Gauntlet",1),
("Boot",1),
("Axle",1),
("MechanismBase",1),
("Gearbox",1),
("Handcrank",1),
("TrapBase",1),
("SpikeTrap",1),
("BladeTrap",1),
("Crossbow",1),
("Lever",1),
("MechanicalWall",1),
("WindmillBlade",1),
("PressurePlate",1),
("Hatch",1),
("Blunderbuss",1),
("Pistol",1),
("Cylinder",1),
("ArtificialArm",1),
("ArtificialHand",1),
("ArtificialLeg",1),
("ArtificialFoot",1),
("Automaton",1),
("Needle",1),
("BoneStatuette",1),
("SkullHelmet",1),
("BoneShirt",1);

CREATE TABLE IF NOT EXISTS DebugItems ( 
ID VARCHAR(30) NULL ,
Container VARCHAR(30) NULL ,
MaterialTypes VARCHAR(50) NULL,
Materials VARCHAR(50) NULL );

INSERT INTO DebugItems VALUES 
("RawSoil","none","Soil","none"),
("RawStone","none","Stone","none"),
("RawWood","none","Wood","none"),
("RawCoal","none","Coal","none"),
("RawOre","none","Metal","none"),
("RawGem","none","Gem","none"),
("Gem","none","Gem","none"),
("WoodBed","none","Wood","none"),
("WoodBedSheets","none","Cloth","none"),
("Bed","none","none","none"),
("BedFrame","none","Wood","none"),
("FancyBedFrame","none","Wood","none"),
("FancyBed","none","none","none"),
("Chair","none","Stone|Wood|Bone","none"),
("FishingRod","none","Wood","none"),
("Table","none","Stone|Wood|Bone","none"),
("Stick","none","Wood","none"),
("Sawblade","none","Stone|Metal","none"),
("Bone","none","Bone","none"),
("Skull","none","Bone","none"),
("Hide","none","RawHide","none"),
("RawCloth","none","Cloth","Sheep"),
("Plank","none","Wood","none"),
("Workbench","none","Wood","none"),
("Chisel","none","Stone","none"),
("Crate","none","Wood","none"),
("Barrel","none","Wood","none"),
("Bag","none","Cloth","none"),
("Sack","none","Cloth","none"),
("Bucket","none","Wood","none"),
("Block","none","Stone","none"),
("Brick","none","none","Clay|Sand"),
("Hilt","none","Wood","none"),
("Haft","none","Wood","none"),
("KnifeBlade","none","Stone|Metal","none"),
("KnifeHilt","none","Wood","none"),
("Knife","none","none","none"),
("PickaxeHead","none","Stone|Wood|Metal","none"),
("PickaxeBase","none","Wood","none"),
("Pickaxe","none","none","none"),
("Door","none","Wood|Stone","none"),
("Torch","none","Wood","none"),
("Mold","none","Stone","none"),
("Hearth","none","Stone","none"),
("Bellows","none","Wood","none"),
("Bar","none","Metal","none"),
("Furnace","none","Stone","none"),
("Anvil","none","Metal","none"),
("CuttingWheel","none","Metal","none"),
("FellingAxeHead","none","Stone|Wood|Metal","none"),
("FellingAxeBase","none","Wood","none"),
("FellingAxe","none","none","none"),
("File","none","Metal","none"),
("BallPeenHammer","none","Metal","none"),
("AlarmBellBase","none","Wood","none"),
("AlarmBellBell","none","Metal","none"),
("AlarmBell","none","none","none"),
("Statue","none","Stone|Wood|Metal","none"),
("Statuette","none","Stone|Wood|Metal","none"),
("Coin","none","Metal","none"),
("Loom","none","Wood","none"),
("Bolt","none","Cloth","none"),
("Trough","none","Stone","none"),
("Shed","none","Wood","none"),
("BeeHive","none","Wood","none"),
("Pillar","none","Stone","none"),
("PetRock","none","Stone","none"),
("PuzzleBox","none","Wood","none"),
("Ring","none","Metal","none"),
("GemmedRing","none","Metal","none"),
("Necklace","none","Metal","none"),
("GemmedNecklace","none","Metal","none"),
("Needle","none","Metal|Bone","none"),
("String","none","Cloth","none"),
("Straw","none","none","Wheat"),
("Bandage","none","Cloth","none"),
("Padding","none","Cloth","none"),
("LeatherStrap","none","RawHide","none"),
("SkullHelmet","none","Bone","none"),
("BoneShirt","none","Bone","none"),
("Meat","Crate","Meat","none"),
("Egg","Crate","none","Emu"),
("Bread","Crate","none","Wheat"),
("Wheat","none","none","Wheat"),
("Wine","Barrel","none","Apple|Orange|Strawberry|Grape|Pineapple"),
("Beer","Barrel","none","Wheat"),
("Seed","Bag","none","Wheat|Strawberry|Cotton|Grape|Oat|Barley|Millet"),
("Dye","none","Dye","none"),
("Fruit","Crate","Fruit","none"),
("Vegetable","Crate","Vegetable","none"),
("Leaves","Bag","Leaves","none"),
("Berries","Crate","Berries","none"),
("Grain","Bag","Grain","none"),
("CheeseOmelette","none","none","Yak"),
("Cheese","none","none","Yak"),
("Wheelbarrow","none","Wood","none"),
("Painting","none","Wood","none"),
("Cone","none","none","Pine"),
("GoblinCorpse","none","none","Goblin");

CREATE TABLE IF NOT EXISTS DebugItems_Components ( 
ParentID VARCHAR(30) NULL ,
ItemID VARCHAR(30) NULL  );

INSERT INTO DebugItems_Components VALUES 
("Bed","WoodBed"),
("Bed","WoodBedSheets"),
("FancyBed","FancyBedFrame"),
("FancyBed","WoodBedSheets"),
("Knife","KnifeBlade"),
("Knife","KnifeHilt"),
("Pickaxe","PickaxeHead"),
("Pickaxe","PickaxeBase"),
("FellingAxe","FellingAxeHead"),
("FellingAxe","FellingAxeBase"),
("AlarmBell","AlarmBellBell"),
("AlarmBell","AlarmBellBase");

CREATE TABLE IF NOT EXISTS Doors ( 
ID VARCHAR(30) NULL ,
Buildable BOOLEAN NULL );

INSERT INTO Doors VALUES 
("Door",true),
("Torch",true);

CREATE TABLE IF NOT EXISTS EmbeddedMaterials ( 
ID VARCHAR(30) NULL ,
Highest DOUBLE NULL,
Lowest DOUBLE NULL,
Type_ VARCHAR(30) NULL ,
WallSprite VARCHAR(30) NULL  );

INSERT INTO EmbeddedMaterials VALUES 
("Coal",-6,-1000,"Ore","EmbeddedOre"),
("Tin",-7,-25,"Ore","EmbeddedOre"),
("Copper",-15,-30,"Ore","EmbeddedOre"),
("Malachite",-30,-50,"Ore","EmbeddedOre"),
("Lead",-20,-40,"Ore","EmbeddedOre"),
("Iron",-40,-80,"Ore","EmbeddedOre"),
("Silver",-50,-80,"Ore","EmbeddedOre"),
("Gold",-75,-95,"Ore","EmbeddedOre"),
("Platinum",-90,-100,"Ore","EmbeddedOre"),
("FlintStone",-3,-6,"Gem","EmbeddedGem"),
("Amber",-3,-15,"Gem","EmbeddedGem"),
("Beryll",-10,-40,"Gem","EmbeddedGem"),
("Topaz",-15,-60,"Gem","EmbeddedGem"),
("Amethyst",-30,-80,"Gem","EmbeddedGem"),
("Ruby",-30,-80,"Gem","EmbeddedGem"),
("Sapphire",-30,-80,"Gem","EmbeddedGem"),
("Emerald",-20,-70,"Gem","EmbeddedGem"),
("Diamond",-50,-1000,"Gem","EmbeddedGem");

CREATE TABLE IF NOT EXISTS Events ( 
ID VARCHAR(30) NULL ,
Trigger_ VARCHAR(30) NULL ,
TriggerCount DOUBLE NULL,
TriggerUnit VARCHAR(30) NULL  );

INSERT INTO Events VALUES 
("EventTrader","TimeExpired",2,"Day"),
("EventMigration","OnSeasonChange",0.0,"none"),
("EventInvasion","TimeExpired",2,"Day");

CREATE TABLE IF NOT EXISTS Events_Init ( 
ParentID VARCHAR(30) NULL ,
Max_ DOUBLE NULL,
Message VARCHAR(300) NULL,
Min_ DOUBLE NULL,
Pause BOOLEAN NULL,
Require VARCHAR(30) NULL ,
Title VARCHAR(30) NULL  );

INSERT INTO Events_Init VALUES 
("EventTrader",1,"none",1,true,"FreeMarketStall","none"),
("EventMigration",5,"$Num new gnomes have arrived. Do you accept them into your base?",1,true,"Query","New Gnomes"),
("EventInvasion",1,"none",1,false,"None","none");

CREATE TABLE IF NOT EXISTS Events_Expires ( 
ParentID VARCHAR(30) NULL ,
After DOUBLE NULL,
Message VARCHAR(300) NULL,
Title VARCHAR(30) NULL ,
Unit VARCHAR(30) NULL  );

INSERT INTO Events_Expires VALUES 
("EventMigration",1,"Unfortunately your decision took too long and they are looking elsewhere.","You waited too long","Day");

CREATE TABLE IF NOT EXISTS Events_OnSuccess ( 
ParentID VARCHAR(30) NULL ,
Action VARCHAR(30) NULL ,
CenterCamera BOOLEAN NULL,
Count VARCHAR(30) NULL ,
Location VARCHAR(30) NULL ,
Message VARCHAR(300) NULL,
Pause BOOLEAN NULL,
Title VARCHAR(30) NULL  );

INSERT INTO Events_OnSuccess VALUES 
("EventTrader","SpawnTraderGnome",false,"$Num","RandomBorderTile","A trader has arrived!",false,"Trader!"),
("EventMigration","SpawnGnome",true,"$Num","RandomBorderTile","none",false,"none"),
("EventInvasion","SpawnGoblin",true,"$Num","RandomBorderTile","A force of $Num goblin has arrived.",false,"Invasion");

CREATE TABLE IF NOT EXISTS Events_OnFailure ( 
ParentID VARCHAR(30) NULL ,
Message VARCHAR(300) NULL,
Title VARCHAR(30) NULL  );

INSERT INTO Events_OnFailure VALUES 
("EventMigration","Unfortunately those gnomes didn't find an entry to your base.","Gnomes got lost."),
("EventInvasion","Luckily for you those goblins didn't find a way to your base.","Goblins got lost.");

CREATE TABLE IF NOT EXISTS FarmUtils ( 
ID VARCHAR(30) NULL ,
Buildable BOOLEAN NULL );

INSERT INTO FarmUtils VALUES 
("Shed",true),
("Trough",true),
("BeeHive",true);

CREATE TABLE IF NOT EXISTS Furniture ( 
ID VARCHAR(30) NULL ,
Buildable BOOLEAN NULL );

INSERT INTO Furniture VALUES 
("Chair",true),
("Table",true),
("Bed",true),
("FancyBed",true),
("Cabinet",true),
("Dresser",true),
("Statue",true),
("Painting",true);

CREATE TABLE IF NOT EXISTS Gamestart ( 
Amount DOUBLE NULL,
Color VARCHAR(30) NULL ,
ItemID VARCHAR(30) NULL ,
MaterialID VARCHAR(30) NULL ,
Offset_ VARCHAR(11) NULL,
Type_ VARCHAR(30) NULL  );

INSERT INTO Gamestart VALUES 
(10,"none","Bed","none","-6 1 0","CombinedItem"),
(20,"none","Torch","Birch","-6 0 0","Item"),
(8,"none","Table","Birch","-6 -1 0","Item"),
(10,"none","Chair","Pine","-6 -2 0","Item"),
(4,"none","Workbench","Pine","-6 -4 0","Item"),
(1,"none","Sawblade","LapisLazuli","-5 2 0","Item"),
(1,"none","CuttingWheel","Steel","-5 3 0","Item"),
(1,"none","File","Steel","-5 3 0","Item"),
(10,"none","Chisel","Granite","-5 1 0","Item"),
(1,"none","Knife","none","-5 0 0","CombinedItem"),
(1,"none","Knife","none","-5 -1 0","CombinedItem"),
(10,"none","Pickaxe","none","-5 -2 0","CombinedItem"),
(10,"none","Block","Bauxite","5 2 0","Item"),
(10,"none","Block","Brick","5 1 0","Item"),
(100,"none","RawWood","Pine","5 0 0","Item"),
(10,"none","RawWood","AppleWood","5 -1 0","Item"),
(10,"none","RawWood","OrangeWood","5 -2 0","Item"),
(50,"none","Bread","Wheat","-3 2 0","Item"),
(50,"none","Beer","Wheat","-3 1 0","Item"),
(32,"none","Wine","Apple","-3 0 0","Item"),
(32,"none","Wine","Strawberry","-3 -1 0","Item"),
(9,"none","Seed","Strawberry","2 2 0","Item"),
(9,"none","Seed","Carrot","2 2 0","Item"),
(9,"none","Onion","Onion","2 2 0","Item"),
(9,"none","Potato","Potato","2 2 0","Item"),
(9,"none","Seed","Cabbage","2 2 0","Item"),
(9,"none","Seed","Asparagus","2 2 0","Item"),
(9,"none","Seed","Cauliflower","2 2 0","Item"),
(9,"none","Seed","Cucumber","2 2 0","Item"),
(9,"none","Seed","Broccoli","2 2 0","Item"),
(9,"none","Seed","Garlic","2 2 0","Item"),
(9,"none","Seed","Parsnip","2 2 0","Item"),
(9,"none","Seed","Radish","2 2 0","Item"),
(9,"none","Seed","Turnip","2 2 0","Item"),
(9,"none","Seed","Lettuce","2 2 0","Item"),
(9,"none","Seed","Melon","2 2 0","Item"),
(9,"none","Seed","Sugarbeet","2 2 0","Item"),
(9,"none","Seed","Pumpkin","2 2 0","Item"),
(9,"none","Seed","Peas","2 2 0","Item"),
(9,"none","Seed","Tea","2 2 0","Item"),
(9,"none","Seed","Tobacco","2 2 0","Item"),
(9,"none","Seed","Corn","2 2 0","Item"),
(9,"none","Seed","Leek","2 2 0","Item"),
(9,"none","Seed","Pineapple","2 2 0","Item"),
(9,"none","Seed","Beans","2 2 0","Item"),
(9,"none","Seed","Blackberry","2 2 0","Item"),
(9,"none","Seed","Artichoke","2 2 0","Item"),
(9,"none","Seed","Bottlegourd","2 2 0","Item"),
(9,"none","Seed","Tomato","2 2 0","Item"),
(9,"none","Seed","Wheat","2 2 0","Item"),
(9,"none","Seed","Cotton","2 2 0","Item"),
(9,"none","Seed","Capsicum","2 2 0","Item"),
(200,"none","RawSoil","Clay","1 2 0","Item"),
(200,"none","RawStone","Granite","1 1 0","Item"),
(200,"none","RawStone","Marble","1 1 0","Item"),
(200,"none","RawStone","Serpentine","1 1 0","Item"),
(1,"230 50 50 255","Crate","Birch","0 1 0","Item"),
(10,"none","Apple","Apple","-2 6 0","Item"),
(10,"none","Orange","Orange","-2 5 0","Item"),
(10,"none","Strawberry","Strawberry","-2 4 0","Item"),
(10,"none","Door","Pine","0 6 0","Item"),
(10,"none","Door","Granite","0 7 0","Item"),
(8,"none","Barrel","Pine","5 7 0","Item"),
(1,"none","Sack","Cotton","5 3 0","Item"),
(1,"none","Bucket","Birch","5 3 0","Item"),
(1,"none","Bag","Wool","-5 0-2","Item"),
(1,"none","Mold","LapisLazuli","-4 0 0","Item"),
(1,"none","Hearth","Serpentine","-4 1 0","Item"),
(1,"none","Bellows","Pine","-4 2 0","Item"),
(1,"none","Furnace","Bauxite","-4 2 0","Item"),
(1,"none","Anvil","Steel","-4 3 0","Item"),
(1,"none","Loom","AppleWood","-4 4 0","Item"),
(10,"none","RawGem","Diamond","4 -6 0","Item"),
(10,"none","RawOre","Copper","4 -5 0","Item"),
(10,"none","RawOre","Malachite","4 -4 0","Item"),
(10,"none","RawOre","Tin","4 -3 0","Item"),
(10,"none","RawOre","Bronze","4 -2 0","Item"),
(10,"none","RawOre","Iron","4 -1 0","Item"),
(10,"none","RawOre","Steel","4 0 0","Item"),
(10,"none","RawOre","Lead","4 1 0","Item"),
(10,"none","RawOre","Silver","4 2 0","Item"),
(10,"none","RawOre","Gold","4 3 0","Item"),
(10,"none","RawOre","RoseGold","4 4 0","Item"),
(10,"none","RawOre","Platin","4 5 0","Item"),
(100,"none","RawCoal","Coal","2 0 0","Item"),
(10,"none","Bar","Copper","3 -5 0","Item"),
(10,"none","Bar","Malachite","3 -4 0","Item"),
(10,"none","Bar","Tin","3 -3 0","Item"),
(10,"none","Bar","Bronze","3 -2 0","Item"),
(10,"none","Bar","Iron","3 -1 0","Item"),
(10,"none","Bar","Steel","3 0 0","Item"),
(10,"none","Bar","Lead","3 1 0","Item"),
(10,"none","Bar","Silver","3 2 0","Item"),
(10,"none","Bar","Gold","3 3 0","Item"),
(10,"none","Bar","RoseGold","3 4 0","Item"),
(10,"none","Bar","Platin","3 5 0","Item"),
(20,"none","LeatherStrap","OgreLeather","2 -5 0","Item"),
(20,"none","Skull","OgreBone","2 -4 0","Item"),
(20,"none","Bone","OgreBone","2 -3 0","Item"),
(20,"none","Bolt","Cotton","2 -2 0","Item"),
(20,"none","String","Cotton","2 -1 0","Item"),
(1,"none","BedFrame","Pine","2 0 0","Item"),
(1,"none","Mattress","Cotton","2 1 0","Item"),
(1,"none","FancyBedFrame","Pine","2 2 0","Item"),
(1,"none","FancyBed","none","2 4 0","CombinedItem"),
(1,"none","FellingAxe","none","2 5 0","CombinedItem"),
(1,"none","BallPeenHammer","Steel","2 6 0","Item"),
(1,"none","Needle","Steel","2 7 0","Item"),
(1,"none","none","none","0 0 0","Gnome");

CREATE TABLE IF NOT EXISTS Gamestart_Content ( 
ParentID VARCHAR(30) NULL ,
Amount DOUBLE NULL,
ItemID VARCHAR(30) NULL ,
MaterialID VARCHAR(30) NULL ,
Type_ VARCHAR(30) NULL  );

INSERT INTO Gamestart_Content VALUES 
("none",20,"Plank","Birch","Item");

CREATE TABLE IF NOT EXISTS Gamestart_Components ( 
ParentID VARCHAR(30) NULL ,
ItemID VARCHAR(30) NULL ,
MaterialID VARCHAR(30) NULL  );

INSERT INTO Gamestart_Components VALUES 
("none","WoodBed","Pine"),
("none","WoodBedSheets","Cotton"),
("none","KnifeBlade","Marble"),
("none","Hilt","Pine"),
("none","KnifeBlade","LapisLazuli"),
("none","Hilt","Pine"),
("none","PickaxeHead","Steel"),
("none","PickaxeBase","Pine"),
("none","FancyBedFrame","Pine"),
("none","WoodBedSheets","Steel"),
("none","FellingAxeHead","Steel"),
("none","FellingAxeBase","Pine");

CREATE TABLE IF NOT EXISTS ItemGrouping ( 
ID VARCHAR(30) NULL ,
ClassID VARCHAR(30) NULL ,
Color VARCHAR(30) NULL  );

INSERT INTO ItemGrouping VALUES 
("Materials","Materials","160 160 160 255"),
("Grown","Grown","160 255 160 255"),
("Workshop","Workshop","220 220 160 255"),
("Food","Food","160 160 225 255"),
("Drinks","Drinks","160 160 225 255"),
("Containers","Containers","255 160 160 255"),
("Furniture","Furniture","160 160 160 255"),
("Cloth","Cloth","225 225 255 255"),
("Leather","Leather","225 225 255 255"),
("Jewelry","Jewelry","225 225 255 255"),
("Butchery","Butchery","160 160 160 255");

CREATE TABLE IF NOT EXISTS ItemGrouping_Groups ( 
ParentID VARCHAR(30) NULL ,
GroupID VARCHAR(30) NULL ,
Items VARCHAR(50) NULL );

INSERT INTO ItemGrouping_Groups VALUES 
("Materials","Gem","RawGem|Gem"),
("Materials","Soil","RawSoil"),
("Materials","Metal","RawOre|Bar"),
("Materials","Stone","RawStone|Block"),
("Materials","Wood","RawWood|Plank|Stick|Hilt|Haft"),
("Materials","MiscMaterials","RawCoal|Dye"),
("Grown","Tree","Clipping"),
("Grown","Plant","Seed|Straw|Cone"),
("Workshop","Tools","Chisel|Knife|Sawblade|KnifeHilt|KnifeBlade|PickaxeHead|PickaxeBase|Pickaxe|FellingAxeHead|FellingAxeBase|FellingAxe|Needle|WoodTub|FishingRod"),
("Workshop","Workplaces","Workbench|Mold|Hearth|Bellows|Furnace|Anvil|CuttingWheel|File|BallPeenHammer|Loom|Trough"),
("Food","Other","Leaves"),
("Food","Raw","Fruit|Vegetable|Berries|Grain|Egg|Wheat"),
("Food","Pastry","Bread"),
("Food","Cooked","Sausage|Cheese|CheeseOmelette|MushroomOmelette|SausageOmelette"),
("Drinks","Alcoholic","Beer|Wine"),
("Drinks","NonAlcoholic","Milk|Tea"),
("Containers","Immovable","Crate|Barrel|Bag"),
("Containers","Movable","Sack|Bucket|Wheelbarrow"),
("Furniture","Chairs","Chair"),
("Furniture","Tables","Table"),
("Furniture","Beds","Bed|WoodBed|WoodBedSheets|BedFrame|FancyBedFrame|FancyBed|Mattress"),
("Furniture","Doors","Door"),
("Furniture","Misc","Cabinet|Dresser|Statue|Statuette|Pillar|PetRock|PuzzleBox|Coin|Torch|AlarmBellBase|AlarmBellBell|AlarmBell"),
("Furniture","Paintings","Painting1"),
("Furniture","FarmUtils","Shed|Trough|BeeHive"),
("Cloth","Unprocessed","RawCloth"),
("Cloth","ClothProducts","Bolt|String|Bandage|Padding"),
("Leather","LeatherProducts","LeatherStrap"),
("Jewelry","JewelryProducts","Ring|GemmedRing|Necklace|GemmedNecklace"),
("Butchery","Corpses","AnimalCorpse|GoblinCorpse"),
("Butchery","Bones","Bone|Skull|FishBone"),
("Butchery","Meats","Meat"),
("Butchery","Hides","Hide");

CREATE TABLE IF NOT EXISTS Items ( 
ID VARCHAR(30) NULL ,
DrinkValue DOUBLE NULL,
HasQuality BOOLEAN NULL,
IsContainer BOOLEAN NULL,
IsTool BOOLEAN NULL,
LightIntensity DOUBLE NULL,
Nutrition DOUBLE NULL,
SpriteID VARCHAR(30) NULL ,
StackSize DOUBLE NULL,
Type_ VARCHAR(30) NULL ,
Value_ DOUBLE NULL );

INSERT INTO Items VALUES 
("RawSoil",0.0,false,false,false,0.0,0.0,"RawSoil",20,"none",0),
("RawStone",0.0,false,false,false,0.0,0.0,"RawStone",10,"none",0),
("RawWood",0.0,false,false,false,0.0,0.0,"RawWood",1,"none",1),
("RawCoal",0.0,false,false,false,0.0,0.0,"RawCoal",20,"none",1),
("RawOre",0.0,false,false,false,0.0,0.0,"RawOre",20,"none",0),
("RawGem",0.0,false,false,false,0.0,0.0,"RawGem",4,"none",10),
("Gem",0.0,false,false,false,0.0,0.0,"Gem",4,"none",30),
("Clipping",0.0,false,false,false,0.0,0.0,"Clipping",32,"none",0),
("Seed",0.0,false,false,false,0.0,0.0,"Seed",1,"none",1),
("WoodBed",0.0,true,false,false,0.0,0.0,"WoodBed",1,"none",10),
("WoodBedSheets",0.0,true,false,false,0.0,0.0,"WoodBedSheets",1,"none",10),
("Bed",0.0,true,false,false,0.0,0.0,"Bed",1,"Furniture",20),
("BedFrame",0.0,true,false,false,0.0,0.0,"WoodBed",1,"none",10),
("FancyBedFrame",0.0,true,false,false,0.0,0.0,"FancyWoodBed",1,"none",20),
("FancyBed",0.0,true,false,false,0.0,0.0,"FancyBed",1,"Furniture",30),
("Mattress",0.0,true,false,false,0.0,0.0,"Mattress",1,"none",10),
("Chair",0.0,true,false,false,0.0,0.0,"Chair",1,"Furniture",11),
("Table",0.0,true,false,false,0.0,0.0,"Table",1,"Furniture",10),
("Cabinet",0.0,true,false,false,0.0,0.0,"Cabinet",1,"Furniture",20),
("Dresser",0.0,true,false,false,0.0,0.0,"Dresser",1,"Furniture",20),
("Painting",0.0,true,false,false,0.0,0.0,"Painting",1,"Furniture",200),
("Stick",0.0,false,false,false,0.0,0.0,"FellingAxeBase",1,"none",2),
("Sawblade",0.0,true,false,false,0.0,0.0,"Gear",1,"none",10),
("Bone",0.0,false,false,false,0.0,0.0,"Bone",1,"none",0),
("FishBone",0.0,false,false,false,0.0,0.0,"Bone",1,"none",0),
("Skull",0.0,false,false,false,0.0,0.0,"Skull",1,"none",0),
("Hide",0.0,false,false,false,0.0,0.0,"RawHide",1,"none",1),
("RawCloth",0.0,false,false,false,0.0,0.0,"Fiber",1,"none",1),
("Plank",0.0,false,false,false,0.0,0.0,"Plank",1,"none",2),
("Workbench",0.0,true,false,false,0.0,0.0,"Workbench",1,"none",10),
("Chisel",0.0,true,false,false,0.0,0.0,"Chisel",1,"none",10),
("Crate",0.0,true,true,false,0.0,0.0,"Crate",1,"Storage",10),
("Barrel",0.0,true,true,false,0.0,0.0,"Barrel",1,"Storage",10),
("Bag",0.0,true,true,false,0.0,0.0,"Bag",1,"Storage",10),
("Sack",0.0,true,true,false,0.0,0.0,"Sack",1,"none",10),
("Bucket",0.0,true,true,false,0.0,0.0,"Bucket",1,"none",10),
("Block",0.0,false,false,false,0.0,0.0,"Block",1,"none",2),
("Brick",0.0,false,false,false,0.0,0.0,"Block",1,"none",2),
("Hilt",0.0,false,false,false,0.0,0.0,"SwordBase",1,"none",10),
("Haft",0.0,false,false,false,0.0,0.0,"FellingAxeBase",1,"none",10),
("KnifeBlade",0.0,false,false,false,0.0,0.0,"KnifeBlade",1,"none",10),
("KnifeHilt",0.0,false,false,false,0.0,0.0,"KnifeHilt",1,"none",10),
("Knife",0.0,true,false,true,0.0,0.0,"Knife",1,"none",20),
("PickaxeHead",0.0,true,false,false,0.0,0.0,"PickaxeHead",1,"none",10),
("PickaxeBase",0.0,false,false,false,0.0,0.0,"PickaxeBase",1,"none",10),
("Pickaxe",0.0,true,false,true,0.0,0.0,"Pickaxe",1,"none",20),
("Door",0.0,false,false,false,0.0,0.0,"Door",1,"Door",10),
("Torch",0.0,false,false,false,30,0.0,"Torch",1,"Light",10),
("CrystalMushroom",0.0,false,false,false,14,0.0,"CrystalShroom",1,"Light",10),
("Mold",0.0,false,false,false,0.0,0.0,"Mold",1,"none",20),
("Hearth",0.0,false,false,false,0.0,0.0,"Forge",1,"none",20),
("Bellows",0.0,false,false,false,0.0,0.0,"BellowsWithNozzle",1,"none",20),
("Bar",0.0,false,false,false,0.0,0.0,"Bar",1,"none",10),
("Furnace",0.0,false,false,false,0.0,0.0,"Furnace",1,"none",20),
("Anvil",0.0,false,false,false,0.0,0.0,"Anvil",1,"none",10),
("CuttingWheel",0.0,false,false,false,0.0,0.0,"Gear",1,"none",10),
("FellingAxeHead",0.0,false,false,false,0.0,0.0,"FellingAxeHead",1,"none",10),
("FellingAxeBase",0.0,false,false,false,0.0,0.0,"FellingAxeBase",1,"none",10),
("FellingAxe",0.0,true,false,true,0.0,0.0,"FellingAxe",1,"none",20),
("File",0.0,false,false,false,0.0,0.0,"File",1,"none",10),
("BallPeenHammer",0.0,false,false,false,0.0,0.0,"Hammer",1,"none",20),
("AlarmBellBase",0.0,false,false,false,0.0,0.0,"AlarmBellBase",1,"none",10),
("AlarmBellBell",0.0,false,false,false,0.0,0.0,"AlarmBellBell",1,"none",10),
("AlarmBell",0.0,false,false,false,0.0,0.0,"AlarmBell",1,"none",20),
("Statue",0.0,false,false,false,0.0,0.0,"Statue",1,"Furniture",50),
("Statuette",0.0,false,false,false,0.0,0.0,"Statuette",1,"none",20),
("Coin",0.0,false,false,false,0.0,0.0,"Coin",1,"none",10),
("Loom",0.0,false,false,false,0.0,0.0,"Loom",1,"none",20),
("Bolt",0.0,false,false,false,0.0,0.0,"Bolt",1,"none",10),
("Trough",0.0,false,false,false,0.0,0.0,"Trough",1,"FarmUtil",20),
("Shed",0.0,false,false,false,0.0,0.0,"Shed",1,"FarmUtil",20),
("BeeHive",0.0,false,false,false,0.0,0.0,"BeeHiveEmpty",1,"FarmUtil",20),
("Pillar",0.0,false,false,false,0.0,0.0,"StonePillar",1,"none",10),
("PetRock",0.0,false,false,false,0.0,0.0,"PetRock",1,"none",25),
("PuzzleBox",0.0,false,false,false,0.0,0.0,"PuzzleBox",1,"none",30),
("Ring",0.0,false,false,false,0.0,0.0,"JewelryPile",1,"none",50),
("GemmedRing",0.0,false,false,false,0.0,0.0,"JewelryPile",1,"none",100),
("Necklace",0.0,false,false,false,0.0,0.0,"JewelryPile",1,"none",50),
("GemmedNecklace",0.0,false,false,false,0.0,0.0,"JewelryPile",1,"none",100),
("Needle",0.0,false,false,false,0.0,0.0,"BoneNeedle",1,"none",10),
("String",0.0,false,false,false,0.0,0.0,"String",1,"none",2),
("Straw",0.0,false,false,false,0.0,0.0,"Wheat",1,"none",0),
("Bandage",0.0,false,false,false,0.0,0.0,"Bandage",1,"none",10),
("Padding",0.0,false,false,false,0.0,0.0,"Fiber",1,"none",5),
("LeatherStrap",0.0,false,false,false,0.0,0.0,"LeatherStrip",1,"none",5),
("SkullHelmet",0.0,false,false,false,0.0,0.0,"Skull",1,"none",50),
("BoneShirt",0.0,false,false,false,0.0,0.0,"BoneShirt",1,"none",50),
("WoodTub",0.0,false,false,false,0.0,0.0,"WoodTub",1,"none",10),
("Dye",0.0,false,false,false,0.0,0.0,"Dye",1,"none",5),
("AmmoPouch",0.0,true,false,false,0.0,0.0,"AmmoPouch",1,"none",20),
("Wheelbarrow",0.0,true,false,true,0.0,0.0,"Wheelbarrow",1,"none",10),
("FishingRod",0.0,true,false,true,0.0,0.0,"FishingRod",1,"none",50),
("Fish",0.0,false,false,false,0.0,0.0,"GreenFish",10,"none",0),
("AnimalCorpse",0.0,false,false,false,0.0,0.0,"Corpse",1,"none",0),
("GoblinCorpse",0.0,false,false,false,0.0,0.0,"MonsterCorpse",1,"none",0),
("Cone",0.0,false,false,false,0.0,0.0,"PineCone",1,"none",0),
("Oak",0.0,false,false,false,0.0,0.0,"Oak",1,"none",0),
("Corpse",0.0,false,false,false,0.0,0.0,"none",1,"none",0),
("Meat",0.0,false,false,false,0.0,0.0,"Meat",1,"none",0),
("FishMeat",0.0,false,false,false,0.0,0.0,"Meat",1,"none",0),
("Egg",0.0,false,false,false,0.0,0.0,"Egg",1,"none",0),
("Milk",30,false,false,false,0.0,0.0,"Milk",1,"none",0),
("Bread",0.0,true,false,false,0.0,30,"Bread",1,"none",0),
("Sandwich",0.0,true,false,false,0.0,50,"Sandwich",1,"none",0),
("Wheat",0.0,true,false,false,0.0,0.0,"Wheat",1,"none",0),
("Wine",40,true,false,false,0.0,0.0,"Wine",1,"none",5),
("Beer",50,true,false,false,0.0,0.0,"Beer",1,"none",5),
("Tea",30,true,false,false,0.0,0.0,"Tea",1,"none",5),
("CheeseOmelette",50,true,false,false,0.0,0.0,"Omelette",1,"none",10),
("MushroomOmelette",50,true,false,false,0.0,0.0,"Omelette",1,"none",10),
("Sausage",0.0,true,false,false,0.0,30,"Sausage",1,"none",10),
("SausageOmelette",50,true,false,false,0.0,0.0,"Omelette",1,"none",20),
("Cheese",0.0,true,false,false,0.0,25,"Cheese",1,"none",10),
("Fruit",0.0,false,false,false,0.0,20,"Fruit",1,"none",2),
("Vegetable",0.0,false,false,false,0.0,20,"Vegetable",1,"none",2),
("Berries",0.0,false,false,false,0.0,10,"Berries",1,"none",2),
("Leaves",0.0,false,false,false,0.0,0.0,"Leaves",1,"none",2),
("Mushroom",0.0,false,false,false,0.0,0.0,"MushroomItem",1,"none",2),
("Grain",0.0,false,false,false,0.0,0.0,"Grain",1,"none",2);

CREATE TABLE IF NOT EXISTS Items_TestTile ( 
ParentID VARCHAR(30) NULL ,
Forbidden VARCHAR(50) NULL,
Required VARCHAR(50) NULL );

INSERT INTO Items_TestTile VALUES 
("Bed","Wall|Tree|Construction|Plant|Job","Floor|Room"),
("FancyBed","Wall|Tree|Construction|Plant|Job","Floor|Room"),
("Chair","Wall|Tree|Construction|Plant|Job","Floor|Room"),
("Table","Wall|Tree|Construction|Plant|Job","Floor|Room"),
("Cabinet","Wall|Tree|Construction|Plant|Job","Floor|Room"),
("Dresser","Wall|Tree|Construction|Plant|Job","Floor|Room"),
("Painting","Wall|Tree|Construction|Plant|Job","Floor|Room"),
("Crate","Wall|Tree|Construction|Plant|Job","Floor|Stockpile"),
("Barrel","Wall|Tree|Construction|Plant|Job","Floor|Stockpile"),
("Bag","Wall|Tree|Construction|Plant|Job","Floor|Stockpile"),
("Door","Wall|Tree|Construction|Plant|Job","Floor"),
("Torch","Wall|Tree|Construction|Plant|Job","Floor"),
("CrystalMushroom","Wall|Tree|Construction|Plant|Job","Floor"),
("Statue","Wall|Tree|Construction|Plant|Job","Floor"),
("Trough","Wall|Tree|Construction|Plant|Job","Floor|Pasture"),
("Shed","Wall|Tree|Construction|Plant|Job","Floor|Pasture"),
("BeeHive","Wall|Tree|Construction|Plant|Job","Floor");

CREATE TABLE IF NOT EXISTS Items_Components ( 
ParentID VARCHAR(30) NULL ,
ItemID VARCHAR(30) NULL ,
NoMaterial BOOLEAN NULL );

INSERT INTO Items_Components VALUES 
("Bed","WoodBed",false),
("Bed","WoodBedSheets",false),
("FancyBed","FancyBedFrame",false),
("FancyBed","WoodBedSheets",false),
("Knife","KnifeBlade",false),
("Knife","KnifeHilt",true),
("Pickaxe","PickaxeHead",false),
("Pickaxe","PickaxeBase",false),
("FellingAxe","FellingAxeHead",false),
("FellingAxe","FellingAxeBase",false),
("AlarmBell","AlarmBellBell",false),
("AlarmBell","AlarmBellBase",false);

CREATE TABLE IF NOT EXISTS Jobs ( 
ID VARCHAR(30) NULL ,
ConstructionType VARCHAR(30) NULL ,
MayTrapGnome BOOLEAN NULL,
RequiredToolItemID VARCHAR(30) NULL ,
RequiredToolLevel VARCHAR(30) NULL ,
SkillGain VARCHAR(30) NULL ,
SkillID VARCHAR(30) NULL ,
TechGain VARCHAR(30) NULL ,
WorkPosition VARCHAR(50) NULL );

INSERT INTO Jobs VALUES 
("HauleItem","none",false,"none","none","none","Hauling","none","0 0 0"),
("HauleMultipleItems","none",false,"none","none","none","Hauling","none","0 0 0"),
("Fish","none",false,"none","none","none","Fishing","none","0 0 0"),
("Mine","none",false,"Pickaxe","ByWallMaterial","none","Mining","none","-1 0 0|0 -1 0|1 0 0|0 1 0"),
("DigHole","none",true,"Pickaxe","ByWallMaterial","none","Mining","none","-1 0 0|0 -1 0|1 0 0|0 1 0"),
("ExplorativeMine","none",false,"Pickaxe","ByWallMaterial","none","Mining","none","-1 0 0|0 -1 0|1 0 0|0 1 0"),
("RemoveRamp","none",false,"Pickaxe","ByWallMaterial","none","Mining","none","-1 0 0|0 -1 0|1 0 0|0 1 0"),
("RemoveFloor","none",true,"Pickaxe","ByFloorMaterial","none","Mining","none","-1 0 0|0 -1 0|1 0 0|0 1 0"),
("Deconstruct","none",false,"none","none","none","Construction","none","-1 0 0|0 -1 0|1 0 0|0 1 0"),
("RemovePlant","none",false,"none","none","none","Farming","none","0 0 0"),
("MineStairsUp","none",false,"Pickaxe","ByWallMaterial","none","Mining","none","-1 0 0|0 -1 0|1 0 0|0 1 0"),
("DigStairsDown","none",false,"Pickaxe","ByWallMaterial","none","Mining","none","-1 0 0|0 -1 0|1 0 0|0 1 0"),
("DigRampDown","none",false,"Pickaxe","ByWallMaterial","none","Mining","none","-1 0 0|0 -1 0|1 0 0|0 1 0"),
("BuildWall","Wall",true,"none","none","none","Construction","none","-1 0 0|0 -1 0|1 0 0|0 1 0"),
("BuildFence","Fence",true,"none","none","none","Construction","none","-1 0 0|0 -1 0|1 0 0|0 1 0"),
("BuildFloor","Floor",false,"none","none","none","Construction","none","-1 0 0|0 -1 0|1 0 0|0 1 0"),
("BuildWallFloor","WallFloor",true,"none","none","none","Construction","none","-1 0 0|0 -1 0|1 0 0|0 1 0"),
("BuildStairs","Stairs",false,"none","none","none","Construction","none","-1 0 0|0 -1 0|1 0 0|0 1 0"),
("BuildScaffold","Scaffold",false,"none","none","none","Construction","none","0 0 0"),
("BuildRamp","Ramp",false,"none","none","none","Construction","none","-1 0 0|0 -1 0|1 0 0|0 1 0"),
("BuildRampCorner","RampCorner",false,"none","none","none","Construction","none","-1 0 0|0 -1 0|1 0 0|0 1 0"),
("BuildWorkshop","Workshop",false,"none","none","none","Construction","none","0 0 0"),
("BuildItem","Item",false,"none","none","none","Construction","none","0 0 0"),
("BuildStorage","Storage",false,"none","none","none","Construction","none","0 0 0"),
("BuildFurniture","Furniture",false,"none","none","none","Construction","none","0 0 0"),
("BuildDoor","Door",false,"none","none","none","Construction","none","0 0 0"),
("BuildTorch","Torch",false,"none","none","none","Construction","none","0 0 0"),
("Harvest","none",false,"none","none","none","Farming","none","0 0 0"),
("HarvestTree","none",false,"none","none","none","Horticulture","none","-1 0 0|0 -1 0|1 0 0|0 1 0"),
("PlantTree","none",false,"none","none","none","Horticulture","none","0 0 0"),
("Till","none",false,"none","none","none","Farming","none","0 0 0"),
("Plant","Plant",false,"none","none","none","Farming","none","0 0 0"),
("PlantFarm","Plant",false,"none","none","none","Farming","none","0 0 0"),
("FellTree","none",false,"FellingAxe","ByPlantMaterial","none","Woodcutting","none","-1 0 0|0 -1 0|1 0 0|0 1 0"),
("CraftAtWorkshop","none",false,"none","none","$Craft","WorkshopSkill","$Craft","0 0 0"),
("ManMarketStall","none",false,"none","none","none","Trading","none","0 0 0"),
("ButcherCorpse","none",false,"none","none","none","Butchery","none","0 0 0"),
("ButcherFish","none",false,"none","none","none","Butchery","none","0 0 0"),
("LeadAnimalToPasture","none",false,"none","none","none","AnimalHusbandry","none","0 0 0"),
("HarvestAnimal","none",false,"none","none","none","AnimalHusbandry","none","-1 0 0|0 -1 0|1 0 0|0 1 0"),
("TameAnimal","none",false,"none","none","none","AnimalHusbandry","none","-1 0 0|0 -1 0|1 0 0|0 1 0"),
("ButcherAnimal","none",false,"none","none","none","Butchery","none","0 0 0"),
("Magic_Nature_SpeedGrowth","none",false,"none","none","none","MagicNature","none","0 0 0"),
("Magic_Geomancy_RevealOre","none",false,"none","none","none","MagicGeomancy","none","0 0 0");

CREATE TABLE IF NOT EXISTS Jobs_Tasks ( 
ParentID VARCHAR(30) NULL ,
ConstructionID VARCHAR(30) NULL ,
Duration DOUBLE NULL,
Material VARCHAR(30) NULL ,
Offset_ VARCHAR(11) NULL,
Task VARCHAR(30) NULL  );

INSERT INTO Jobs_Tasks VALUES 
("Fish","none",100,"none","0 0 0","Fish"),
("Mine","none",50,"none","0 0 0","MineWall"),
("DigHole","none",20,"none","0 0 0","DigHole"),
("ExplorativeMine","none",10,"none","0 0 0","ExplorativeMineWall"),
("RemoveRamp","none",50,"none","0 0 0","RemoveRamp"),
("RemoveFloor","none",50,"none","0 0 0","MineFloor"),
("Deconstruct","none",50,"none","0 0 0","Deconstruct"),
("RemovePlant","none",10,"none","0 0 0","RemovePlant"),
("MineStairsUp","none",50,"none","0 0 1","RemoveFloor"),
("MineStairsUp","none",0.0,"none","0 0 0","RemoveWall"),
("MineStairsUp","none",0.0,"none","0 0 1","RemoveWall"),
("MineStairsUp","none",0.0,"none","0 0 0","CreateAndClaimWallMaterial"),
("MineStairsUp","none",0.0,"none","0 0 0","ConstructDugStairs"),
("DigStairsDown","none",50,"none","0 0 0","RemoveWall"),
("DigStairsDown","none",0.0,"none","0 0 0","RemoveFloor"),
("DigStairsDown","none",0.0,"none","0 0 -1","RemoveWall"),
("DigStairsDown","none",0.0,"none","0 0 0","CreateAndClaimWallMaterial"),
("DigStairsDown","none",0.0,"none","0 0 -1","ConstructDugStairs"),
("DigRampDown","none",50,"none","0 0 0","RemoveWall"),
("DigRampDown","none",0.0,"none","0 0 0","RemoveFloor"),
("DigRampDown","none",0.0,"none","0 0 -1","RemoveWall"),
("DigRampDown","none",0.0,"none","0 0 0","CreateAndClaimWallMaterial"),
("DigRampDown","Ramp",0.0,"none","0 0 -1","ConstructDugRamp"),
("BuildWall","Wall",50,"SelectedMaterial","0 0 0","Construct"),
("BuildFence","Fence",50,"SelectedMaterial","0 0 0","Construct"),
("BuildFloor","Floor",20,"SelectedMaterial","0 0 0","Construct"),
("BuildWallFloor","WallFloor",100,"SelectedMaterial","0 0 0","Construct"),
("BuildStairs","Stairs",30,"SelectedMaterial","0 0 0","Construct"),
("BuildScaffold","Scaffold",10,"SelectedMaterial","0 0 0","Construct"),
("BuildRamp","ThatchRamp",20,"SelectedMaterial","0 0 0","Construct"),
("BuildRampCorner","RampCorner",10,"SelectedMaterial","0 0 0","Construct"),
("BuildWorkshop","Workshop",20,"SelectedMaterial","0 0 0","Construct"),
("BuildItem","Item",10,"SelectedMaterial","0 0 0","Construct"),
("BuildStorage","Storage",10,"SelectedMaterial","0 0 0","Construct"),
("BuildFurniture","Furniture",10,"none","0 0 0","Construct"),
("BuildDoor","Door",10,"none","0 0 0","Construct"),
("BuildTorch","Torch",10,"none","0 0 0","Construct"),
("Harvest","none",10,"none","0 0 0","Harvest"),
("HarvestTree","none",10,"none","0 0 0","Harvest"),
("PlantTree","none",10,"none","0 0 0","PlantTree"),
("Till","none",10,"none","0 0 0","Till"),
("Plant","none",10,"none","0 0 0","Plant"),
("PlantFarm","none",10,"none","0 0 0","Plant"),
("FellTree","none",10,"none","0 0 0","FellTree"),
("CraftAtWorkshop","none",50,"none","0 0 0","Craft"),
("ManMarketStall","none",10000,"none","0 0 0","Trade"),
("ButcherCorpse","none",50,"none","0 0 0","ButcherCorpse"),
("ButcherFish","none",50,"none","0 0 0","ButcherFish"),
("Magic_Nature_SpeedGrowth","none",0.0,"none","0 0 0","PrepareSpell"),
("Magic_Nature_SpeedGrowth","none",100,"none","0 0 0","CastSpell"),
("Magic_Nature_SpeedGrowth","none",0.0,"none","0 0 0","FinishSpell"),
("Magic_Geomancy_RevealOre","none",0.0,"none","0 0 0","PrepareSpell"),
("Magic_Geomancy_RevealOre","none",100,"none","0 0 0","CastSpell"),
("Magic_Geomancy_RevealOre","none",0.0,"none","0 0 0","FinishSpell");

CREATE TABLE IF NOT EXISTS Jobs_SpriteID ( 
ParentID VARCHAR(30) NULL ,
Offset_ VARCHAR(11) NULL,
Rotate BOOLEAN NULL,
SpriteID VARCHAR(30) NULL ,
Type_ VARCHAR(30) NULL  );

INSERT INTO Jobs_SpriteID VALUES 
("Mine","0 0 0",false,"SolidSelectionWall","none"),
("DigHole","0 0 -1",false,"SolidSelectionWall","none"),
("DigHole","0 0 0",false,"SolidSelectionFloor","Floor"),
("ExplorativeMine","0 0 0",false,"SolidSelectionWall","none"),
("RemoveRamp","0 0 0",false,"SolidSelectionWall","none"),
("RemoveFloor","0 0 0",false,"SolidSelectionFloor","Floor"),
("Deconstruct","0 0 0",false,"SelectionWall","none"),
("RemovePlant","0 0 0",false,"SelectionWall","none"),
("MineStairsUp","0 0 0",true,"Stairs","none"),
("MineStairsUp","0 0 1",true,"StairsTop","Floor"),
("DigStairsDown","0 0 -1",true,"Stairs","none"),
("DigStairsDown","0 0 0",true,"StairsTop","Floor"),
("DigStairsDown","0 0 0",false,"SelectionWall","Wall"),
("DigRampDown","0 0 -1",true,"Ramp","none"),
("DigRampDown","0 0 0",true,"RampTop","Floor"),
("BuildWall","0 0 0",false,"SolidSelectionWall","none"),
("BuildFence","0 0 0",false,"WoodFence","none"),
("BuildFloor","0 0 0",false,"SolidSelectionFloor","Floor"),
("BuildWallFloor","0 0 0",false,"SelectionFloor","Floor"),
("BuildWallFloor","0 0 0",false,"SelectionWall","Wall"),
("BuildStairs","0 0 0",true,"Stairs","none"),
("BuildStairs","0 0 1",true,"StairsTop","Floor"),
("BuildScaffold","0 0 0",false,"Scaffold","Wall"),
("BuildScaffold","0 0 1",false,"ScaffoldFloor","Floor"),
("BuildRamp","0 0 0",true,"ThatchRamp","none"),
("BuildRamp","0 0 1",false,"ThatchRampTop","Floor"),
("BuildRampCorner","0 0 0",true,"OuterCornerRamp","none"),
("Harvest","0 0 0",false,"SolidSelectionWall","none"),
("HarvestTree","0 0 0",false,"SolidSelectionWall","none"),
("PlantTree","0 0 0",false,"Sapling","none"),
("Till","0 0 0",false,"SolidSelectionFloor","Floor"),
("Plant","0 0 0",false,"SelectionFloor","Floor"),
("PlantFarm","0 0 0",false,"SelectionFloor","Floor"),
("FellTree","0 0 0",false,"SolidSelectionWall","none"),
("Magic_Nature_SpeedGrowth","0 0 0",false,"Pentagram","Floor"),
("Magic_Geomancy_RevealOre","0 0 0",false,"Pentagram","Floor");

CREATE TABLE IF NOT EXISTS Magic ( 
ID VARCHAR(30) NULL ,
Color VARCHAR(30) NULL ,
Spells VARCHAR(50) NULL );

INSERT INTO Magic VALUES 
("Nature","255 106 0 255","SpeedGrowth"),
("Geomancy","175 114 86 255","RevealOre");

CREATE TABLE IF NOT EXISTS MaterialToToolLevel ( 
ID VARCHAR(30) NULL ,
RequiredToolLevel DOUBLE NULL,
ToolLevel DOUBLE NULL );

INSERT INTO MaterialToToolLevel VALUES 
("Wood",1,1),
("Dirt",1,0),
("Sand",1,0),
("Clay",1,0),
("FlintStone",1,2),
("Stone",2,2),
("Basalt",3,2),
("Granite",4,2),
("Sandstone",1,1),
("Copper",2,2),
("Bronze",3,3),
("Iron",3,4),
("Steel",4,5),
("Diamond",5,6);

CREATE TABLE IF NOT EXISTS Materials ( 
ID VARCHAR(30) NULL ,
Color VARCHAR(30) NULL ,
Strength VARCHAR(30) NULL ,
Type_ VARCHAR(30) NULL ,
Value_ VARCHAR(30) NULL  );

INSERT INTO Materials VALUES 
("None","255 255 255 240","0","None","0"),
("Grass","none","0","Plant","1"),
("Dirt","171 125 35 255","0.5","Soil","1"),
("Sand","235 235 100 255","0.5","Sand","1.2"),
("Clay","144 88 78 255","0.5","Clay","1.2"),
("Granite","128 128 128 255","0.7","Stone","1.5"),
("Basalt","64 64 64 255","0.7","Stone","1.8"),
("Marble","255 255 255 255","0.7","Stone","5"),
("Sandstone","192 118 67 255","0.7","Stone","1.2"),
("Bauxite","127 63 63 255","0.7","Stone","1.3"),
("Serpentine","137 168 106 255","0.7","Stone","1.5"),
("LapisLazuli","75 93 255 255","0.7","Stone","1.7"),
("Obsidian","16 16 16 255","3.4","Stone","5"),
("Water","0 0 255 128","0.1","Liquid","1"),
("Lava","255 90 0 255","1","Liquid","0"),
("Pine","199 134 54 255","0.5","Wood","1"),
("Oak","169 104 54 255","0.7","Wood","1"),
("AppleWood","199 101 54 255","0.5","Wood","1.5"),
("Birch","242 210 105 255","0.5","Wood","2"),
("Coal","64 64 64 255","0.5","Coal","1"),
("Copper","214 74 0 255","1","Metal","1.2"),
("Malachite","28 140 70 255","1","Metal","2"),
("Tin","127 127 127 255","0.5","Metal","1.2"),
("Bronze","166 125 61 255","1.9","Metal","3"),
("Iron","76 76 76 255","3.4","Metal","2"),
("Steel","70 130 180 255","5.2","Metal","5"),
("Lead","118 136 143 255","0.75","Metal","3"),
("Silver","192 192 192 255","0.75","Metal","10"),
("Gold","255 215 0 255","0.5","Metal","15"),
("RoseGold","183 110 121 255","0.5","Metal","12"),
("Platinum","229 228 226 255","0.5","Metal","18"),
("FlintStone","0 0 0 255","0.7","Gem","3"),
("Emerald","25 233 25 255","3","Gem","4"),
("Amethyst","173 15 255 255","3","Gem","4"),
("Diamond","255 255 255 255","3","Gem","10"),
("Sapphire","0 0 160 255","3","Gem","4"),
("Ruby","255 0 0 255","3","Gem","4"),
("Amber","239 75 5 255","3","Gem","2"),
("Beryll","0 154 58 255","3","Gem","4"),
("Topaz","255 255 128 255","3","Gem","4"),
("Wool","255 255 255 255","0.1","Cloth","1"),
("OrangeWood","198 161 115 255","0.5","Wood","2"),
("Mushroom","none","0.1","Plant","1"),
("Silica","255 255 255 255","0.5","Soil","1"),
("Ceramic","164 79 58 255","0.7","Stone","2"),
("Glass","255 255 255 255","0.1","Glass","2"),
("Chicken","255 255 255 255","0.1","Animal","1"),
("Emu","255 255 255 255","0.1","Animal","1"),
("Yak","255 255 255 255","0.1","Animal","1"),
("Sheep","255 255 255 255","0.1","Animal","1"),
("Pig","255 255 255 255","0.1","Animal","1"),
("Cow","255 255 255 255","0.1","Animal","1"),
("Rabbit","255 255 255 255","0.1","Animal","1"),
("Llama","255 255 255 255","0.1","Animal","1"),
("Duck","255 255 255 255","0.1","Animal","1"),
("Goose","255 255 255 255","0.1","Animal","1"),
("Dog","255 255 255 255","0.1","Animal","1"),
("Cat","255 255 255 255","0.1","Animal","1"),
("Porcupine","255 255 255 255","0.1","Animal","1"),
("Fox","255 255 255 255","0.1","Animal","1"),
("Wolf","255 255 255 255","0.1","Animal","1"),
("Deer","255 255 255 255","0.1","Animal","1"),
("Goat","255 255 255 255","0.1","Animal","1"),
("Squirrel","255 255 255 255","0.1","Animal","1"),
("GreyFish","255 255 255 255","0.1","Animal","1"),
("GreenFish","255 255 255 255","0.1","Animal","1"),
("ChickenBone","255 255 255 255","0.1","Bone","1"),
("EmuBone","255 255 255 255","0.1","Bone","1"),
("YakBone","255 255 255 255","0.1","Bone","1"),
("SheepBone","255 255 255 255","0.1","Bone","1"),
("PigBone","255 255 255 255","0.1","Bone","1"),
("CowBone","255 255 255 255","0.1","Bone","1"),
("RabbitBone","255 255 255 255","0.1","Bone","1"),
("LlamaBone","255 255 255 255","0.1","Bone","1"),
("DuckBone","255 255 255 255","0.1","Bone","1"),
("GooseBone","255 255 255 255","0.1","Bone","1"),
("DogBone","255 255 255 255","0.1","Bone","1"),
("CatBone","255 255 255 255","0.1","Bone","1"),
("PorcupineBone","255 255 255 255","0.1","Bone","1"),
("FoxBone","255 255 255 255","0.1","Bone","1"),
("WolfBone","255 255 255 255","0.1","Bone","1"),
("DeerBone","255 255 255 255","0.1","Bone","1"),
("GoatBone","255 255 255 255","0.1","Bone","1"),
("SquirrelBone","255 255 255 255","0.1","Bone","1"),
("GreyFishBone","255 255 255 255","0.1","Bone","1"),
("GreenFishBone","255 255 255 255","0.1","Bone","1"),
("JobYellow","255 255 0 60","none","none","none"),
("JobGreen","128 255 128 60","none","none","none"),
("JobPurple","255 0 255 60","none","none","none"),
("RendererStockpile","200 255 50 64","none","none","none"),
("RendererGrove","128 255 255 64","none","none","none"),
("RendererFarm","255 128 255 64","none","none","none"),
("RendererWorkshop","245 140 180 64","none","none","none"),
("Green","0 255 0 255","none","Dye","2"),
("Red","255 0 0 255","none","Dye","2"),
("Blue","0 0 255 255","none","Dye","2"),
("Purple","255 0 255 255","none","Dye","2"),
("Cyan","0 255 255 255","none","Dye","2"),
("Yellow","255 255 0 255","none","Dye","2"),
("Grey","120 120 120 255","none","Dye","2"),
("Goblin","255 255 255 255","none","Monster","2"),
("Strawberry","none","0.1","Fruit","1"),
("Apple","none","0.1","Fruit","1"),
("Orange","none","0.1","Fruit","1"),
("Wheat","253 196 23 255","0.25","Grain","1"),
("Cotton","none","0.1","Cloth","1"),
("Carrot","none","0.1","Vegetable","1"),
("Onion","none","0.1","Vegetable","1"),
("Potato","none","0.1","Vegetable","1"),
("Cabbage","none","0.1","Vegetable","1"),
("Asparagus","none","0.1","Vegetable","1"),
("Broccoli","none","0.1","Vegetable","1"),
("Cauliflower","none","0.1","Vegetable","1"),
("Cucumber","none","0.1","Vegetable","1"),
("Garlic","none","0.1","Vegetable","1"),
("Parsnip","none","0.1","Vegetable","1"),
("Radish","none","0.1","Vegetable","1"),
("Turnip","none","0.1","Vegetable","1"),
("Lettuce","none","0.1","Vegetable","1"),
("Melon","none","0.1","Fruit","1"),
("Sugarbeet","none","0.1","Vegetable","1"),
("Pumpkin","none","0.1","Fruit","1"),
("Peas","none","0.1","Vegetable","1"),
("Tea","none","0.1","Leaves","1"),
("Tobacco","none","0.1","Leaves","1"),
("Pineapple","none","0.1","Fruit","1"),
("Leek","none","0.1","Vegetable","1"),
("Corn","none","0.1","Vegetable","1"),
("Beans","none","0.1","Vegetable","1"),
("Blackberry","none","0.1","Berries","1"),
("Artichoke","none","0.1","Vegetable","1"),
("Bottlegourd","none","0.1","Vegetable","1"),
("Tomato","none","0.1","Vegetable","1"),
("Capsicum","none","0.1","Vegetable","1"),
("Grape","none","0.1","Berries","1"),
("BeetRoot","255 0 0 255","0.1","Vegetable","1"),
("Woad","none","0.1","Leaves","1"),
("DyersWeed","none","0.1","Leaves","1"),
("Barley","none","0.1","Grain","1"),
("Oat","none","0.1","Grain","1"),
("Millet","none","0.1","Grain","1");

CREATE TABLE IF NOT EXISTS Monsters ( 
ID VARCHAR(30) NULL ,
BehaviorTree VARCHAR(30) NULL ,
Food VARCHAR(50) NULL );

INSERT INTO Monsters VALUES 
("Goblin","Monster","Vegetable");

CREATE TABLE IF NOT EXISTS Monsters_Levels ( 
ParentID VARCHAR(30) NULL ,
Level DOUBLE NULL,
Sprite VARCHAR(30) NULL  );

INSERT INTO Monsters_Levels VALUES 
("Goblin",0,"Goblin");

CREATE TABLE IF NOT EXISTS Namerules ( 
ID VARCHAR(30) NULL  );

INSERT INTO Namerules VALUES 
("Faction"),
("Squad"),
("Item"),
("EnemyName");

CREATE TABLE IF NOT EXISTS Namerules_Rule ( 
ParentID VARCHAR(30) NULL ,
Part VARCHAR(50) NULL );

INSERT INTO Namerules_Rule VALUES 
("Faction","Compound_Noun_Singular"),
("Faction","The|Adjective|Noun_Singular"),
("Faction","Land|of|Noun_Plural"),
("Faction","The|Adjective|Kingdom"),
("Faction","The|Noun_Singular|Kingdom"),
("Faction","The|Verb_PastParticiple|Land"),
("Squad","The|Verb_PresentParticiple|Noun_Plural"),
("Squad","The|Verb_PresentParticiple|Noun_Plural|Of|Noun_Singular"),
("Squad","The|Adjective|Noun_Plural"),
("Squad","The|Verb_PastParticiple|Noun_Plural"),
("Squad","The|Adjective|Noun_Plural|Of|Noun_Singular"),
("Squad","Adjective|Noun_Plural"),
("Squad","Verb_PastParticiple|Noun_Plural"),
("Squad","The|Adjective|ActionNoun_Plural"),
("Squad","Adjective|ActionNoun_Plural"),
("Squad","The|Adjective|ActionNoun_Plural|Of|Noun_Singular"),
("Squad","The|Compound_ActionNoun_Plural|Of|Noun_Singular"),
("Squad","The|Compound_ActionNoun_Plural"),
("Item","The|Noun_Singular|Of|The_Noun"),
("Item","The|Adjective|Noun_Singular|Of|The_Noun"),
("Item","The|ActionNoun_Singular|Of|The_Noun"),
("Item","The|Adjective|Noun_Singular"),
("Item","The|Adjective|ActionNoun_Singular"),
("Item","The|Verb_PresentParticiple|Of|The_Noun"),
("Item","The|Verb_PresentParticiple|Noun_Singular"),
("Item","The|Verb_PastParticiple|Noun_Singular"),
("Item","The|Verb_PastParticiple|ActionNoun"),
("Item","Compound_Noun_Singular"),
("Item","The|Compound_Noun_Singular"),
("Item","Compound_ActionNoun_Singular"),
("Item","The|Compound_ActionNoun_Singular"),
("Item","The|Compound_Verb_PresentParticiple"),
("Item","The|GenericNoun|Of|Noun"),
("Item","The|Verb_PresentParticiple|GenericNoun"),
("Item","The|Adjective|GenericNoun"),
("EnemyName","ProperNoun|The|Compound_ActionNoun_Singular"),
("EnemyName","ProperNoun|The|ActionNoun_Singular"),
("EnemyName","ProperNoun|The|Noun_Singular"),
("EnemyName","ProperNoun|The|Verb_PresentParticiple|Noun_Singular"),
("EnemyName","ProperNoun|The|GenericNoun|Of|Noun"),
("EnemyName","ProperNoun|The|Adjective|GenericNoun");

CREATE TABLE IF NOT EXISTS Needs ( 
ID VARCHAR(30) NULL ,
BarColor VARCHAR(30) NULL ,
DecayPerMinute DOUBLE NULL,
GainFromSleep DOUBLE NULL,
Max_ DOUBLE NULL );

INSERT INTO Needs VALUES 
("Sleep","#FFFFA0",-0.03,0.35,100),
("Hunger","#FFA0A0",-0.025,0.0,100),
("Thirst","#A0A0FF",-0.025,0.0,100),
("Happiness","#C050C0",0.0,0.0,100);

CREATE TABLE IF NOT EXISTS Needs_States ( 
ParentID VARCHAR(30) NULL ,
ID VARCHAR(30) NULL ,
Action VARCHAR(30) NULL ,
Priority DOUBLE NULL,
ThoughtBubble VARCHAR(30) NULL ,
Threshold DOUBLE NULL );

INSERT INTO Needs_States VALUES 
("Sleep","DeadTired","FallAsleepOnSpot",3,"Sleeping",0),
("Sleep","VerySleepy","Sleep",2,"none",25),
("Hunger","StarvedToDeath","Die",0.0,"none",-100),
("Hunger","Starving","EatClosest",5,"Hungry",0),
("Hunger","VeryHungry","Eat",4,"Hungry",15),
("Hunger","Hungry","EatBest",3,"Hungry",30),
("Thirst","DiedFromThirst","Die",0.0,"none",-100),
("Thirst","Dehydrated","DrinkClosest",5,"Thirsty",0),
("Thirst","VeryThirsty","Drink",4,"Thirsty",15),
("Thirst","Thirsty","DrinkBest",3,"Thirsty",30),
("Happiness","VeryHappy","none",0.0,"none",80),
("Happiness","Happy","none",0.0,"none",60),
("Happiness","Unhappy","none",0.0,"none",40),
("Happiness","VeryUnhappy","none",0.0,"none",20),
("Happiness","Depressed","none",0.0,"none",0);

CREATE TABLE IF NOT EXISTS Needs_States_Modifiers ( 
ParentID VARCHAR(30) NULL ,
Attribute VARCHAR(30) NULL ,
Type_ VARCHAR(30) NULL ,
Value_ DOUBLE NULL );

INSERT INTO Needs_States_Modifiers VALUES 
("Sleep_DeadTired","Dex","Attribute",-5),
("Sleep_DeadTired","Happiness","Need",-20),
("Sleep_VerySleepy","Dex","Attribute",-2),
("Hunger_Starving","Str","Attribute",-5),
("Hunger_Starving","Happiness","Need",-20),
("Hunger_VeryHungry","Str","Attribute",-2),
("Hunger_VeryHungry","Happiness","Need",-10),
("Hunger_Hungry","Str","Attribute",-1),
("Thirst_Dehydrated","Int","Attribute",-5),
("Thirst_Dehydrated","Happiness","Need",-20),
("Thirst_VeryThirsty","Int","Attribute",-2),
("Thirst_VeryThirsty","Happiness","Need",-10),
("Thirst_Thirsty","Int","Attribute",-1);

CREATE TABLE IF NOT EXISTS Plants ( 
ID VARCHAR(30) NULL ,
AllowInWild BOOLEAN NULL,
FruitItemID VARCHAR(30) NULL ,
GrowsIn VARCHAR(30) NULL ,
GrowsInSeason VARCHAR(50) NULL,
IsKilledInSeason VARCHAR(30) NULL ,
IsLarge BOOLEAN NULL,
LosesFruitInSeason VARCHAR(30) NULL ,
Material VARCHAR(30) NULL ,
NumFruitsPerSeason DOUBLE NULL,
SeedItemID VARCHAR(30) NULL ,
ToolButtonSprite VARCHAR(30) NULL ,
Type_ VARCHAR(30) NULL  );

INSERT INTO Plants VALUES 
("Strawberry",true,"none","Sun","Spring|Summer|Autumn","none",false,"Winter","Strawberry",0.0,"Seed","none","Plant"),
("Carrot",true,"none","Sun","Spring|Summer|Autumn","Winter",false,"none","Carrot",0.0,"Seed","none","Plant"),
("Onion",true,"none","Sun","Spring|Summer|Autumn","Winter",false,"none","Onion",0.0,"Vegetable","none","Plant"),
("Potato",false,"none","Sun","Spring|Summer|Autumn","Winter",false,"none","Potato",0.0,"Vegetable","none","Plant"),
("Cabbage",false,"none","Sun","Spring|Summer|Autumn","Winter",false,"none","Cabbage",0.0,"Seed","none","Plant"),
("Asparagus",false,"none","Sun","Spring|Summer|Autumn","none",false,"Winter","Asparagus",0.0,"Seed","none","Plant"),
("Broccoli",false,"none","Sun","Spring|Summer|Autumn","Winter",false,"none","Broccoli",0.0,"Seed","none","Plant"),
("Cauliflower",false,"none","Sun","Spring|Summer|Autumn","Winter",false,"none","Cauliflower",0.0,"Seed","none","Plant"),
("Cucumber",false,"none","Sun","Spring|Summer|Autumn","Winter",false,"none","Cucumber",0.0,"Seed","none","Plant"),
("Garlic",false,"none","Sun","Spring|Summer|Autumn","Winter",false,"none","Garlic",0.0,"Seed","none","Plant"),
("Parsnip",false,"none","Sun","Spring|Summer|Autumn","Winter",false,"none","Parsnip",0.0,"Seed","none","Plant"),
("Radish",false,"none","Sun","Spring|Summer|Autumn","Winter",false,"none","Radish",0.0,"Seed","none","Plant"),
("Turnip",false,"none","Sun","Spring|Summer|Autumn","Winter",false,"none","Turnip",0.0,"Seed","none","Plant"),
("Lettuce",false,"none","Sun","Spring|Summer|Autumn","Winter",false,"none","Lettuce",0.0,"Seed","none","Plant"),
("Melon",false,"none","Sun","Spring|Summer|Autumn","Winter",false,"none","Melon",0.0,"Seed","none","Plant"),
("Sugarbeet",false,"none","Sun","Spring|Summer|Autumn","Winter",false,"none","Sugarbeet",0.0,"Seed","none","Plant"),
("Pumpkin",false,"none","Sun","Spring|Summer|Autumn","Winter",false,"none","Pumpkin",0.0,"Seed","none","Plant"),
("Peas",false,"none","Sun","Spring|Summer|Autumn","Winter",false,"none","Peas",0.0,"Seed","none","Plant"),
("BeetRoot",false,"none","Sun","Spring|Summer|Autumn","Winter",false,"none","BeetRoot",0.0,"Seed","none","Plant"),
("Wheat",false,"none","Sun","Spring|Summer|Autumn","Winter",false,"none","Wheat",0.0,"Seed","none","Plant"),
("Barley",false,"none","Sun","Spring|Summer|Autumn","Winter",false,"none","Barley",0.0,"Seed","none","Plant"),
("Oat",false,"none","Sun","Spring|Summer|Autumn","Winter",false,"none","Oat",0.0,"Seed","none","Plant"),
("Millet",false,"none","Sun","Spring|Summer|Autumn","Winter",false,"none","Millet",0.0,"Seed","none","Plant"),
("Cotton",true,"none","Sun","Spring|Summer|Autumn","Winter",false,"none","Cotton",0.0,"Seed","none","Plant"),
("Tea",false,"none","Sun","Spring|Summer|Autumn","Winter",false,"none","Tea",0.0,"Seed","none","Plant"),
("Tobacco",false,"none","Sun","Spring|Summer|Autumn","Winter",false,"none","Tobacco",0.0,"Seed","none","Plant"),
("Pineapple",false,"none","Sun","Spring|Summer|Autumn","Winter",false,"none","Pineapple",0.0,"Seed","none","Plant"),
("Corn",false,"none","Sun","Spring|Summer|Autumn","Winter",false,"none","Corn",0.0,"Seed","none","Plant"),
("Leek",false,"none","Sun","Spring|Summer|Autumn","Winter",false,"none","Leek",0.0,"Seed","none","Plant"),
("Beans",false,"none","Sun","Spring|Summer|Autumn","Winter",false,"none","Beans",0.0,"Seed","none","Plant"),
("Blackberry",true,"none","Sun","Spring|Summer|Autumn","Winter",false,"none","Blackberry",0.0,"Seed","none","Plant"),
("Artichoke",false,"none","Sun","Spring|Summer|Autumn","Winter",false,"none","Artichoke",0.0,"Seed","none","Plant"),
("Bottlegourd",false,"none","Sun","Spring|Summer|Autumn","Winter",false,"none","Bottlegourd",0.0,"Seed","none","Plant"),
("Grape",false,"none","Sun","Spring|Summer|Autumn","Winter",false,"none","Grape",0.0,"Seed","none","Plant"),
("Tomato",false,"none","Sun","Spring|Summer|Autumn","Winter",false,"none","Tomato",0.0,"Seed","none","Plant"),
("Capsicum",false,"none","Sun","Spring|Summer|Autumn","Winter",false,"none","Capsicum",0.0,"Seed","none","Plant"),
("Woad",false,"none","Sun","Spring|Summer|Autumn","Winter",false,"none","Woad",0.0,"Seed","none","Plant"),
("DyersWeed",false,"none","Sun","Spring|Summer|Autumn","Winter",false,"none","DyersWeed",0.0,"Seed","none","Plant"),
("PineTree",false,"none","Sun","Spring|Summer|Autumn","none",false,"none","Pine",0.0,"Cone","PineTree","Tree"),
("AppleTree",false,"Fruit","Sun","Spring|Summer|Autumn","none",false,"Winter","Apple",9,"Fruit","AppleTree","Tree"),
("OrangeTree",false,"Fruit","Sun","Spring|Summer|Autumn","none",false,"Winter","Orange",9,"Fruit","OrangeTree","Tree"),
("OakTree",false,"none","Sun","Spring|Summer|Autumn","none",false,"none","Oak",0.0,"Oak","OakTree212","Tree"),
("Mushroom1",false,"none","Dark","Spring|Summer|Autumn|Winter","none",true,"none","Mushroom",0.0,"none","none","Mushroom"),
("Mushroom2",false,"none","Dark","Spring|Summer|Autumn|Winter","none",true,"none","Mushroom",0.0,"none","none","Mushroom"),
("Mushroom3",false,"none","Dark","Spring|Summer|Autumn|Winter","none",true,"none","Mushroom",0.0,"none","none","Mushroom"),
("StrawMushroom",true,"none","Dark","Spring|Summer|Autumn|Winter","none",false,"none","Mushroom",0.0,"Spore","none","Mushroom"),
("WoodMushroom",true,"none","Dark","Spring|Summer|Autumn|Winter","none",false,"none","Mushroom",0.0,"Spore","none","Mushroom"),
("FibreMushroom",true,"none","Dark","Spring|Summer|Autumn|Winter","none",false,"none","Mushroom",0.0,"Spore","none","Mushroom"),
("GrainMushroom",true,"none","Dark","Spring|Summer|Autumn|Winter","none",false,"none","Mushroom",0.0,"Spore","none","Mushroom");

CREATE TABLE IF NOT EXISTS Plants_OnHarvest ( 
ParentID VARCHAR(30) NULL ,
Action VARCHAR(30) NULL  );

INSERT INTO Plants_OnHarvest VALUES 
("Strawberry","StateOneBack"),
("Carrot","Destroy"),
("Onion","Destroy"),
("Potato","Destroy"),
("Cabbage","Destroy"),
("Asparagus","Destroy"),
("Broccoli","Destroy"),
("Cauliflower","Destroy"),
("Cucumber","StateOneBack"),
("Garlic","Destroy"),
("Parsnip","Destroy"),
("Radish","Destroy"),
("Turnip","Destroy"),
("Lettuce","Destroy"),
("Melon","Destroy"),
("Sugarbeet","Destroy"),
("Pumpkin","Destroy"),
("Peas","Destroy"),
("BeetRoot","Destroy"),
("Wheat","Destroy"),
("Barley","Destroy"),
("Oat","Destroy"),
("Millet","Destroy"),
("Cotton","StateOneBack"),
("Tea","StateOneBack"),
("Tobacco","Destroy"),
("Pineapple","StateOneBack"),
("Corn","Destroy"),
("Leek","Destroy"),
("Beans","StateOneBack"),
("Blackberry","StateOneBack"),
("Artichoke","Destroy"),
("Bottlegourd","StateOneBack"),
("Grape","StateOneBack"),
("Tomato","StateOneBack"),
("Capsicum","Destroy"),
("Woad","StateOneBack"),
("DyersWeed","StateOneBack"),
("AppleTree","ReduceFruitCount"),
("OrangeTree","ReduceFruitCount");

CREATE TABLE IF NOT EXISTS Plants_OnHarvest_HarvestedItem ( 
ParentID VARCHAR(30) NULL ,
Chance DOUBLE NULL,
ItemID VARCHAR(30) NULL ,
MaterialID VARCHAR(30) NULL  );

INSERT INTO Plants_OnHarvest_HarvestedItem VALUES 
("Strawberry",0.0,"Fruit","Strawberry"),
("Strawberry",0.0,"Seed","Strawberry"),
("Strawberry",0.5,"Seed","Strawberry"),
("Carrot",0.0,"Vegetable","Carrot"),
("Carrot",0.0,"Seed","Carrot"),
("Carrot",0.5,"Seed","Carrot"),
("Onion",0.0,"Vegetable","Onion"),
("Onion",0.0,"Vegetable","Onion"),
("Onion",0.5,"Vegetable","Onion"),
("Potato",0.0,"Vegetable","Potato"),
("Potato",0.0,"Vegetable","Potato"),
("Potato",0.5,"Vegetable","Potato"),
("Cabbage",0.0,"Vegetable","Cabbage"),
("Cabbage",0.0,"Seed","Cabbage"),
("Cabbage",0.5,"Seed","Cabbage"),
("Asparagus",0.0,"Vegetable","Asparagus"),
("Asparagus",0.0,"Seed","Asparagus"),
("Asparagus",0.5,"Seed","Asparagus"),
("Broccoli",0.0,"Vegetable","Broccoli"),
("Broccoli",0.0,"Seed","Broccoli"),
("Broccoli",0.5,"Seed","Broccoli"),
("Cauliflower",0.0,"Vegetable","Cauliflower"),
("Cauliflower",0.0,"Seed","Cauliflower"),
("Cauliflower",0.5,"Seed","Cauliflower"),
("Cucumber",0.0,"Vegetable","Cucumber"),
("Cucumber",0.0,"Seed","Cucumber"),
("Cucumber",0.5,"Seed","Cucumber"),
("Garlic",0.0,"Vegetable","Garlic"),
("Garlic",0.0,"Seed","Garlic"),
("Garlic",0.5,"Seed","Garlic"),
("Parsnip",0.0,"Vegetable","Parsnip"),
("Parsnip",0.0,"Seed","Parsnip"),
("Parsnip",0.5,"Seed","Parsnip"),
("Radish",0.0,"Vegetable","Radish"),
("Radish",0.0,"Seed","Radish"),
("Radish",0.5,"Seed","Radish"),
("Turnip",0.0,"Vegetable","Turnip"),
("Turnip",0.0,"Seed","Turnip"),
("Turnip",0.5,"Seed","Turnip"),
("Lettuce",0.0,"Vegetable","Lettuce"),
("Lettuce",0.0,"Seed","Lettuce"),
("Lettuce",0.5,"Seed","Lettuce"),
("Melon",0.0,"Fruit","Melon"),
("Melon",0.0,"Seed","Melon"),
("Melon",0.5,"Seed","Melon"),
("Sugarbeet",0.0,"Vegetable","Sugarbeet"),
("Sugarbeet",0.0,"Seed","Sugarbeet"),
("Sugarbeet",0.5,"Seed","Sugarbeet"),
("Pumpkin",0.0,"Fruit","Pumpkin"),
("Pumpkin",0.0,"Seed","Pumpkin"),
("Pumpkin",0.5,"Seed","Pumpkin"),
("Peas",0.0,"Vegetable","Peas"),
("Peas",0.0,"Seed","Peas"),
("Peas",0.5,"Seed","Peas"),
("BeetRoot",0.0,"Vegetable","BeetRoot"),
("BeetRoot",0.0,"Seed","BeetRoot"),
("BeetRoot",0.5,"Seed","BeetRoot"),
("Wheat",0.0,"Grain","Wheat"),
("Wheat",0.0,"Straw","Wheat"),
("Wheat",0.0,"Seed","Wheat"),
("Wheat",0.5,"Seed","Wheat"),
("Barley",0.0,"Grain","Barley"),
("Barley",0.0,"Straw","Barley"),
("Barley",0.0,"Seed","Barley"),
("Barley",0.5,"Seed","Barley"),
("Oat",0.0,"Grain","Oat"),
("Oat",0.0,"Straw","Oat"),
("Oat",0.0,"Seed","Oat"),
("Oat",0.5,"Seed","Oat"),
("Millet",0.0,"Grain","Millet"),
("Millet",0.0,"Straw","Millet"),
("Millet",0.0,"Seed","Millet"),
("Millet",0.5,"Seed","Millet"),
("Cotton",0.0,"RawCloth","Cotton"),
("Cotton",0.0,"Seed","Cotton"),
("Cotton",0.5,"Seed","Cotton"),
("Tea",0.0,"Leaves","Tea"),
("Tea",0.0,"Seed","Tea"),
("Tea",0.5,"Seed","Tea"),
("Tobacco",0.0,"Leaves","Tobacco"),
("Tobacco",0.0,"Seed","Tobacco"),
("Tobacco",0.5,"Seed","Tobacco"),
("Pineapple",0.0,"Fruit","Pineapple"),
("Pineapple",0.0,"Seed","Pineapple"),
("Pineapple",0.5,"Seed","Pineapple"),
("Corn",0.0,"Vegetable","Corn"),
("Corn",0.0,"Seed","Corn"),
("Corn",0.5,"Seed","Corn"),
("Leek",0.0,"Vegetable","Leek"),
("Leek",0.0,"Seed","Leek"),
("Leek",0.5,"Seed","Leek"),
("Beans",0.0,"Vegetable","Beans"),
("Beans",0.0,"Seed","Beans"),
("Beans",0.5,"Seed","Beans"),
("Blackberry",0.0,"Berries","Blackberry"),
("Blackberry",0.0,"Seed","Blackberry"),
("Blackberry",0.5,"Seed","Blackberry"),
("Artichoke",0.0,"Vegetable","Artichoke"),
("Artichoke",0.0,"Seed","Artichoke"),
("Artichoke",0.5,"Seed","Artichoke"),
("Bottlegourd",0.0,"Vegetable","Bottlegourd"),
("Bottlegourd",0.0,"Seed","Bottlegourd"),
("Bottlegourd",0.5,"Seed","Bottlegourd"),
("Grape",0.0,"Berries","Grape"),
("Grape",0.0,"Seed","Grape"),
("Grape",0.5,"Seed","Grape"),
("Tomato",0.0,"Vegetable","Tomato"),
("Tomato",0.0,"Seed","Tomato"),
("Tomato",0.5,"Seed","Tomato"),
("Capsicum",0.0,"Vegetable","Capsicum"),
("Capsicum",0.0,"Seed","Capsicum"),
("Capsicum",0.5,"Seed","Capsicum"),
("Woad",0.0,"Leaves","Woad"),
("Woad",0.0,"Seed","Woad"),
("Woad",0.5,"Seed","Woad"),
("DyersWeed",0.0,"Leaves","DyersWeed"),
("DyersWeed",0.0,"Seed","DyersWeed"),
("DyersWeed",0.5,"Seed","DyersWeed"),
("AppleTree",0.0,"Fruit","Apple"),
("OrangeTree",0.0,"Fruit","Orange");

CREATE TABLE IF NOT EXISTS Plants_States ( 
ParentID VARCHAR(30) NULL ,
ID VARCHAR(30) NULL ,
Fell BOOLEAN NULL,
GrowTime DOUBLE NULL,
GrowTimeDeviation DOUBLE NULL,
Harvest BOOLEAN NULL,
Layout VARCHAR(30) NULL ,
SpriteID VARCHAR(30) NULL  );

INSERT INTO Plants_States VALUES 
("Strawberry","Planted",false,4.5,0.0,false,"none","PlantedSoil"),
("Strawberry","GrownNoFruits",false,2,0.0,false,"none","Plant"),
("Strawberry","GrownHasFruits",false,0.0,0.0,true,"none","PlantWithFruit"),
("Carrot","Planted",false,2.5,0.0,false,"none","PlantedSoil"),
("Carrot","GrownNoFruits",false,2.5,0.0,false,"none","Plant"),
("Carrot","GrownHasFruits",false,0.0,0.0,true,"none","PlantWithFruit"),
("Onion","Planted",false,3.75,0.0,false,"none","PlantedSoil"),
("Onion","GrownNoFruits",false,3.75,0.0,false,"none","Plant"),
("Onion","GrownHasFruits",false,0.0,0.0,true,"none","PlantWithFruit"),
("Potato","Planted",false,5.75,0.0,false,"none","PlantedSoil"),
("Potato","GrownNoFruits",false,5.75,0.0,false,"none","Plant"),
("Potato","GrownHasFruits",false,0.0,0.0,true,"none","PlantWithFruit"),
("Cabbage","Planted",false,2,0.0,false,"none","PlantedSoil"),
("Cabbage","GrownNoFruits",false,2,0.0,false,"none","Plant"),
("Cabbage","GrownHasFruits",false,0.0,0.0,true,"none","PlantWithFruit"),
("Asparagus","Planted",false,3.5,0.0,false,"none","PlantedSoil"),
("Asparagus","GrownNoFruits",false,3.5,0.0,false,"none","Plant"),
("Asparagus","GrownHasFruits",false,0.0,0.0,true,"none","PlantWithFruit"),
("Broccoli","Planted",false,3.75,0.0,false,"none","PlantedSoil"),
("Broccoli","GrownNoFruits",false,3.75,0.0,false,"none","Plant"),
("Broccoli","GrownHasFruits",false,0.0,0.0,true,"none","PlantWithFruit"),
("Cauliflower","Planted",false,3.75,0.0,false,"none","PlantedSoil"),
("Cauliflower","GrownNoFruits",false,3.75,0.0,false,"none","Plant"),
("Cauliflower","GrownHasFruits",false,0.0,0.0,true,"none","PlantWithFruit"),
("Cucumber","Planted",false,2.75,0.0,false,"none","PlantedSoil"),
("Cucumber","GrownNoFruits",false,2.75,0.0,false,"none","Plant"),
("Cucumber","GrownHasFruits",false,0.0,0.0,true,"none","PlantWithFruit"),
("Garlic","Planted",false,3.5,0.0,false,"none","PlantedSoil"),
("Garlic","GrownNoFruits",false,3.5,0.0,false,"none","Plant"),
("Garlic","GrownHasFruits",false,0.0,0.0,true,"none","PlantWithFruit"),
("Parsnip","Planted",false,3.75,0.0,false,"none","PlantedSoil"),
("Parsnip","GrownNoFruits",false,3.75,0.0,false,"none","Plant"),
("Parsnip","GrownHasFruits",false,0.0,0.0,true,"none","PlantWithFruit"),
("Radish","Planted",false,3.5,0.0,false,"none","PlantedSoil"),
("Radish","GrownNoFruits",false,3.5,0.0,false,"none","Plant"),
("Radish","GrownHasFruits",false,0.0,0.0,true,"none","PlantWithFruit"),
("Turnip","Planted",false,3.5,0.0,false,"none","PlantedSoil"),
("Turnip","GrownNoFruits",false,3.5,0.0,false,"none","Plant"),
("Turnip","GrownHasFruits",false,0.0,0.0,true,"none","PlantWithFruit"),
("Lettuce","Planted",false,3.5,0.0,false,"none","PlantedSoil"),
("Lettuce","GrownNoFruits",false,3.5,0.0,false,"none","Plant"),
("Lettuce","GrownHasFruits",false,0.0,0.0,true,"none","PlantWithFruit"),
("Melon","Planted",false,3.5,0.0,false,"none","PlantedSoil"),
("Melon","GrownNoFruits",false,3.5,0.0,false,"none","Plant"),
("Melon","GrownHasFruits",false,0.0,0.0,true,"none","PlantWithFruit"),
("Sugarbeet","Planted",false,3.5,0.0,false,"none","PlantedSoil"),
("Sugarbeet","GrownNoFruits",false,3.5,0.0,false,"none","Plant"),
("Sugarbeet","GrownHasFruits",false,0.0,0.0,true,"none","PlantWithFruit"),
("Pumpkin","Planted",false,3.5,0.0,false,"none","PlantedSoil"),
("Pumpkin","GrownNoFruits",false,3.5,0.0,false,"none","Plant"),
("Pumpkin","GrownHasFruits",false,0.0,0.0,true,"none","PlantWithFruit"),
("Peas","Planted",false,3.5,0.0,false,"none","PlantedSoil"),
("Peas","GrownNoFruits",false,3.5,0.0,false,"none","Plant"),
("Peas","GrownHasFruits",false,0.0,0.0,true,"none","PlantWithFruit"),
("BeetRoot","Planted",false,3.5,0.0,false,"none","PlantedSoil"),
("BeetRoot","GrownNoFruits",false,3.5,0.0,false,"none","Plant"),
("BeetRoot","GrownHasFruits",false,0.0,0.0,true,"none","PlantWithFruit"),
("Wheat","Planted",false,3,0.0,false,"none","PlantedSoil"),
("Wheat","GrownNoFruits",false,3,0.0,false,"none","PlantLarge"),
("Wheat","GrownHasFruits",false,0.0,0.0,true,"none","PlantLargeWithFruit"),
("Barley","Planted",false,4,0.0,false,"none","PlantedSoil"),
("Barley","GrownNoFruits",false,4,0.0,false,"none","PlantLarge"),
("Barley","GrownHasFruits",false,0.0,0.0,true,"none","PlantLargeWithFruit"),
("Oat","Planted",false,4,0.0,false,"none","PlantedSoil"),
("Oat","GrownNoFruits",false,4,0.0,false,"none","PlantLarge"),
("Oat","GrownHasFruits",false,0.0,0.0,true,"none","PlantLargeWithFruit"),
("Millet","Planted",false,4,0.0,false,"none","PlantedSoil"),
("Millet","GrownNoFruits",false,4,0.0,false,"none","PlantLarge"),
("Millet","GrownHasFruits",false,0.0,0.0,true,"none","PlantLargeWithFruit"),
("Cotton","Planted",false,3,0.0,false,"none","PlantedSoil"),
("Cotton","GrownNoFruits",false,3,0.0,false,"none","Plant"),
("Cotton","GrownHasFruits",false,0.0,0.0,true,"none","PlantWithFruit"),
("Tea","Planted",false,3.5,0.0,false,"none","PlantedSoil"),
("Tea","GrownNoFruits",false,3.5,0.0,false,"none","PlantLarge"),
("Tea","GrownHasFruits",false,0.0,0.0,true,"none","PlantLargeWithFruit"),
("Tobacco","Planted",false,3.5,0.0,false,"none","PlantedSoil"),
("Tobacco","GrownNoFruits",false,3.5,0.0,false,"none","PlantLarge"),
("Tobacco","GrownHasFruits",false,0.0,0.0,true,"none","PlantLargeWithFruit"),
("Pineapple","Planted",false,3.5,0.0,false,"none","PlantedSoil"),
("Pineapple","GrownNoFruits",false,3.5,0.0,false,"none","PlantLarge"),
("Pineapple","GrownHasFruits",false,0.0,0.0,true,"none","PlantLargeWithFruit"),
("Corn","Planted",false,3.5,0.0,false,"none","PlantedSoil"),
("Corn","GrownNoFruits",false,3.5,0.0,false,"none","PlantLarge"),
("Corn","GrownHasFruits",false,0.0,0.0,true,"none","PlantLargeWithFruit"),
("Leek","Planted",false,3.5,0.0,false,"none","PlantedSoil"),
("Leek","GrownNoFruits",false,3.5,0.0,false,"none","PlantLarge"),
("Leek","GrownHasFruits",false,0.0,0.0,true,"none","PlantLargeWithFruit"),
("Beans","Planted",false,3.5,0.7,false,"none","PlantGrowHelper2"),
("Beans","GrownNoFruits",false,3.5,0.7,false,"none","PlantLarge"),
("Beans","GrownHasFruits",false,0.0,0.0,true,"none","PlantLargeWithFruit"),
("Blackberry","Planted",false,3.5,0.0,false,"none","PlantedSoil"),
("Blackberry","GrownNoFruits",false,3.5,0.0,false,"none","PlantLarge"),
("Blackberry","GrownHasFruits",false,0.0,0.0,true,"none","PlantLargeWithFruit"),
("Artichoke","Planted",false,3.5,0.0,false,"none","PlantedSoil"),
("Artichoke","GrownNoFruits",false,3.5,0.0,false,"none","PlantLarge"),
("Artichoke","GrownHasFruits",false,0.0,0.0,true,"none","PlantLargeWithFruit"),
("Bottlegourd","Planted",false,3.5,0.0,false,"none","PlantGrowHelper2"),
("Bottlegourd","GrownNoFruits",false,3.5,0.0,false,"none","PlantLarge"),
("Bottlegourd","GrownHasFruits",false,0.0,0.0,true,"none","PlantLargeWithFruit"),
("Grape","Planted",false,3.5,0.0,false,"none","PlantGrowHelper3"),
("Grape","GrownNoFruits",false,3.5,0.0,false,"none","PlantLarge"),
("Grape","GrownHasFruits",false,0.0,0.0,true,"none","PlantLargeWithFruit"),
("Tomato","Planted",false,3.5,0.0,false,"none","PlantGrowHelper1"),
("Tomato","GrownNoFruits",false,3.5,0.0,false,"none","PlantLarge"),
("Tomato","GrownHasFruits",false,0.0,0.0,true,"none","PlantLargeWithFruit"),
("Capsicum","Planted",false,3.5,0.0,false,"none","PlantGrowHelper1"),
("Capsicum","GrownNoFruits",false,3.5,0.0,false,"none","PlantLarge"),
("Capsicum","GrownHasFruits",false,0.0,0.0,true,"none","PlantLargeWithFruit"),
("Woad","Planted",false,3.5,0.0,false,"none","PlantedSoil"),
("Woad","GrownNoFruits",false,3.5,0.0,false,"none","PlantLarge"),
("Woad","GrownHasFruits",false,0.0,0.0,true,"none","PlantLargeWithFruit"),
("DyersWeed","Planted",false,3.5,0.0,false,"none","PlantedSoil"),
("DyersWeed","GrownNoFruits",false,3.5,0.0,false,"none","PlantLarge"),
("DyersWeed","GrownHasFruits",false,0.0,0.0,true,"none","PlantLargeWithFruit"),
("PineTree","Sapling",false,1.1,0.0,false,"none","Sapling"),
("PineTree","NoLeaves",false,6.5,0.0,false,"none","PineTreeNoLeaves"),
("PineTree","FullyGrown",true,0.0,0.0,false,"PineTree","none"),
("AppleTree","Sapling",false,3,0.0,false,"none","Sapling"),
("AppleTree","NoLeaves",false,3,0.0,false,"none","AppleTreeNoLeaves"),
("AppleTree","FullyGrown",true,5,0.0,false,"AppleTree","none"),
("AppleTree","FullyGrownWithFruit",true,0.0,0.0,true,"AppleTree","none"),
("OrangeTree","Sapling",false,3,0.0,false,"none","Sapling"),
("OrangeTree","NoLeaves",false,3,0.0,false,"none","OrangeTreeNoLeaves"),
("OrangeTree","FullyGrown",true,5,0.0,false,"OrangeTree","none"),
("OrangeTree","FullyGrownWithFruit",true,0.0,0.0,true,"OrangeTree","none"),
("OakTree","Sapling",false,1.1,0.0,false,"none","Sapling"),
("OakTree","NoLeaves",false,6.5,0.0,false,"none","PineTreeNoLeaves"),
("OakTree","FullyGrown",true,0.0,0.0,false,"OakTree","none"),
("Mushroom1","FullyGrown",true,0.0,0.0,false,"Mushroom1","none"),
("Mushroom2","FullyGrown",true,0.0,0.0,false,"Mushroom2","none"),
("Mushroom3","FullyGrown",true,0.0,0.0,false,"Mushroom3","none"),
("StrawMushroom","FullyGrown",false,0.0,0.0,false,"none","StrawMushroom"),
("WoodMushroom","FullyGrown",false,0.0,0.0,false,"none","WoodMushroom"),
("FibreMushroom","FullyGrown",false,0.0,0.0,false,"none","FibreMushroom"),
("GrainMushroom","FullyGrown",false,0.0,0.0,false,"none","GrainMushroom");

CREATE TABLE IF NOT EXISTS Plants_OnFell ( 
ParentID VARCHAR(30) NULL ,
ItemID VARCHAR(30) NULL ,
MaterialID VARCHAR(30) NULL ,
Random DOUBLE NULL );

INSERT INTO Plants_OnFell VALUES 
("PineTree","RawWood","Pine",0.0),
("PineTree","Cone","Pine",3),
("AppleTree","RawWood","AppleWood",0.0),
("OrangeTree","RawWood","OrangeWood",0.0),
("OakTree","RawWood","Oak",0.0),
("OakTree","Oak","Oak",3);

CREATE TABLE IF NOT EXISTS Quality ( 
ID VARCHAR(30) NULL ,
Modifier DOUBLE NULL );

INSERT INTO Quality VALUES 
("Bad",0.6),
("Acceptable",0.8),
("Average",1),
("Good",1.2),
("Excellent",1.5),
("Outstanding",1.8),
("Legendary",3);

CREATE TABLE IF NOT EXISTS Seasons ( 
ID VARCHAR(30) NULL ,
NextSeason VARCHAR(30) NULL ,
NumDays DOUBLE NULL,
SunRiseFirst VARCHAR(30) NULL ,
SunsetFirst VARCHAR(30) NULL  );

INSERT INTO Seasons VALUES 
("Spring","Summer",12,"6:14","18:23"),
("Summer","Autumn",12,"4:54","21:30"),
("Autumn","Winter",12,"6:52","19:14"),
("Winter","Spring",12,"8:12","16:04");

CREATE TABLE IF NOT EXISTS SkillGroups ( 
ID VARCHAR(30) NULL ,
Color VARCHAR(30) NULL ,
Position DOUBLE NULL,
SkillID VARCHAR(50) NULL,
Text VARCHAR(30) NULL  );

INSERT INTO SkillGroups VALUES 
("Stone","160 160 160 255",1,"Mining|Masonry|Stonecarving","Stone"),
("Wood","175 114 86 255",2,"Woodcutting|Carpentry|Woodcarving","Wood"),
("Metal","120 120 120 255",3,"Smelting|Blacksmithing|Metalworking|WeaponCrafting|ArmorCrafting","Metal"),
("Gem","112 155 175 255",4,"Gemcutting|JewelryMaking","Gem"),
("Cloth","135 175 150 255",5,"Weaving|Tailoring|Dying","Cloth"),
("Misc Craft","165 105 175 255",6,"Pottery|Leatherworking|Bonecarving|Prospecting","Misc Craft"),
("Engineer","175 45 123 255",7,"Tinkering|Machining|Engineering|Mechanic","Engineer"),
("Rancher","134 175 105 255",8,"AnimalHusbandry|Butchery|Fishing","Rancher"),
("Agriculture","255 106 0 255",9,"Horticulture|Farming|Cooking|Brewing","Agriculture"),
("Doctor","173 6 29 255",10,"Medic|Caretaking","Doctor"),
("Misc","160 160 160 255",11,"Construction|Hauling","Misc"),
("Magic","175 175 200 255",12,"MagicNature|MagicGeomancy","Magic"),
("Combat","140 140 140 255",13,"NaturalAttack|Brawling|Sword|Axe|Hammer|Crossbow|Gun","Combat"),
("Defense","173 142 112 255",14,"Dodge|Shield|Armor","Defense");

CREATE TABLE IF NOT EXISTS Skills ( 
ID VARCHAR(30) NULL ,
RequiredToolItemID VARCHAR(30) NULL ,
SkillGroup VARCHAR(30) NULL  );

INSERT INTO Skills VALUES 
("Mining","Pickaxe","Stone"),
("Masonry","none","Stone"),
("Stonecarving","none","Stone"),
("Woodcutting","FellingAxe","Wood"),
("Carpentry","none","Wood"),
("Woodcarving","none","Wood"),
("Smelting","none","Metal"),
("Blacksmithing","none","Metal"),
("Metalworking","none","Metal"),
("WeaponCrafting","none","Metal"),
("ArmorCrafting","none","Metal"),
("Gemcutting","none","Gem"),
("JewelryMaking","none","Gem"),
("Weaving","none","Cloth"),
("Tailoring","none","Cloth"),
("Dying","none","Cloth"),
("Pottery","none","Misc Craft"),
("Leatherworking","none","Misc Craft"),
("Bonecarving","none","Misc Craft"),
("Prospecting","none","Misc Craft"),
("Tinkering","none","Engineer"),
("Machining","none","Engineer"),
("Engineering","none","Engineer"),
("Mechanic","none","Engineer"),
("AnimalHusbandry","none","Rancher"),
("Butchery","none","Rancher"),
("Fishing","none","Rancher"),
("Horticulture","none","Agriculture"),
("Farming","none","Agriculture"),
("Cooking","none","Agriculture"),
("Brewing","none","Agriculture"),
("Construction","none","Misc"),
("Hauling","none","Misc"),
("NaturalAttack","none","Combat"),
("Brawling","none","Combat"),
("Sword","none","Combat"),
("Axe","none","Combat"),
("Hammer","none","Combat"),
("Dodge","none","Defense"),
("Shield","none","Defense"),
("Armor","none","Defense"),
("Crossbow","none","Combat"),
("Gun","none","Combat"),
("Medic","none","Doctor"),
("Caretaking","none","Doctor"),
("MagicNature","none","Magic"),
("MagicGeomancy","none","Magic");

CREATE TABLE IF NOT EXISTS Spells ( 
ID VARCHAR(30) NULL ,
EffectRequirements VARCHAR(50) NULL,
Effects VARCHAR(50) NULL,
Radius VARCHAR(30) NULL ,
SkillID VARCHAR(30) NULL  );

INSERT INTO Spells VALUES 
("SpeedGrowth","Plant","PlantGrowth","HalfSkill","MagicNature"),
("RevealOre","EmbeddedMaterial","Reveal","Skill","MagicGeomancy");

CREATE TABLE IF NOT EXISTS Sprites ( 
ID VARCHAR(30) NULL ,
Anim BOOLEAN NULL,
BaseSprite VARCHAR(30) NULL ,
HasRandom BOOLEAN NULL,
Offset_ VARCHAR(11) NULL,
Rot90 BOOLEAN NULL,
Tint VARCHAR(30) NULL  );

INSERT INTO Sprites VALUES 
("SelectionFloor",false,"none",false,"0 16",false,"Material"),
("SelectionWall",false,"none",false,"0 0 0",false,"Material"),
("SolidSelectionFloor",false,"none",false,"0 16",false,"Material"),
("SolidSelectionWall",false,"none",false,"0 0 0",false,"Material"),
("SolidSelectionWallShort",false,"SolidSelectionWall",false,"0 0 0",false,"Material"),
("SelectionWallShort",false,"SelectionWall",false,"0 0 0",false,"Material"),
("Mattress",false,"none",false,"0 4",false,"Material"),
("WoodBed",false,"none",false,"0 0",false,"Material"),
("WoodBedSheets",false,"none",false,"0 0 0",false,"none"),
("Bed",false,"none",false,"0 0 0",false,"none"),
("FancyWoodBed",false,"none",false,"0 0 0",false,"Material"),
("FancyWoodBedSheets",false,"none",false,"0 0 0",false,"none"),
("FancyBed",false,"none",false,"0 0 0",false,"none"),
("WoodChair",false,"none",false,"0 0 0",false,"none"),
("StoneChair",false,"none",false,"0 0 0",false,"none"),
("BoneChair",false,"none",false,"0 0 0",false,"none"),
("Chair",false,"none",false,"0 0 0",false,"Material"),
("StairsTop",false,"none",false,"0 16",false,"Material"),
("Stairs",false,"none",false,"0 0 0",false,"Material"),
("WaterLeftWall_",false,"none",false,"0 0",false,"Material"),
("WaterRightWall_",false,"none",false,"0 0",false,"Material"),
("PineTree",false,"none",false,"0 0 0",false,"none"),
("PineTreeNoLeaves",false,"none",false,"0 0 0",false,"none"),
("AppleTree",false,"none",false,"0 0 0",false,"none"),
("AppleTreeNoLeaves",false,"none",false,"0 0 0",false,"none"),
("BirchTree",false,"none",false,"0 0 0",false,"none"),
("BirchTreeNoLeaves",false,"none",false,"0 0 0",false,"none"),
("Sapling",false,"none",false,"0 8",false,"none"),
("TilledSoil",false,"none",false,"0 16",false,"Material"),
("PlantedSoil",false,"none",false,"0 18",false,"none"),
("Statue",false,"none",false,"0 0",false,"Material"),
("Door",false,"none",false,"0 0 0",false,"Material"),
("Table",false,"none",false,"0 0 0",false,"Material"),
("Well",false,"none",false,"0 0",false,"Material"),
("WellTop",false,"none",false,"0 0",false,"Material"),
("RawSoil",false,"none",false,"8 12",false,"Material"),
("RawStone",false,"none",false,"8 12",false,"Material"),
("RawWood",false,"none",false,"0 16",false,"Material"),
("RawCoal",false,"none",false,"8 14",false,"none"),
("RawOre",false,"none",false,"8 14",false,"Material"),
("RawGem",false,"none",false,"8 12",false,"Material"),
("RawHide",false,"none",false,"0 17",false,"none"),
("Block",false,"none",false,"0 16",false,"Material"),
("Plank",false,"none",false,"0 16",false,"Material"),
("Bar",false,"none",false,"0 16",false,"Material"),
("Gem",false,"none",false,"8 12",false,"Material"),
("Bolt",false,"none",false,"0 12",false,"Material"),
("Bandage",false,"none",false,"8 16",false,"Material"),
("MarketStallBase",false,"none",false,"0 0 0",false,"Material"),
("MarketStallTop",false,"none",false,"0 0",false,"none"),
("MarketStallWithTop",false,"none",false,"0 0 0",false,"none"),
("CarpenterStandTools",false,"none",false,"0 0 0",false,"none"),
("CarpenterStand",false,"none",false,"0 0 0",false,"Material"),
("CarpenterStandWithTools",false,"none",false,"0 0 0",false,"none"),
("TableSaw",false,"none",false,"0 0 0",false,"Material"),
("SawTable",false,"none",false,"0 0 0",false,"Material"),
("SawTable_TableSaw",false,"none",false,"0 0 0",false,"none"),
("Workbench",false,"none",false,"0 0 0",false,"Material"),
("Workmat",false,"none",false,"0 0 0",false,"none"),
("AxeBench",false,"none",false,"0 0",false,"none"),
("Keg",false,"none",false,"0 0",false,"Material"),
("WorkshopWaterTub",false,"WorkshopWaterTub",false,"0 0 0",false,"none"),
("Distill",false,"Distill",false,"0 0 0",false,"none"),
("TanningRack",false,"none",false,"0 0",false,"none"),
("WoodPile",false,"none",false,"0 0",false,"Material"),
("GiantStoneBlock",false,"none",false,"0 0 0",false,"Material"),
("StoneBlockPile",false,"none",false,"0 0",false,"Material"),
("ThoughtBubble",false,"ThoughtBubble",false,"0 0",false,"none"),
("StatusTired",false,"none",false,"0 0",false,"none"),
("StatusSleeping",false,"none",false,"0 0",false,"none"),
("ThoughtBubbleThirsty",false,"none",false,"0 0 0",false,"none"),
("ThoughtBubbleHungry",false,"none",false,"0 0 0",false,"none"),
("ThoughtBubbleCombat",false,"none",false,"0 0 0",false,"none"),
("StatusThirsty",false,"StatusThirsty",false,"15 0",false,"none"),
("StatusHungry",false,"StatusHungry",false,"15 0",false,"none"),
("StatusCombat",false,"StatusCombat",false,"15 0",false,"none"),
("LittleBlood1",false,"none",false,"0 0 0",false,"none"),
("LittleBlood2",false,"none",false,"0 0 0",false,"none"),
("BigBlood1",false,"none",false,"0 0 0",false,"none"),
("BigBlood2",false,"none",false,"0 0 0",false,"none"),
("Crate",false,"none",false,"0 0 0",false,"Material"),
("Barrel",false,"none",false,"0 0 0",false,"Material"),
("Bag",false,"none",false,"0 0",false,"Material"),
("Egg",false,"none",false,"8 12",false,"none"),
("Meat",false,"none",false,"6 16",false,"none"),
("Bread",false,"none",false,"8 12",false,"none"),
("Sausage",false,"none",false,"0 12",false,"none"),
("Sandwich",false,"none",false,"8 12",false,"none"),
("Milk",false,"none",false,"0 8",false,"none"),
("Wine",false,"none",false,"8 12",false,"none"),
("Beer",false,"none",false,"8 12",false,"none"),
("Bone",false,"none",false,"0 16",false,"Material"),
("Skull",false,"none",false,"10 16",false,"Material"),
("Torch",true,"none",false,"0 0 0",false,"none"),
("GroundTorchBase",false,"GroundTorchBase",false,"0 0 0",false,"Material"),
("GroundTorchFlame",false,"none",false,"0 0 0",false,"none"),
("Coin",false,"none",false,"6 14",false,"Material"),
("Statuette",false,"none",false,"10 10",false,"Material"),
("SelectionFloorTop",false,"none",false,"0 16",false,"none"),
("SelectionWallTop",false,"none",false,"0 0",false,"none"),
("ChiseledBlockFloor",false,"none",false,"0 16",false,"Material"),
("ChiseledBlockWall",false,"none",false,"0 0",false,"Material"),
("PetRock",false,"none",false,"0 10",false,"Material"),
("Gear",false,"none",false,"0 17",false,"Material"),
("CuttingWheel",false,"none",false,"0 17",false,"Material"),
("Spring",false,"none",false,"0 0",false,"Material"),
("HatchFrame",false,"none",false,"0 0",false,"Material"),
("HatchFrameItem",false,"none",false,"0 0",false,"Material"),
("SpikeTrapSpike2",false,"none",false,"0 0",false,"Material"),
("SpikeTrapItemSpike",false,"none",false,"0 0",false,"Material"),
("BladeTrapBlade3",false,"none",false,"0 0",false,"Material"),
("BladeTrapItemBlade",false,"none",false,"0 0",false,"Material"),
("Claymore",false,"none",false,"0 0",false,"Material"),
("PuzzleBox",false,"none",false,"8 12",false,"Material"),
("Clipping",false,"none",false,"0 16",false,"none"),
("SpikeTrapSpike1",false,"none",false,"0 0",false,"Material"),
("BladeTrapBlade1",false,"none",false,"0 0",false,"Material"),
("BladeTrapBlade2",false,"none",false,"0 0",false,"Material"),
("StonePillar",false,"none",false,"0 0",false,"Material"),
("AmmoPouch",false,"GnomeAmmoPouch",false,"0 0",false,"Material"),
("OgreTorso",false,"none",false,"0 0",false,"none"),
("OgreHead",false,"none",false,"0 0",false,"none"),
("OgreArmRight",false,"none",false,"0 0",false,"none"),
("OgreArmLeft",false,"none",false,"0 0",false,"none"),
("OgreHandRight",false,"none",false,"0 0",false,"none"),
("OgreHandLeft",false,"none",false,"0 0",false,"none"),
("OgreFootRight",false,"none",false,"0 0",false,"none"),
("OgreFootLeft",false,"none",false,"0 0",false,"none"),
("BlueOgreTorso",false,"none",false,"0 0",false,"none"),
("BlueOgreHeadRight",false,"none",false,"0 0",false,"none"),
("BlueOgreHeadLeft",false,"none",false,"0 0",false,"none"),
("BlueOgreArmRight",false,"none",false,"0 0",false,"none"),
("BlueOgreArmLeft",false,"none",false,"0 0",false,"none"),
("BlueOgreHandRight",false,"none",false,"0 0",false,"none"),
("BlueOgreHandLeft",false,"none",false,"0 0",false,"none"),
("BlueOgreFootRight",false,"none",false,"0 0",false,"none"),
("BlueOgreFootLeft",false,"none",false,"0 0",false,"none"),
("MantTorso",false,"none",false,"0 0",false,"none"),
("MantHead",false,"none",false,"0 0",false,"none"),
("MantAntennaeRight",false,"none",false,"0 0",false,"none"),
("MantAntennaeLeft",false,"none",false,"0 0",false,"none"),
("MantArmRight",false,"none",false,"0 0",false,"none"),
("MantArmLeft",false,"none",false,"0 0",false,"none"),
("MantLegRight",false,"none",false,"0 0",false,"none"),
("MantLegLeft",false,"none",false,"0 0",false,"none"),
("BeetleTorso",false,"none",false,"0 0",false,"none"),
("BeetleHead",false,"none",false,"0 0",false,"none"),
("Cocoon",false,"none",false,"0 0",false,"none"),
("ZombieTorso",false,"none",false,"0 0",false,"none"),
("ZombieHead",false,"none",false,"0 0",false,"none"),
("ZombieArmRight",false,"none",false,"0 0",false,"none"),
("ZombieArmLeft",false,"none",false,"0 0",false,"none"),
("ZombieHandRight",false,"none",false,"0 0",false,"none"),
("ZombieHandLeft",false,"none",false,"0 0",false,"none"),
("ZombieFootRight",false,"none",false,"0 0",false,"none"),
("ZombieFootLeft",false,"none",false,"0 0",false,"none"),
("SkeletonTorso",false,"none",false,"0 0",false,"none"),
("SkeletonHead",false,"none",false,"0 0",false,"none"),
("SkeletonArmRight",false,"none",false,"0 0",false,"none"),
("SkeletonArmLeft",false,"none",false,"0 0",false,"none"),
("SkeletonHandRight",false,"none",false,"0 0",false,"none"),
("SkeletonHandLeft",false,"none",false,"0 0",false,"none"),
("SkeletonFootRight",false,"none",false,"0 0",false,"none"),
("SkeletonFootLeft",false,"none",false,"0 0",false,"none"),
("String",false,"none",false,"0 16",false,"Material"),
("WindmillBlade",false,"none",false,"0 0",false,"Material"),
("Cylinder",false,"none",false,"0 0",false,"Material"),
("Spike",false,"none",false,"0 0",false,"Material"),
("Grain",false,"none",false,"0 8",false,"none"),
("Chisel",false,"none",false,"0 16",false,"Material"),
("Wrench",false,"none",false,"0 0",false,"Material"),
("StrawBed",false,"none",false,"0 0",false,"none"),
("ArmorPlate",false,"none",false,"0 0",false,"Material"),
("LeatherPanel",false,"none",false,"0 0",false,"Material"),
("LeatherStrip",false,"none",false,"0 16",false,"Material"),
("BoneNeedle",false,"none",false,"0 16",false,"Material"),
("AppleOnGround",false,"Apple",false,"0 0",false,"none"),
("PlankWall",false,"PlankWall",false,"0 0",false,"Material"),
("PlankFloor",false,"PlankFloor",false,"0 16",false,"Material"),
("StarEngravedBlockFloor",false,"none",false,"0 16",false,"Material"),
("StarEngravedBlockWall",false,"none",false,"0 0",false,"Material"),
("SpiralEngravedBlockFloor",false,"none",false,"0 16",false,"Material"),
("SpiralEngravedBlockWall",false,"none",false,"0 0",false,"Material"),
("MoonEngravedBlockFloor",false,"none",false,"0 16",false,"Material"),
("MoonEngravedBlockWall",false,"none",false,"0 0",false,"Material"),
("WaterEngravedBlockFloor",false,"none",false,"0 16",false,"Material"),
("WaterEngravedBlockWall",false,"none",false,"0 0",false,"Material"),
("EngravedBlockFloor",false,"none",false,"0 16",false,"Material"),
("EngravedBlockWall",false,"none",false,"0 0",false,"Material"),
("BoneFloor",false,"none",false,"0 16",false,"Material"),
("BoneWall",false,"none",false,"0 0",false,"Material"),
("BoneShirt",false,"none",false,"0 0",false,"Material"),
("MechanicalWallClosedTop",false,"none",false,"0 0",false,"Material"),
("PumpFloor",false,"none",false,"0 16",false,"Material"),
("PumpScrew1",false,"none",false,"0 0",false,"Material"),
("PumpScrew2",false,"none",false,"0 0",false,"Material"),
("PumpScrew3",false,"none",false,"0 0",false,"Material"),
("PumpScrew4",false,"none",false,"0 0",false,"Material"),
("Screw",false,"none",false,"0 0",false,"Material"),
("SawTableLeft_SawTableBlade",false,"none",false,"0 0 0",false,"none"),
("SawTableLeft",false,"none",false,"0 0",false,"Material"),
("SawTableRight",false,"none",false,"0 0",false,"Material"),
("SawTableBlade",false,"none",false,"0 0",false,"Material"),
("CrateLog",false,"none",false,"0 0",false,"Material"),
("CratePlank",false,"none",false,"0 0",false,"Material"),
("SawHorse",false,"none",false,"0 0",false,"Material"),
("ShearsTableTop",false,"none",false,"0 0",false,"Material"),
("ClothRollTableTop",false,"none",false,"0 8",false,"Material"),
("JewelryPile",false,"none",false,"0 16",false,"none"),
("BoltRoundPile",false,"none",false,"0 0",false,"Material"),
("MusketRoundPile",false,"none",false,"0 0",false,"Material"),
("MetalSliver",false,"none",false,"-2 0",false,"Material"),
("OrangeTree",false,"none",false,"0 0",false,"none"),
("OrangeTreeNoLeaves",false,"none",false,"0 0",false,"none"),
("MushroomPlant",false,"none",false,"0 0",false,"none"),
("MushroomItem",false,"none",false,"0 0",false,"none"),
("Cheese",false,"none",false,"8 16",false,"none"),
("Omelette",false,"none",false,"8 16",false,"none"),
("FishingRod",false,"none",false,"0 0",false,"none"),
("AlarmBellBase",false,"AlarmBellBase",false,"0 0",false,"Material"),
("AlarmBellBell",false,"AlarmBellBell",false,"0 0",false,"Material"),
("AlarmBell",false,"none",false,"0 0 0",false,"none"),
("TowerShieldBase",false,"none",false,"0 0",false,"Material"),
("TowerShield",false,"none",false,"0 0",false,"Material"),
("ScaffoldFloor",false,"none",false,"0 16",false,"Material"),
("Scaffold",false,"none",false,"0 0",false,"Material"),
("Bucket",false,"none",false,"0 0",false,"Material"),
("Sack",false,"Sack",false,"0 0",false,"Material"),
("GolemArmRight",false,"none",false,"0 0",false,"Material"),
("GolemArmLeft",false,"none",false,"0 0",false,"Material"),
("GolemLegRight",false,"none",false,"0 0",false,"Material"),
("GolemLegLeft",false,"none",false,"0 0",false,"Material"),
("WoodFloorFrame",false,"none",false,"0 16",false,"Material"),
("WoodCrossFrame",false,"none",false,"0 0",false,"Material"),
("WoodVFloorFrame",false,"none",false,"0 16",false,"Material"),
("WoodVFrame",false,"none",false,"0 0",false,"Material"),
("WoodPanelledFloorFrame",false,"none",false,"0 16",false,"Material"),
("WoodPanelledFrame",false,"none",false,"0 0",false,"Material"),
("SmoothStoneFloor",false,"none",false,"0 16",false,"Material"),
("SmoothStoneWall",false,"none",false,"0 0",false,"Material"),
("CeramicFloor",false,"none",false,"0 16",false,"Material"),
("CeramicWall",false,"none",false,"0 0",false,"Material"),
("CarvedStoneFloor",false,"none",false,"0 16",false,"Material"),
("CarvedStoneWall",false,"none",false,"0 0",false,"Material"),
("Silica",false,"none",false,"0 0",false,"Material"),
("ArtificialRightArm",false,"none",false,"0 0",false,"Material"),
("ArtificialLeftArm",false,"none",false,"0 0",false,"Material"),
("ArtificialRightHand",false,"none",false,"0 0",false,"Material"),
("ArtificialLeftHand",false,"none",false,"0 0",false,"Material"),
("ArtificialRightLeg",false,"none",false,"0 0",false,"Material"),
("ArtificialLeftLeg",false,"none",false,"0 0",false,"Material"),
("ArtificialRightArmItem",false,"none",false,"7 0",false,"Material"),
("ArtificialRightArmHandItem",false,"none",false,"7 0",false,"Material"),
("ArtificialRightHandItem",false,"none",false,"8 0",false,"Material"),
("ArtificialRightLegItem",false,"none",false,"4 0",false,"Material"),
("AutomatonTorso",false,"none",false,"0 0",false,"Material"),
("AutomatonHead",false,"none",false,"0 0",false,"Material"),
("AutomatonArmRight",false,"none",false,"0 0",false,"Material"),
("AutomatonArmLeft",false,"none",false,"0 0",false,"Material"),
("AutomatonHandRight",false,"none",false,"0 0",false,"Material"),
("AutomatonHandLeft",false,"none",false,"0 0",false,"Material"),
("AutomatonFootRight",false,"none",false,"0 0",false,"Material"),
("AutomatonFootLeft",false,"none",false,"0 0",false,"Material"),
("AutomatonTorsoHighlight",false,"none",false,"0 0",false,"none"),
("AutomatonHeadHighlight",false,"none",false,"0 0",false,"none"),
("AutomatonArmHighlightRight",false,"none",false,"0 0",false,"none"),
("AutomatonArmHighlightLeft",false,"none",false,"0 0",false,"none"),
("AutomatonHandHighlightRight",false,"none",false,"0 0",false,"none"),
("AutomatonHandHighlightLeft",false,"none",false,"0 0",false,"none"),
("AutomatonFootHighlightRight",false,"none",false,"0 0",false,"none"),
("AutomatonFootHighlightLeft",false,"none",false,"0 0",false,"none"),
("GolemCore",false,"none",false,"0 0",false,"Material"),
("WoodDoorLeftOpenLeft",false,"none",false,"0 0",false,"Material"),
("WoodDoorLeftOpenRight",false,"none",false,"16 0",false,"Material"),
("WoodDoorRightOpenLeft",false,"none",false,"0 0",false,"Material"),
("WoodDoorRightOpenRight",false,"none",false,"0 0",false,"Material"),
("StoneDoorLeftOpenLeft",false,"none",false,"0 0",false,"Material"),
("StoneDoorLeftOpenRight",false,"none",false,"16 0",false,"Material"),
("StoneDoorRightOpenLeft",false,"none",false,"0 0",false,"Material"),
("StoneDoorRightOpenRight",false,"none",false,"0 0",false,"Material"),
("RoughSoilWallShort",false,"none",false,"0 12",false,"Material"),
("RoughClayWallShort",false,"none",false,"0 12",false,"Material"),
("RoughStoneWallShort",false,"none",false,"0 12",false,"Material"),
("LogWallShort",false,"none",false,"0 12",false,"Material"),
("BlockWallShort",false,"none",false,"0 12",false,"Material"),
("FancyBlockWallShort",false,"none",false,"0 12",false,"Material"),
("CarvedStoneWallShort",false,"none",false,"0 12",false,"Material"),
("PlankWallShort",false,"none",false,"0 12",false,"Material"),
("MetalWallShort",false,"none",false,"0 12",false,"Material"),
("ThatchWall",false,"none",false,"0 0",false,"none"),
("ThatchFloor",false,"none",false,"0 16",false,"none"),
("MetalHighlightWallShort",false,"none",false,"0 0",false,"Material"),
("ChiseledBlockWallShort",false,"none",false,"0 12",false,"Material"),
("StarEngravedBlockWallShort",false,"none",false,"0 12",false,"Material"),
("SpiralEngravedBlockWallShort",false,"none",false,"0 12",false,"Material"),
("MoonEngravedBlockWallShort",false,"none",false,"0 12",false,"Material"),
("WaterEngravedBlockWallShort",false,"none",false,"0 12",false,"Material"),
("EngravedBlockWallShort",false,"none",false,"0 12",false,"Material"),
("BoneWallShort",false,"none",false,"0 12",false,"Material"),
("ThatchWallShort",false,"none",false,"0 12",false,"Material"),
("WoodShortWallFrame",false,"none",false,"0 0",false,"Material"),
("WoodVShortWallFrame",false,"none",false,"0 0",false,"Material"),
("WoodPanelledShortWallFrame",false,"none",false,"0 0",false,"Material"),
("SmoothStoneWallShort",false,"none",false,"0 12",false,"Material"),
("CeramicWallShort",false,"none",false,"0 12",false,"Material"),
("CarvedWallShort",false,"none",false,"0 12",false,"Material"),
("TopLeftBorder",false,"none",false,"0 0",false,"none"),
("TopRightBorder",false,"none",false,"0 0",false,"none"),
("TopLeftWallBorder",false,"none",false,"0 0",false,"none"),
("TopRightWallBorder",false,"none",false,"0 0",false,"none"),
("LeftBorder",false,"none",false,"0 0",false,"none"),
("RightBorder",false,"none",false,"0 0",false,"none"),
("LeftWallBorder",false,"none",false,"0 0",false,"none"),
("RightWallBorder",false,"none",false,"0 0",false,"none"),
("BottomLeftBorder",false,"none",false,"0 0",false,"none"),
("BottomRightBorder",false,"none",false,"0 0",false,"none"),
("FancyBlockFloor",false,"none",false,"0 16",false,"Material"),
("FancyBlockWall",false,"none",false,"0 0",false,"Material"),
("EmbeddedOre",false,"none",false,"0 0",false,"Material"),
("EmbeddedGem",false,"none",false,"0 0",false,"Material"),
("WaterFloor",false,"none",false,"0 16",false,"Material"),
("LavaFloor",false,"none",false,"0 0",false,"Material"),
("Forge",false,"Forge",false,"0 0",false,"Material"),
("ForgeTop",false,"ForgeTop",false,"0 0",false,"none"),
("ForgeWithTop",false,"none",false,"0 0 0",false,"none"),
("Mold",false,"none",false,"0 0",false,"Material"),
("MoldTop",false,"none",false,"0 0",false,"none"),
("MoldWithTop",false,"none",false,"0 0 0",false,"none"),
("Bellows",false,"none",false,"0 0",false,"Material"),
("BellowsNozzle",false,"none",false,"0 0",false,"none"),
("BellowsWithNozzle",false,"none",false,"0 0 0",false,"none"),
("CoalPile",false,"none",false,"0 0 0",false,"none"),
("OrePile",false,"none",false,"0 8",false,"none"),
("Furnace",false,"none",false,"0 0",false,"Material"),
("FurnaceFlame",false,"none",false,"0 0",false,"none"),
("FurnaceWithFlame",false,"none",false,"0 0 0",false,"none"),
("Kiln",false,"none",false,"0 0",false,"Material"),
("KilnFlame",false,"none",false,"0 0",false,"none"),
("KilnWithFlame",false,"none",false,"0 0 0",false,"none"),
("Anvil",false,"none",false,"0 0",false,"Material"),
("WaterTrough",false,"none",false,"0 0 0",false,"none"),
("BeeHiveEmpty",false,"BeeHiveEmpty",false,"0 0 0",false,"none"),
("BeeHiveFull",false,"BeeHiveFull",false,"0 0 0",false,"none"),
("Trough",false,"none",false,"0 0 0",false,"Material"),
("Shed",false,"none",false,"0 0 0",false,"Material"),
("MetalBarPile",false,"none",false,"0 6",false,"Material"),
("GreenFish",false,"none",false,"0 0",false,"none"),
("Corpse",false,"none",false,"0 0 0",false,"none"),
("Panda",false,"none",false,"0 0",false,"none"),
("Rabbit",false,"none",false,"0 0",false,"none"),
("RabbitYoung",false,"none",false,"0 0",false,"none"),
("Chicken",false,"none",false,"0 0",false,"none"),
("ChickenYoung",false,"none",false,"0 0",false,"none"),
("Pig",false,"none",true,"0 0",false,"none"),
("PigPink",false,"none",false,"0 0",false,"none"),
("PigYoung",false,"none",false,"0 0",false,"none"),
("PigYellow",false,"none",false,"0 0",false,"none"),
("Sheep",false,"none",false,"0 0",false,"none"),
("SheepYoung",false,"none",false,"0 0",false,"none"),
("Woodlouse",false,"none",false,"0 0",false,"none"),
("Badger",false,"none",false,"0 0",false,"none"),
("Lizzard",false,"none",false,"0 0",false,"none"),
("BlackBear",false,"none",false,"0 0",false,"none"),
("Llama",false,"none",false,"0 0",false,"none"),
("LlamaYoung",false,"none",false,"0 0",false,"none"),
("Emu",false,"none",false,"0 0",false,"none"),
("EmuYoung",false,"none",false,"0 0",false,"none"),
("Cow",false,"none",false,"0 0",false,"none"),
("CowYoung",false,"none",false,"0 0",false,"none"),
("Yak",false,"none",false,"0 0",false,"none"),
("YakYoung",false,"none",false,"0 0",false,"none"),
("Spider",false,"none",false,"0 0",false,"none"),
("Beetle",false,"none",false,"0 0",false,"none"),
("Duck",false,"none",false,"0 0",false,"none"),
("DuckYoung",false,"none",false,"0 0",false,"none"),
("Goose",false,"none",false,"0 0",false,"none"),
("GooseYoung",false,"none",false,"0 0",false,"none"),
("Shepherd",false,"none",false,"0 0",false,"none"),
("ShepherdYoung",false,"none",false,"0 0",false,"none"),
("CatTabby",false,"none",false,"0 0",false,"none"),
("CatBlack",false,"none",false,"0 0",false,"none"),
("Porcupine",false,"none",false,"0 0",false,"none"),
("Fox",false,"none",false,"0 0",false,"none"),
("Wolf",false,"none",false,"0 0",false,"none"),
("Stag",false,"none",false,"0 0",false,"none"),
("Roe",false,"none",false,"0 0",false,"none"),
("Goat",false,"none",false,"0 0",false,"none"),
("GoatYoung",false,"none",false,"0 0",false,"none"),
("Squirrel",false,"none",false,"0 0",false,"none"),
("Snake",false,"Snake",false,"0 0",false,"none"),
("GreyFish",false,"none",false,"0 0",false,"none"),
("MonsterCorpse",false,"none",false,"0 0 0",true,"none"),
("Goblin",false,"none",false,"0 0",false,"none"),
("GoblinFR",false,"none",false,"0 0",false,"none"),
("CrystalSnake",false,"none",false,"0 0",false,"none"),
("ZygYoung",false,"none",true,"0 0",false,"none"),
("ZygYoungBlue",false,"none",false,"0 0",false,"none"),
("ZygYoungRed",false,"none",false,"0 0",false,"none"),
("ZygYouth",false,"none",true,"0 0",false,"none"),
("ZygYouthBlue",false,"none",false,"0 0",false,"none"),
("ZygYouthRed",false,"none",false,"0 0",false,"none"),
("ZygAdult",false,"none",true,"0 0",false,"none"),
("ZygAdultBlue",false,"none",false,"0 0",false,"none"),
("ZygAdultRed",false,"none",false,"0 0",false,"none"),
("ZygSenior",false,"none",true,"0 0",false,"none"),
("ZygSeniorBlue",false,"none",false,"0 0",false,"none"),
("ZygSeniorRed",false,"none",false,"0 0",false,"none"),
("Fruit",false,"none",false,"0, 12",false,"none"),
("Vegetable",false,"none",false,"0, 12",false,"none"),
("Berries",false,"none",false,"0, 12",false,"none"),
("Leaves",false,"none",false,"0, 12",false,"none"),
("Mushroom",false,"none",false,"0, 12",false,"none"),
("Plant",false,"none",false,"0, 8",false,"none"),
("PlantWithFruit",false,"none",false,"0, 8",false,"none"),
("PlantLarge",false,"none",false,"0 0 0",false,"none"),
("PlantLargeWithFruit",false,"none",false,"0 0 0",false,"none"),
("PlantGrowHelper1",false,"none",false,"0, 0",false,"none"),
("PlantGrowHelper2",false,"none",false,"0, 0",false,"none"),
("PlantGrowHelper3",false,"none",false,"0, 0",false,"none"),
("Seed",false,"none",false,"0 16",false,"none"),
("Wheat",false,"none",false,"0 16",false,"none"),
("Fiber",false,"none",false,"0 16",false,"Material"),
("PineCone",false,"none",false,"0 16",false,"none"),
("Oak",false,"none",false,"0 16",false,"none"),
("StrawMushroom",false,"StrawMushroom",false,"0 0 0",false,"none"),
("WoodMushroom",false,"WoodMushroom",false,"0 0 0",false,"none"),
("FibreMushroom",false,"FibreMushroom",false,"0 0 0",false,"none"),
("GrainMushroom",false,"GrainMushroom",false,"0 0 0",false,"none"),
("Pigment",false,"none",false,"0 8",false,"none"),
("DyedCloth",false,"none",false,"0 8",false,"none"),
("WoodTub",false,"WoodTub",false,"0 0 0",false,"Material"),
("Dye",false,"none",false,"0 8",false,"Material"),
("Dresser",false,"none",false,"0 0",false,"Material"),
("Cabinet",false,"none",false,"0 0",false,"Material"),
("Painting",false,"none",true,"0 0 0",false,"none"),
("Painting1",false,"none",false,"0 0",false,"none"),
("Painting2",false,"none",false,"0 0",false,"none"),
("Painting3",false,"none",false,"0 0",false,"none"),
("Painting4",false,"none",false,"0 0",false,"none"),
("Painting5",false,"none",false,"0 0",false,"none"),
("Painting6",false,"none",false,"0 0",false,"none"),
("Painting7",false,"none",false,"0 0",false,"none"),
("Painting8",false,"none",false,"0 0",false,"none"),
("TrainingDummy",false,"TrainingDummy",false,"0 0 0",false,"Material"),
("Wheelbarrow",false,"Wheelbarrow",false,"0 0 0",false,"Material"),
("FishingFishRack",false,"none",false,"0 0",false,"none"),
("FishingRack",false,"none",false,"0 0",false,"Material"),
("FishingRods",false,"none",false,"0 0 0",false,"none"),
("FishingRodRack",false,"none",false,"0 0 0",false,"none"),
("FishingVat",false,"FishingVat",false,"0 0 0",false,"Material"),
("BlockWall25",false,"BlockWall25",false,"0 0",false,"Material"),
("BlockWall50",false,"BlockWall50",false,"0 0",false,"Material"),
("BlockWall75",false,"BlockWall75",false,"0 0",false,"Material"),
("BlockWall100",false,"BlockWall100",false,"0 0",false,"Material"),
("BlockWall",false,"BlockWall100",false,"0 0",false,"Material"),
("BlockFloor25",false,"BlockFloor25",false,"0 16",false,"Material"),
("BlockFloor50",false,"BlockFloor50",false,"0 16",false,"Material"),
("BlockFloor75",false,"BlockFloor75",false,"0 16",false,"Material"),
("BlockFloor100",false,"BlockFloor100",false,"0 16",false,"Material"),
("Palisade",false,"none",false,"0 0",false,"Material"),
("PalisadeTop",false,"none",false,"0 6",false,"Material"),
("BlockFence",false,"BlockFencePost",false,"0 0",false,"Material"),
("BlockFenceN",false,"none",false,"0 0",false,"Material"),
("BlockFenceE",false,"none",false,"0 0",false,"Material"),
("BlockFenceS",false,"none",false,"0 0",false,"Material"),
("BlockFenceW",false,"none",false,"0 0",false,"Material"),
("BlockFenceNS",false,"none",false,"0 0",false,"Material"),
("BlockFenceEW",false,"none",false,"0 0",false,"Material"),
("BlockFenceNE",false,"none",false,"0 0",false,"Material"),
("BlockFenceES",false,"none",false,"0 0",false,"Material"),
("BlockFenceSW",false,"none",false,"0 0",false,"Material"),
("BlockFenceNW",false,"none",false,"0 0",false,"Material"),
("BlockFenceESW",false,"none",false,"0 0",false,"Material"),
("BlockFenceNSW",false,"none",false,"0 0",false,"Material"),
("BlockFenceNEW",false,"none",false,"0 0",false,"Material"),
("BlockFenceNES",false,"none",false,"0 0",false,"Material"),
("BlockFenceRot",false,"BlockFencePost",false,"0 0",false,"Material"),
("BlockFenceRotN",false,"none",false,"0 0",false,"Material"),
("BlockFenceRotE",false,"none",false,"0 0",false,"Material"),
("BlockFenceRotS",false,"none",false,"0 0",false,"Material"),
("BlockFenceRotW",false,"none",false,"0 0",false,"Material"),
("BlockFenceRotNS",false,"none",false,"0 0",false,"Material"),
("BlockFenceRotEW",false,"none",false,"0 0",false,"Material"),
("BlockFenceRotNE",false,"none",false,"0 0",false,"Material"),
("BlockFenceRotES",false,"none",false,"0 0",false,"Material"),
("BlockFenceRotSW",false,"none",false,"0 0",false,"Material"),
("BlockFenceRotNW",false,"none",false,"0 0",false,"Material"),
("BlockFenceRotESW",false,"none",false,"0 0",false,"Material"),
("BlockFenceRotNSW",false,"none",false,"0 0",false,"Material"),
("BlockFenceRotNEW",false,"none",false,"0 0",false,"Material"),
("BlockFenceRotNES",false,"none",false,"0 0",false,"Material"),
("BlockFenceRotNESW",false,"none",false,"0 0",false,"Material"),
("CobbleStoneFence",false,"CobbleStoneFencePost",false,"0 0",false,"Material"),
("CobbleStoneFenceN",false,"none",false,"0 0",false,"Material"),
("CobbleStoneFenceE",false,"none",false,"0 0",false,"Material"),
("CobbleStoneFenceS",false,"none",false,"0 0",false,"Material"),
("CobbleStoneFenceW",false,"none",false,"0 0",false,"Material"),
("CobbleStoneFenceNS",false,"none",false,"0 0",false,"Material"),
("CobbleStoneFenceEW",false,"none",false,"0 0",false,"Material"),
("CobbleStoneFenceNE",false,"none",false,"0 0",false,"Material"),
("CobbleStoneFenceES",false,"none",false,"0 0",false,"Material"),
("CobbleStoneFenceSW",false,"none",false,"0 0",false,"Material"),
("CobbleStoneFenceNW",false,"none",false,"0 0",false,"Material"),
("CobbleStoneFenceESW",false,"none",false,"0 0",false,"Material"),
("CobbleStoneFenceNSW",false,"none",false,"0 0",false,"Material"),
("CobbleStoneFenceNEW",false,"none",false,"0 0",false,"Material"),
("CobbleStoneFenceNES",false,"none",false,"0 0",false,"Material"),
("CobbleStoneFenceRot",false,"CobbleStoneFencePost",false,"0 0",false,"Material"),
("CobbleStoneFenceRotN",false,"none",false,"0 0",false,"Material"),
("CobbleStoneFenceRotE",false,"none",false,"0 0",false,"Material"),
("CobbleStoneFenceRotS",false,"none",false,"0 0",false,"Material"),
("CobbleStoneFenceRotW",false,"none",false,"0 0",false,"Material"),
("CobbleStoneFenceRotNS",false,"none",false,"0 0",false,"Material"),
("CobbleStoneFenceRotEW",false,"none",false,"0 0",false,"Material"),
("CobbleStoneFenceRotNE",false,"none",false,"0 0",false,"Material"),
("CobbleStoneFenceRotES",false,"none",false,"0 0",false,"Material"),
("CobbleStoneFenceRotSW",false,"none",false,"0 0",false,"Material"),
("CobbleStoneFenceRotNW",false,"none",false,"0 0",false,"Material"),
("CobbleStoneFenceRotESW",false,"none",false,"0 0",false,"Material"),
("CobbleStoneFenceRotNSW",false,"none",false,"0 0",false,"Material"),
("CobbleStoneFenceRotNEW",false,"none",false,"0 0",false,"Material"),
("CobbleStoneFenceRotNES",false,"none",false,"0 0",false,"Material"),
("CobbleStoneFenceRotNESW",false,"none",false,"0 0",false,"Material"),
("WoodFence",false,"WoodFencePost",false,"0 0",false,"Material"),
("WoodFenceN",false,"none",false,"0 0",false,"Material"),
("WoodFenceE",false,"none",false,"0 0",false,"Material"),
("WoodFenceS",false,"none",false,"0 0",false,"Material"),
("WoodFenceW",false,"none",false,"0 0",false,"Material"),
("WoodFenceNS",false,"none",false,"0 0",false,"Material"),
("WoodFenceEW",false,"none",false,"0 0",false,"Material"),
("WoodFenceNE",false,"none",false,"0 0",false,"Material"),
("WoodFenceES",false,"none",false,"0 0",false,"Material"),
("WoodFenceSW",false,"none",false,"0 0",false,"Material"),
("WoodFenceNW",false,"none",false,"0 0",false,"Material"),
("WoodFenceESW",false,"none",false,"0 0",false,"Material"),
("WoodFenceNSW",false,"none",false,"0 0",false,"Material"),
("WoodFenceNEW",false,"none",false,"0 0",false,"Material"),
("WoodFenceNES",false,"none",false,"0 0",false,"Material"),
("WoodFenceRot",false,"WoodFencePost",false,"0 0",false,"Material"),
("WoodFenceRotN",false,"none",false,"0 0",false,"Material"),
("WoodFenceRotE",false,"none",false,"0 0",false,"Material"),
("WoodFenceRotS",false,"none",false,"0 0",false,"Material"),
("WoodFenceRotW",false,"none",false,"0 0",false,"Material"),
("WoodFenceRotNS",false,"none",false,"0 0",false,"Material"),
("WoodFenceRotEW",false,"none",false,"0 0",false,"Material"),
("WoodFenceRotNE",false,"none",false,"0 0",false,"Material"),
("WoodFenceRotES",false,"none",false,"0 0",false,"Material"),
("WoodFenceRotSW",false,"none",false,"0 0",false,"Material"),
("WoodFenceRotNW",false,"none",false,"0 0",false,"Material"),
("WoodFenceRotESW",false,"none",false,"0 0",false,"Material"),
("WoodFenceRotNSW",false,"none",false,"0 0",false,"Material"),
("WoodFenceRotNEW",false,"none",false,"0 0",false,"Material"),
("WoodFenceRotNES",false,"none",false,"0 0",false,"Material"),
("WoodFenceRotNESW",false,"none",false,"0 0",false,"Material"),
("Rafter",false,"none",false,"0 0",false,"Material"),
("Roofing",false,"none",false,"0 0",false,"Material"),
("CombinedRoof",false,"none",false,"0 0",false,"none"),
("KnifeBlade",false,"KnifeBlade",false,"8 16",false,"Material"),
("KnifeHilt",false,"KnifeHilt",false,"8 16",false,"none"),
("Hilt",false,"KnifeHilt",false,"8 16",false,"none"),
("Knife",false,"none",false,"0 0 0",false,"none"),
("Pickaxe",false,"none",false,"0 0 0",false,"none"),
("PickaxeHead",false,"PickaxeHead",false,"0 16",false,"Material"),
("PickaxeBase",false,"PickaxeBase",false,"0 16",false,"Material"),
("FellingAxe",false,"none",false,"0 0 0",false,"none"),
("FellingAxeBase",false,"FellingAxeBase",false,"0 16",false,"Material"),
("FellingAxeHead",false,"FellingAxeHead",false,"0 16",false,"Material"),
("WorkshopTable",false,"none",false,"0 0",false,"Material"),
("WorkshopTable_AxeBench",false,"none",false,"0 0 0",false,"none"),
("WorkshopTable_KitchenTableTop",false,"none",false,"0 0 0",false,"none"),
("WorkshopTable_Hammer",false,"none",false,"0 0 0",false,"none"),
("WorkshopTable_RawGem",false,"none",false,"0 0 0",false,"none"),
("WorkshopTable_Gem",false,"none",false,"0 0 0",false,"none"),
("WorkshopTable_JewelryPile",false,"none",false,"0 0 0",false,"none"),
("WorkshopTable_Vise",false,"none",false,"0 0 0",false,"none"),
("WorkshopTable_Cloth",false,"none",false,"0 0 0",false,"none"),
("WorkshopTable_ClothRollTableTop",false,"none",false,"0 0 0",false,"none"),
("WorkshopTable_ShearsTableTop",false,"none",false,"0 0 0",false,"none"),
("WorkshopTable_String",false,"none",false,"0 0 0",false,"none"),
("WorkshopTable_Statuette",false,"none",false,"0 0 0",false,"none"),
("WorkshopTable_Skull",false,"none",false,"0 0 0",false,"none"),
("WorkshopTable_BoneNeedle",false,"none",false,"0 0 0",false,"none"),
("WorkshopTable_ChiselTableTop",false,"none",false,"0 0 0",false,"none"),
("ChiselTableTop",false,"none",false,"0 0",false,"none"),
("WorkshopTable_Meat",false,"none",false,"0 0 0",false,"none"),
("WorkshopTable_ButcherTableTop",false,"none",false,"0 0 0",false,"none"),
("ButcherTableTop",false,"none",false,"0 0",false,"Material"),
("KitchenTableTop",false,"none",false,"0 0",false,"none"),
("HammerTableTop",false,"none",false,"0 0",false,"none"),
("File",false,"Sword",false,"0 16",false,"Material"),
("Hammer",false,"none",false,"0 0 0",false,"Material"),
("Loom",false,"none",false,"0 0",false,"Material"),
("WorkshopTable_ProspectorOre",false,"none",false,"0 0 0",false,"none"),
("WorkshopTable_ProspectorSliver",false,"none",false,"0 0 0",false,"none"),
("Sword",false,"none",false,"0 0",false,"Material"),
("HandAxe",false,"none",false,"0 0",false,"Material"),
("Shield",false,"none",false,"0 0",false,"Material"),
("BattleAxe",false,"none",false,"0 0",false,"Material"),
("Warhammer",false,"none",false,"0 0",false,"Material"),
("SwordBase",false,"none",false,"0 0",false,"Material"),
("HandAxeBase",false,"none",false,"0 0",false,"Material"),
("HammerBase",false,"none",false,"0 0",false,"Material"),
("ShieldBase",false,"none",false,"0 0",false,"Material"),
("BattleAxeBase",false,"none",false,"0 0",false,"Material"),
("WarhammerBase",false,"none",false,"0 0",false,"Material"),
("ClaymoreBase",false,"none",false,"0 0",false,"Material"),
("BlunderbussBase",false,"none",false,"0 0",false,"Material"),
("BlunderbussBarrel",false,"none",false,"0 0",false,"Material"),
("PistolBase",false,"none",false,"0 0",false,"Material"),
("PistolBarrel",false,"none",false,"0 0",false,"Material"),
("CrossbowBase",false,"none",false,"0 0",false,"Material"),
("Crossbow",false,"none",false,"0 0",false,"Material"),
("RoughFloor",false,"none",false,"0 16",false,"Material"),
("RoughWall",false,"none",false,"0 0 0",false,"Material"),
("RoughWallShort",false,"none",false,"0 12",false,"Material"),
("RoughStoneWall",false,"RoughStoneWall",false,"0 0 0",false,"Material"),
("RoughStoneFloor",false,"RoughStoneFloor",false,"0 16",false,"Material"),
("Floor",false,"none",false,"0 16",false,"Material"),
("LogFloor",false,"none",false,"0 16",false,"Material"),
("Wall",false,"none",false,"0 0 0",false,"Material"),
("LogWall",false,"none",false,"0 0 0",false,"Material"),
("Ramp",false,"none",false,"0 0 0",false,"none"),
("CornerRamp",false,"none",false,"0 0 0",false,"none"),
("URamp",false,"none",false,"0 0 0",false,"none"),
("RampTop",false,"none",false,"0 16",false,"none"),
("CornerRampTop",false,"none",false,"0 16",false,"none"),
("URampTop",false,"none",false,"0 16",false,"none"),
("ClayRamp",false,"none",false,"0 0 0",false,"Material"),
("StoneRamp",false,"none",false,"0 0 0",false,"Material"),
("ThatchRamp",false,"none",false,"0 0 0",false,"none"),
("ThatchRampTop",false,"none",false,"0 16",false,"none"),
("ClayCornerRamp",false,"none",false,"0 0 0",false,"Material"),
("StoneCornerRamp",false,"none",false,"0 0 0",false,"Material"),
("ClayURamp",false,"none",false,"0 0 0",false,"Material"),
("StoneURamp",false,"none",false,"0 0 0",false,"Material"),
("ClayRampTop",false,"none",false,"0 16",false,"Material"),
("StoneRampTop",false,"none",false,"0 16",false,"Material"),
("ClayCornerRampTop",false,"none",false,"0 16",false,"Material"),
("StoneCornerRampTop",false,"none",false,"0 16",false,"Material"),
("ClayURampTop",false,"none",false,"0 16",false,"Material"),
("StoneURampTop",false,"none",false,"0 16",false,"Material"),
("GrassSoilRamp",false,"none",false,"0 0 0",false,"none"),
("GrassSoilRampTop",false,"none",false,"0 0 0",false,"none"),
("GrassSoilCornerRamp",false,"none",false,"0 0 0",false,"none"),
("GrassSoilCornerRampTop",false,"none",false,"0 0 0",false,"none"),
("GrassSoilURamp",false,"none",false,"0 0 0",false,"none"),
("GrassSoilURampTop",false,"none",false,"0 0 0",false,"none"),
("OuterCornerRamp",false,"none",false,"0 0 0",false,"none"),
("SoilOuterCornerRamp",false,"none",false,"0 0 0",false,"Material"),
("ClayOuterCornerRamp",false,"none",false,"0 0 0",false,"Material"),
("StoneOuterCornerRamp",false,"none",false,"0 0 0",false,"Material"),
("ThatchOuterCornerRamp",false,"none",false,"0 0 0",false,"none"),
("AppleTreeTopWithFruit",false,"none",true,"0 0 0",false,"none"),
("AppleTreeTop",false,"none",false,"0 0 0",false,"none"),
("AppleTreeTopCornerWithFruit",false,"none",true,"0 0 0",false,"none"),
("AppleTreeTopCorner",false,"none",false,"0 0 0",false,"none"),
("AppleTreeMiddle",false,"AppleTreeMiddle",false,"0 -4",false,"none"),
("AppleTreeMiddleWithFruit",false,"none",true,"0 -4",false,"none"),
("AppleTreeMiddleTop",false,"AppleTreeMiddle",false,"0 0 0",false,"none"),
("AppleTreeBottom",false,"none",false,"0 -8",false,"none"),
("AppleTreeBottomCorner",false,"none",false,"0 -8",false,"none"),
("AppleTreeTrunkMiddle",false,"AppleTreeTrunkMiddle",false,"0 -4",false,"none"),
("AppleTreeTrunkBottom",false,"AppleTreeTrunkBottom",false,"0 -4",false,"none"),
("AppleTreeApples",false,"none",false,"0 0 0",false,"none"),
("AppleTreeApple1",false,"AppleTreeApple1",false,"0 0 0",false,"none"),
("AppleTreeApple2",false,"AppleTreeApple2",false,"0 0 0",false,"none"),
("AppleTreeApple3",false,"AppleTreeApple3",false,"0 0 0",false,"none"),
("PineTrunk1",false,"PineTrunk1",false,"0 -4",false,"none"),
("PineTrunk2",false,"PineTrunk2",false,"0 -4",false,"none"),
("PineTree1",false,"none",false,"0 -8",false,"none"),
("PineTree2",false,"none",false,"0 -6",false,"none"),
("PineTree3",false,"none",false,"0 -4",false,"none"),
("PineTree4",false,"none",false,"0 -2",false,"none"),
("PineTop",false,"PineTreeTop",false,"0 0",false,"none"),
("OrangeTreeTopWithFruit",false,"none",true,"0 0 0",false,"none"),
("OrangeTreeMiddleCornerWithFruit",false,"none",true,"0 0 0",false,"none"),
("OrangeTreeTop",false,"none",false,"0 0 0",false,"none"),
("OrangeTreeTopCornerWithFruit",false,"none",true,"0 0 0",false,"none"),
("OrangeTreeTopCorner",false,"none",false,"0 0 0",false,"none"),
("OrangeTreeMiddleCorner",false,"none",false,"0 -4",false,"none"),
("OrangeTreeMiddle",false,"OrangeTreeMiddle",false,"0 -4",false,"none"),
("OrangeTreeMiddleWithFruit",false,"none",true,"0 -4",false,"none"),
("OrangeTreeMiddleTop",false,"OrangeTreeMiddle",false,"0 0 0",false,"none"),
("OrangeTreeBottom",false,"none",false,"0 -8",false,"none"),
("OrangeTreeBottomCorner",false,"none",false,"0 -8",false,"none"),
("OrangeTreeTrunkMiddle",false,"OrangeTreeTrunkMiddle",false,"0 -4",false,"none"),
("OrangeTreeTrunkBottom",false,"OrangeTreeTrunkBottom",false,"0 -4",false,"none"),
("OrangeTreeOranges",false,"none",false,"0 0 0",false,"none"),
("OrangeTreeOrange1",false,"OrangeTreeOrange1",false,"0 0 0",false,"none"),
("OrangeTreeOrange2",false,"OrangeTreeOrange2",false,"0 0 0",false,"none"),
("OrangeTreeOrange3",false,"OrangeTreeOrange3",false,"0 0 0",false,"none"),
("OakTree1",false,"none",false,"0 -8",false,"none"),
("OakTree2",false,"none",false,"0 -8",false,"none"),
("OakTree3",false,"none",false,"0 -8",false,"none"),
("OakTree4",false,"none",false,"0 -8",false,"none"),
("OakTree5",false,"none",false,"0 -8",false,"none"),
("OakTree6",false,"none",false,"0 -8",false,"none"),
("OakTree7",false,"none",false,"0 -4",false,"none"),
("OakTree8",false,"none",false,"0 -4",false,"none"),
("OakTree9",false,"none",false,"0 -4",false,"none"),
("OakTree10",false,"none",false,"0 -4",false,"none"),
("OakTree11",false,"none",false,"0 -4",false,"none"),
("OakTree12",false,"none",false,"0 -4",false,"none"),
("OakTree13",false,"none",false,"0 0 0",false,"none"),
("OakTree14",false,"none",false,"0 0 0",false,"none"),
("OakTree21",false,"none",false,"0 0 0",false,"none"),
("OakTree22",false,"none",false,"0 0 0",false,"none"),
("OakTree23",false,"none",false,"0 0 0",false,"none"),
("OakTree24",false,"none",false,"0 0 0",false,"none"),
("OakTree25",false,"none",false,"0 0 0",false,"none"),
("OakTree26",false,"none",false,"0 0 0",false,"none"),
("OakTree27",false,"none",false,"0 0 0",false,"none"),
("OakTree28",false,"none",false,"0 0 0",false,"none"),
("OakTree29",false,"none",false,"0 0 0",false,"none"),
("OakTree210",false,"none",false,"0 0 0",false,"none"),
("OakTree211",false,"none",false,"0 0 0",false,"none"),
("OakTree212",false,"none",false,"0 0 0",false,"none"),
("OakTree213",false,"none",false,"0 0 0",false,"none"),
("OakTree214",false,"none",false,"0 0 0",false,"none"),
("Grass1",false,"none",false,"0 16",false,"none"),
("Grass2",false,"none",false,"0 16",false,"none"),
("Grass3",false,"none",false,"0 16",false,"none"),
("Grass4",false,"none",false,"0 16",false,"none"),
("Grass5",false,"none",false,"0 16",false,"none"),
("Grass6",false,"none",false,"0 16",false,"none"),
("GrassWithDetail",false,"none",true,"0 0 0",false,"none"),
("Grass",false,"none",false,"0 0 0",false,"none"),
("GrassDetail",false,"none",false,"0 0 0",false,"none"),
("RRedFlower0",false,"none",false,"0 16",false,"none"),
("RRedFlower1",false,"none",false,"0 16",false,"none"),
("RRedFlower2",false,"none",false,"0 16",false,"none"),
("RRedFlower3",false,"none",false,"0 16",false,"none"),
("RRedFlower4",false,"none",false,"0 16",false,"none"),
("RRedFlower5",false,"none",false,"0 16",false,"none"),
("RRedFlower6",false,"none",false,"0 16",false,"none"),
("RRedFlower7",false,"none",false,"0 16",false,"none"),
("RRedFlower8",false,"none",false,"0 16",false,"none"),
("RBlueFlower0",false,"none",false,"0 16",false,"none"),
("RBlueFlower1",false,"none",false,"0 16",false,"none"),
("RBlueFlower2",false,"none",false,"0 16",false,"none"),
("RBlueFlower3",false,"none",false,"0 16",false,"none"),
("RBlueFlower4",false,"none",false,"0 16",false,"none"),
("RBlueFlower5",false,"none",false,"0 16",false,"none"),
("RBlueFlower6",false,"none",false,"0 16",false,"none"),
("RBlueFlower7",false,"none",false,"0 16",false,"none"),
("RBlueFlower8",false,"none",false,"0 16",false,"none"),
("RYellowFlower0",false,"none",false,"0 16",false,"none"),
("RYellowFlower1",false,"none",false,"0 16",false,"none"),
("RYellowFlower2",false,"none",false,"0 16",false,"none"),
("RYellowFlower3",false,"none",false,"0 16",false,"none"),
("RYellowFlower4",false,"none",false,"0 16",false,"none"),
("RYellowFlower5",false,"none",false,"0 16",false,"none"),
("RYellowFlower6",false,"none",false,"0 16",false,"none"),
("RYellowFlower7",false,"none",false,"0 16",false,"none"),
("RYellowFlower8",false,"none",false,"0 16",false,"none"),
("RPurpleFlower0",false,"none",false,"0 16",false,"none"),
("RPurpleFlower1",false,"none",false,"0 16",false,"none"),
("RPurpleFlower2",false,"none",false,"0 16",false,"none"),
("RPurpleFlower3",false,"none",false,"0 16",false,"none"),
("RPurpleFlower4",false,"none",false,"0 16",false,"none"),
("RPurpleFlower5",false,"none",false,"0 16",false,"none"),
("RPurpleFlower6",false,"none",false,"0 16",false,"none"),
("RPurpleFlower7",false,"none",false,"0 16",false,"none"),
("RPurpleFlower8",false,"none",false,"0 16",false,"none"),
("ROrangeFlower0",false,"none",false,"0 16",false,"none"),
("ROrangeFlower1",false,"none",false,"0 16",false,"none"),
("ROrangeFlower2",false,"none",false,"0 16",false,"none"),
("ROrangeFlower3",false,"none",false,"0 16",false,"none"),
("ROrangeFlower4",false,"none",false,"0 16",false,"none"),
("ROrangeFlower5",false,"none",false,"0 16",false,"none"),
("ROrangeFlower6",false,"none",false,"0 16",false,"none"),
("ROrangeFlower7",false,"none",false,"0 16",false,"none"),
("ROrangeFlower8",false,"none",false,"0 16",false,"none"),
("RWhiteMushroom0",false,"none",false,"0 16",false,"none"),
("RWhiteMushroom1",false,"none",false,"0 16",false,"none"),
("RWhiteMushroom2",false,"none",false,"0 16",false,"none"),
("RWhiteMushroom3",false,"none",false,"0 16",false,"none"),
("RWhiteMushroom4",false,"none",false,"0 16",false,"none"),
("RWhiteMushroom5",false,"none",false,"0 16",false,"none"),
("RWhiteMushroom6",false,"none",false,"0 16",false,"none"),
("RWhiteMushroom7",false,"none",false,"0 16",false,"none"),
("RWhiteMushroom8",false,"none",false,"0 16",false,"none"),
("RYellowMushroom1",false,"none",false,"0 16",false,"none"),
("RYellowMushroom2",false,"none",false,"0 16",false,"none"),
("RYellowMushroom3",false,"none",false,"0 16",false,"none"),
("RYellowMushroom4",false,"none",false,"0 16",false,"none"),
("RYellowMushroom5",false,"none",false,"0 16",false,"none"),
("RYellowMushroom6",false,"none",false,"0 16",false,"none"),
("RYellowMushroom7",false,"none",false,"0 16",false,"none"),
("RYellowMushroom8",false,"none",false,"0 16",false,"none"),
("ROrangeMushroom1",false,"none",false,"0 16",false,"none"),
("ROrangeMushroom2",false,"none",false,"0 16",false,"none"),
("ROrangeMushroom3",false,"none",false,"0 16",false,"none"),
("ROrangeMushroom4",false,"none",false,"0 16",false,"none"),
("ROrangeMushroom5",false,"none",false,"0 16",false,"none"),
("ROrangeMushroom6",false,"none",false,"0 16",false,"none"),
("ROrangeMushroom7",false,"none",false,"0 16",false,"none"),
("ROrangeMushroom8",false,"none",false,"0 16",false,"none"),
("RStone0",false,"none",false,"0 16",false,"none"),
("RStone1",false,"none",false,"0 16",false,"none"),
("RStone2",false,"none",false,"0 16",false,"none"),
("RStone3",false,"none",false,"0 16",false,"none"),
("RStone4",false,"none",false,"0 16",false,"none"),
("RStone5",false,"none",false,"0 16",false,"none"),
("RStone6",false,"none",false,"0 16",false,"none"),
("RStone7",false,"none",false,"0 16",false,"none"),
("RStone8",false,"none",false,"0 16",false,"none"),
("GrassDetail1",false,"none",true,"0 0 0",false,"none"),
("GrassDetail2",false,"none",true,"0 0 0",false,"none"),
("GrassDetail3",false,"none",true,"0 0 0",false,"none"),
("GrassDetail4",false,"none",true,"0 0 0",false,"none"),
("GrassDetail5",false,"none",true,"0 0 0",false,"none"),
("GrassRamp",false,"none",false,"0 0 0",false,"none"),
("GrassRampTop",false,"none",false,"0 16",false,"none"),
("GrassOuterCornerRamp",false,"none",false,"0 0 0",false,"none"),
("GrassCornerRamp",false,"none",false,"0 0 0",false,"none"),
("GrassCornerRampTop",false,"none",false,"0 16",false,"none"),
("GrassURamp",false,"none",false,"0 0 0",false,"none"),
("GrassURampTop",false,"none",false,"0 16",false,"none"),
("SoilRamp",false,"none",false,"0 0 0",false,"Material"),
("SoilRampTop",false,"none",false,"0 16",false,"Material"),
("SoilCornerRamp",false,"none",false,"0 0 0",false,"Material"),
("SoilCornerRampTop",false,"none",false,"0 16",false,"Material"),
("SoilURamp",false,"none",false,"0 0 0",false,"Material"),
("SoilURampTop",false,"none",false,"0 16",false,"Material"),
("Pentagram",false,"Pentagram1",false,"0 11",false,"none"),
("PentagramAnim",true,"none",false,"0 11",false,"none"),
("Sparkles",true,"none",false,"0 0 0",false,"none"),
("MushroomGrassWithDetail",false,"none",true,"0 0 0",false,"none"),
("MushroomGrass",false,"none",false,"0 0 0",false,"none"),
("MushroomGrass1",false,"MushroomGrass1",false,"0 16",false,"none"),
("MushroomGrass2",false,"MushroomGrass2",false,"0 16",false,"none"),
("MushroomGrass3",false,"MushroomGrass3",false,"0 16",false,"none"),
("MushroomGrass4",false,"MushroomGrass4",false,"0 16",false,"none"),
("MushroomGrass5",false,"MushroomGrass5",false,"0 16",false,"none"),
("MushroomGrassDetail",false,"none",false,"0 0 0",false,"none"),
("CrystalPole",false,"CrystalPole",false,"0 -8",false,"none"),
("CrystalShroom",false,"CrystalShroom",false,"0 -8",false,"none"),
("MushroomGrassRamp",false,"none",false,"0 0 0",false,"none"),
("MushroomGrassRampTop",false,"none",false,"0 16",false,"none"),
("MushroomGrassCornerRamp",false,"none",false,"0 0 0",false,"none"),
("MushroomGrassCornerRampTop",false,"none",false,"0 16",false,"none"),
("MushroomGrassURamp",false,"none",false,"0 0 0",false,"none"),
("MushroomGrassURampTop",false,"none",false,"0 16",false,"none"),
("MushroomGrassSoilRamp",false,"none",false,"0 0 0",false,"none"),
("MushroomGrassSoilRampTop",false,"none",false,"0 0 0",false,"none"),
("MushroomGrassSoilCornerRamp",false,"none",false,"0 0 0",false,"none"),
("MushroomGrassSoilCornerRampTop",false,"none",false,"0 0 0",false,"none"),
("MushroomGrassSoilURamp",false,"none",false,"0 0 0",false,"none"),
("MushroomGrassSoilURampTop",false,"none",false,"0 0 0",false,"none"),
("Mushroom1_1",false,"Mushroom1_1",false,"0 -4",false,"none"),
("Mushroom1_2",false,"Mushroom1_2",false,"0 -4",false,"none"),
("Mushroom1_3",false,"Mushroom1_3",false,"0 -4",false,"none"),
("Mushroom1_4",false,"Mushroom1_4",false,"0 -4",false,"none"),
("Mushroom2_1",false,"Mushroom2_1",false,"0 12",false,"none"),
("Mushroom2_2",false,"Mushroom2_2",false,"0 12",false,"none"),
("Mushroom2_3",false,"Mushroom2_3",false,"0 12",false,"none"),
("Mushroom2_4",false,"Mushroom2_4",false,"0 8",false,"none"),
("Mushroom2_5",false,"Mushroom2_5",false,"0 12",false,"none"),
("Mushroom2_6",false,"Mushroom2_6",false,"0 12",false,"none"),
("Mushroom2_7",false,"Mushroom2_7",false,"0 12",false,"none"),
("Mushroom2_8",false,"Mushroom2_8",false,"0 12",false,"none"),
("Mushroom2_6_2",false,"Mushroom2_6",false,"0 8",false,"none"),
("Mushroom2_7_2",false,"Mushroom2_7",false,"0 8",false,"none"),
("Mushroom2_8_2",false,"Mushroom2_8",false,"0 8",false,"none"),
("Mushroom2_9",false,"Mushroom2_9",false,"0 8",false,"none"),
("Mushroom2_10",false,"Mushroom2_10",false,"0 8",false,"none"),
("Mushroom2_4_2",false,"Mushroom2_4",false,"0 4",false,"none"),
("Mushroom2_9_2",false,"Mushroom2_9",false,"0 4",false,"none"),
("Mushroom2_10_2",false,"Mushroom2_10",false,"0 4",false,"none"),
("Mushroom2_11_2",false,"Mushroom2_11",false,"0 4",false,"none"),
("Mushroom2_12_2",false,"Mushroom2_12",false,"0 4",false,"none"),
("Mushroom2_11",false,"Mushroom2_11",false,"0 8",false,"none"),
("Mushroom2_12",false,"Mushroom2_12",false,"0 8",false,"none"),
("Mushroom2_13",false,"Mushroom2_13",false,"0 0 0",false,"none"),
("Mushroom2_14",false,"Mushroom2_14",false,"0 -4",false,"none"),
("Mushroom2_15",false,"Mushroom2_15",false,"0 8",false,"none"),
("Mushroom2_16",false,"Mushroom2_16",false,"0 8",false,"none"),
("Mushroom2_17",false,"Mushroom2_17",false,"0 8",false,"none"),
("Mushroom2_18",false,"Mushroom2_18",false,"0 8",false,"none"),
("Mushroom2_19",false,"Mushroom2_19",false,"0 12",false,"none"),
("Mushroom2_20",false,"Mushroom2_20",false,"0 0 0",false,"none"),
("Mushroom2_21",false,"Mushroom2_21",false,"0 8",false,"none"),
("Mushroom2_22",false,"Mushroom2_22",false,"0 0",false,"none"),
("Mushroom2_23",false,"Mushroom2_23",false,"0 8",false,"none"),
("Mushroom2_24",false,"Mushroom2_24",false,"0 0 0",false,"none"),
("Mushroom2_25",false,"Mushroom2_25",false,"0 0 0",false,"none"),
("Mushroom2_26",false,"Mushroom2_26",false,"0 0 0",false,"none"),
("Mushroom2_27",false,"Mushroom2_27",false,"0 0 0",false,"none"),
("Mushroom2_28",false,"Mushroom2_28",false,"0 4",false,"none"),
("Mushroom2_29",false,"Mushroom2_29",false,"0 0 0",false,"none"),
("Mushroom2_30",false,"Mushroom2_30",false,"0 0 0",false,"none"),
("Mushroom2_31",false,"Mushroom2_31",false,"0 0 0",false,"none"),
("Mushroom2_32",false,"Mushroom2_32",false,"0 0 0",false,"none"),
("Mushroom2_33",false,"Mushroom2_33",false,"0 0 0",false,"none"),
("Mushroom2_34",false,"Mushroom2_34",false,"0 0 0",false,"none");

CREATE TABLE IF NOT EXISTS Sprites_Frames ( 
ParentID VARCHAR(30) NULL ,
BaseSprite VARCHAR(30) NULL  );

INSERT INTO Sprites_Frames VALUES 
("GroundTorchFlame","GroundTorchFlame1"),
("GroundTorchFlame","GroundTorchFlame2"),
("GroundTorchFlame","GroundTorchFlame3"),
("GroundTorchFlame","GroundTorchFlame4"),
("PentagramAnim","Pentagram1"),
("PentagramAnim","Pentagram2"),
("PentagramAnim","Pentagram3"),
("PentagramAnim","Pentagram4"),
("Sparkles","SparkleFrame1"),
("Sparkles","SparkleFrame2"),
("Sparkles","SparkleFrame3"),
("Sparkles","SparkleFrame4");

CREATE TABLE IF NOT EXISTS Sprites_ByMaterials ( 
ParentID VARCHAR(30) NULL ,
BaseSprite VARCHAR(30) NULL ,
Effect VARCHAR(30) NULL ,
MaterialID VARCHAR(30) NULL ,
Sprite VARCHAR(30) NULL  );

INSERT INTO Sprites_ByMaterials VALUES 
("Corpse","Panda","Rot90","Panda","none"),
("Corpse","Rabbit","Rot90","Rabbit","none"),
("Corpse","Chicken","Rot90","Chicken","none"),
("Corpse","PigPink","Rot90","PigPink","none"),
("Corpse","PigYellow","Rot90","PigYellow","none"),
("Corpse","Sheep","Rot90","Sheep","none"),
("Corpse","Woodlouse","Rot90","Woodlouse","none"),
("Corpse","Badger","Rot90","Badger","none"),
("Corpse","Lizzard","Rot90","Lizzard","none"),
("Corpse","BlackBear","Rot90","BlackBear","none"),
("Corpse","Llama","Rot90","Llama","none"),
("Corpse","Yak","Rot90","Yak","none"),
("Corpse","Emu","Rot90","Emu","none"),
("Corpse","Spider","Rot90","Spider","none"),
("Corpse","Beetle","Rot90","Beetle","none"),
("Corpse","RabbitYoung","Rot90","RabbitYoung","none"),
("Corpse","ChickenYoung","Rot90","ChickenYoung","none"),
("Corpse","PigYoung","Rot90","PigYoung","none"),
("Corpse","SheepYoung","Rot90","SheepYoung","none"),
("Corpse","LlamaYoung","Rot90","LlamaYoung","none"),
("Corpse","YakYoung","Rot90","YakYoung","none"),
("Corpse","EmuYoung","Rot90","EmuYoung","none"),
("Corpse","Duck","Rot90","Duck","none"),
("Corpse","Cow","Rot90","Cow","none"),
("Corpse","CowYoung","Rot90","CowYoung","none"),
("Corpse","DuckYoung","Rot90","DuckYoung","none"),
("Corpse","Goose","Rot90","Goose","none"),
("Corpse","GooseYoung","Rot90","GooseYoung","none"),
("Corpse","Shepherd","Rot90","Shepherd","none"),
("Corpse","ShepherdYoung","Rot90","ShepherdYoung","none"),
("Corpse","CatTabby","Rot90","CatTabby","none"),
("Corpse","CatBlack","Rot90","CatBlack","none"),
("Corpse","Porcupine","Rot90","Porcupine","none"),
("Corpse","Fox","Rot90","Fox","none"),
("Corpse","Wolf","Rot90","Wolf","none"),
("Corpse","Stag","Rot90","Stag","none"),
("Corpse","Roe","Rot90","Roe","none"),
("Corpse","Goat","Rot90","Goat","none"),
("Corpse","GoatYoung","Rot90","GoatYoung","none"),
("Corpse","Squirrel","Rot90","Squirrel","none"),
("Corpse","GreyFish","Rot90","GreyFish","none"),
("Corpse","GreenFish","Rot90","GreenFish","none"),
("Corpse","GreenFishBack","Rot90","GreenFishBack","none"),
("MonsterCorpse","none","Rot90","Goblin","GoblinFR"),
("Fruit","Melon","none","Melon","none"),
("Fruit","Pumpkin","none","Pumpkin","none"),
("Fruit","Pineapple","none","Pineapple","none"),
("Fruit","Strawberry","none","Strawberry","none"),
("Fruit","Apple","none","Apple","none"),
("Fruit","Orange","none","Orange","none"),
("Vegetable","Carrot","none","Carrot","none"),
("Vegetable","Onion","none","Onion","none"),
("Vegetable","Potato","none","Potato","none"),
("Vegetable","Cabbage","none","Cabbage","none"),
("Vegetable","Asparagus","none","Asparagus","none"),
("Vegetable","Broccoli","none","Broccoli","none"),
("Vegetable","Cauliflower","none","Cauliflower","none"),
("Vegetable","Cucumber","none","Cucumber","none"),
("Vegetable","Garlic","none","Garlic","none"),
("Vegetable","Parsnip","none","Parsnip","none"),
("Vegetable","Radish","none","Radish","none"),
("Vegetable","Turnip","none","Turnip","none"),
("Vegetable","Lettuce","none","Lettuce","none"),
("Vegetable","Sugarbeet","none","Sugarbeet","none"),
("Vegetable","Peas","none","Peas","none"),
("Vegetable","BeetRoot","none","BeetRoot","none"),
("Vegetable","Corn","none","Corn","none"),
("Vegetable","Leek","none","Leek","none"),
("Vegetable","Beans","none","Beans","none"),
("Vegetable","Artichoke","none","Artichoke","none"),
("Vegetable","Bottlegourd","none","Bottlegourd","none"),
("Vegetable","Woad","none","Woad","none"),
("Vegetable","Tomato","none","Tomato","none"),
("Vegetable","Capsicum","none","Capsicum","none"),
("Berries","Blackberry","none","Blackberry","none"),
("Berries","Grape","none","Grape","none"),
("Leaves","Tea","none","Tea","none"),
("Leaves","Tobacco","none","Tobacco","none"),
("Leaves","DyersWeed","none","DyersWeed","none"),
("Mushroom","none","none","none","none"),
("Plant","CarrotPlant","none","Carrot","none"),
("Plant","OnionPlant","none","Onion","none"),
("Plant","PotatoPlant","none","Potato","none"),
("Plant","CabbagePlant","none","Cabbage","none"),
("Plant","AsparagusPlant","none","Asparagus","none"),
("Plant","BroccoliPlant","none","Broccoli","none"),
("Plant","CauliflowerPlant","none","Cauliflower","none"),
("Plant","CucumberPlant","none","Cucumber","none"),
("Plant","RicePlant","none","Rice","none"),
("Plant","GarlicPlant","none","Garlic","none"),
("Plant","ParsnipPlant","none","Parsnip","none"),
("Plant","RadishPlant","none","Radish","none"),
("Plant","TurnipPlant","none","Turnip","none"),
("Plant","LettucePlant","none","Lettuce","none"),
("Plant","MelonPlant","none","Melon","none"),
("Plant","SugarbeetPlant","none","Sugarbeet","none"),
("Plant","PumpkinPlant","none","Pumpkin","none"),
("Plant","PeasPlant","none","Peas","none"),
("Plant","BeetRoot","none","BeetRoot","none"),
("Plant","StrawberryPlant","none","Strawberry","none"),
("Plant","CottonPlant","none","Cotton","none"),
("PlantWithFruit","CarrotPlantWithFruit","none","Carrot","none"),
("PlantWithFruit","OnionPlantWithFruit","none","Onion","none"),
("PlantWithFruit","PotatoPlantWithFruit","none","Potato","none"),
("PlantWithFruit","CabbagePlantWithFruit","none","Cabbage","none"),
("PlantWithFruit","AsparagusPlantWithFruit","none","Asparagus","none"),
("PlantWithFruit","BroccoliPlantWithFruit","none","Broccoli","none"),
("PlantWithFruit","CauliflowerPlantWithFruit","none","Cauliflower","none"),
("PlantWithFruit","CucumberPlantWithFruit","none","Cucumber","none"),
("PlantWithFruit","RicePlantWithFruit","none","Rice","none"),
("PlantWithFruit","GarlicPlantWithFruit","none","Garlic","none"),
("PlantWithFruit","ParsnipPlantWithFruit","none","Parsnip","none"),
("PlantWithFruit","RadishPlantWithFruit","none","Radish","none"),
("PlantWithFruit","TurnipPlantWithFruit","none","Turnip","none"),
("PlantWithFruit","LettucePlantWithFruit","none","Lettuce","none"),
("PlantWithFruit","MelonPlantWithFruit","none","Melon","none"),
("PlantWithFruit","SugarbeetPlantWithFruit","none","Sugarbeet","none"),
("PlantWithFruit","PumpkinPlantWithFruit","none","Pumpkin","none"),
("PlantWithFruit","PeasPlantWithFruit","none","Peas","none"),
("PlantWithFruit","BeetRoot","none","BeetRoot","none"),
("PlantWithFruit","StrawberryPlantWithFruit","none","Strawberry","none"),
("PlantWithFruit","CottonPlantWithFruit","none","Cotton","none"),
("PlantLarge","TeaPlant","none","Tea","none"),
("PlantLarge","TobaccoPlant","none","Tobacco","none"),
("PlantLarge","PineapplePlant","none","Pineapple","none"),
("PlantLarge","CornPlant","none","Corn","none"),
("PlantLarge","LeekPlant","none","Leek","none"),
("PlantLarge","BeansPlant","none","Beans","none"),
("PlantLarge","BlackberryPlant","none","Blackberry","none"),
("PlantLarge","ArtichokePlant","none","Artichoke","none"),
("PlantLarge","BottlegourdPlant","none","Bottlegourd","none"),
("PlantLarge","WoadPlant","none","Woad","none"),
("PlantLarge","DyersWeedPlant","none","DyersWeed","none"),
("PlantLarge","GrapePlant","none","Grape","none"),
("PlantLarge","TomatoPlant","none","Tomato","none"),
("PlantLarge","CapsicumPlant","none","Capsicum","none"),
("PlantLarge","BarleyPlant","none","Barley","none"),
("PlantLarge","OatPlant","none","Oat","none"),
("PlantLarge","MilletPlant","none","Millet","none"),
("PlantLarge","WheatPlant","none","Wheat","none"),
("PlantLargeWithFruit","TeaPlantWithFruit","none","Tea","none"),
("PlantLargeWithFruit","TobaccoPlantWithFruit","none","Tobacco","none"),
("PlantLargeWithFruit","PineapplePlantWithFruit","none","Pineapple","none"),
("PlantLargeWithFruit","CornPlantWithFruit","none","Corn","none"),
("PlantLargeWithFruit","LeekPlantWithFruit","none","Leek","none"),
("PlantLargeWithFruit","BeansPlantWithFruit","none","Beans","none"),
("PlantLargeWithFruit","BlackberryPlantWithFruit","none","Blackberry","none"),
("PlantLargeWithFruit","ArtichokePlantWithFruit","none","Artichoke","none"),
("PlantLargeWithFruit","BottlegourdPlantWithFruit","none","Bottlegourd","none"),
("PlantLargeWithFruit","WoadPlantWithFruit","none","Woad","none"),
("PlantLargeWithFruit","DyersWeedPlantWithFruit","none","DyersWeed","none"),
("PlantLargeWithFruit","GrapePlantWithFruit","none","Grape","none"),
("PlantLargeWithFruit","TomatoPlantWithFruit","none","Tomato","none"),
("PlantLargeWithFruit","CapsicumPlantWithFruit","none","Capsicum","none"),
("PlantLargeWithFruit","BarleyPlantWithFruit","none","Barley","none"),
("PlantLargeWithFruit","OatPlantWithFruit","none","Oat","none"),
("PlantLargeWithFruit","MilletPlantWithFruit","none","Millet","none"),
("PlantLargeWithFruit","WheatPlantWithFruit","none","Wheat","none");

CREATE TABLE IF NOT EXISTS Sprites_Random ( 
ParentID VARCHAR(30) NULL ,
BaseSprite VARCHAR(30) NULL ,
Sprite VARCHAR(30) NULL ,
Weight DOUBLE NULL );

INSERT INTO Sprites_Random VALUES 
("Pig","none","PigPink",0.0),
("Pig","none","PigYellow",0.0),
("ZygYoung","none","ZygYoungBlue",0.0),
("ZygYoung","none","ZygYoungRed",0.0),
("ZygYouth","none","ZygYouthBlue",0.0),
("ZygYouth","none","ZygYouthRed",0.0),
("ZygAdult","none","ZygAdultBlue",0.0),
("ZygAdult","none","ZygAdultRed",0.0),
("ZygSenior","none","ZygSeniorBlue",0.0),
("ZygSenior","none","ZygSeniorRed",0.0),
("Painting","none","Painting1",0.0),
("Painting","none","Painting2",0.0),
("Painting","none","Painting3",0.0),
("Painting","none","Painting4",0.0),
("Painting","none","Painting5",0.0),
("Painting","none","Painting6",0.0),
("Painting","none","Painting7",0.0),
("Painting","none","Painting8",0.0),
("AppleTreeApples","none","AppleTreeApple1",0.0),
("AppleTreeApples","none","AppleTreeApple2",0.0),
("AppleTreeApples","none","AppleTreeApple3",0.0),
("OrangeTreeOranges","none","OrangeTreeOrange1",0.0),
("OrangeTreeOranges","none","OrangeTreeOrange2",0.0),
("OrangeTreeOranges","none","OrangeTreeOrange3",0.0),
("Grass","none","Grass1",0.0),
("Grass","none","Grass5",0.0),
("GrassDetail","EmptyFloor","none",50),
("GrassDetail","none","GrassDetail1",10),
("GrassDetail","none","GrassDetail2",10),
("GrassDetail","none","GrassDetail3",10),
("GrassDetail","none","GrassDetail4",10),
("GrassDetail","none","GrassDetail5",10),
("GrassDetail1","none","RRedFlower0",0.0),
("GrassDetail1","none","RRedFlower1",0.0),
("GrassDetail1","none","RRedFlower2",0.0),
("GrassDetail1","none","RRedFlower3",0.0),
("GrassDetail1","none","RRedFlower4",0.0),
("GrassDetail1","none","RRedFlower5",0.0),
("GrassDetail1","none","RRedFlower6",0.0),
("GrassDetail1","none","RRedFlower7",0.0),
("GrassDetail1","none","RRedFlower8",0.0),
("GrassDetail1","none","RBlueFlower0",0.0),
("GrassDetail1","none","RBlueFlower1",0.0),
("GrassDetail1","none","RBlueFlower2",0.0),
("GrassDetail1","none","RBlueFlower3",0.0),
("GrassDetail1","none","RBlueFlower4",0.0),
("GrassDetail1","none","RBlueFlower5",0.0),
("GrassDetail1","none","RBlueFlower6",0.0),
("GrassDetail1","none","RBlueFlower7",0.0),
("GrassDetail1","none","RBlueFlower8",0.0),
("GrassDetail2","none","RYellowFlower0",0.0),
("GrassDetail2","none","RYellowFlower1",0.0),
("GrassDetail2","none","RYellowFlower2",0.0),
("GrassDetail2","none","RYellowFlower3",0.0),
("GrassDetail2","none","RYellowFlower4",0.0),
("GrassDetail2","none","RYellowFlower5",0.0),
("GrassDetail2","none","RYellowFlower6",0.0),
("GrassDetail2","none","RYellowFlower7",0.0),
("GrassDetail2","none","RYellowFlower8",0.0),
("GrassDetail2","none","RPurpleFlower0",0.0),
("GrassDetail2","none","RPurpleFlower1",0.0),
("GrassDetail2","none","RPurpleFlower2",0.0),
("GrassDetail2","none","RPurpleFlower3",0.0),
("GrassDetail2","none","RPurpleFlower4",0.0),
("GrassDetail2","none","RPurpleFlower5",0.0),
("GrassDetail2","none","RPurpleFlower6",0.0),
("GrassDetail2","none","RPurpleFlower7",0.0),
("GrassDetail2","none","RPurpleFlower8",0.0),
("GrassDetail3","none","ROrangeFlower0",0.0),
("GrassDetail3","none","ROrangeFlower1",0.0),
("GrassDetail3","none","ROrangeFlower2",0.0),
("GrassDetail3","none","ROrangeFlower3",0.0),
("GrassDetail3","none","ROrangeFlower4",0.0),
("GrassDetail3","none","ROrangeFlower5",0.0),
("GrassDetail3","none","ROrangeFlower6",0.0),
("GrassDetail3","none","ROrangeFlower7",0.0),
("GrassDetail3","none","ROrangeFlower8",0.0),
("GrassDetail3","none","RWhiteMushroom0",0.0),
("GrassDetail3","none","RWhiteMushroom1",0.0),
("GrassDetail3","none","RWhiteMushroom2",0.0),
("GrassDetail3","none","RWhiteMushroom3",0.0),
("GrassDetail3","none","RWhiteMushroom4",0.0),
("GrassDetail3","none","RWhiteMushroom5",0.0),
("GrassDetail3","none","RWhiteMushroom6",0.0),
("GrassDetail3","none","RWhiteMushroom7",0.0),
("GrassDetail3","none","RWhiteMushroom8",0.0),
("GrassDetail4","none","RYellowMushroom1",0.0),
("GrassDetail4","none","RYellowMushroom2",0.0),
("GrassDetail4","none","RYellowMushroom3",0.0),
("GrassDetail4","none","RYellowMushroom4",0.0),
("GrassDetail4","none","RYellowMushroom5",0.0),
("GrassDetail4","none","RYellowMushroom6",0.0),
("GrassDetail4","none","RYellowMushroom7",0.0),
("GrassDetail4","none","RYellowMushroom8",0.0),
("GrassDetail4","none","ROrangeMushroom1",0.0),
("GrassDetail4","none","ROrangeMushroom2",0.0),
("GrassDetail4","none","ROrangeMushroom3",0.0),
("GrassDetail4","none","ROrangeMushroom4",0.0),
("GrassDetail4","none","ROrangeMushroom5",0.0),
("GrassDetail4","none","ROrangeMushroom6",0.0),
("GrassDetail4","none","ROrangeMushroom7",0.0),
("GrassDetail4","none","ROrangeMushroom8",0.0),
("GrassDetail5","none","RStone0",0.0),
("GrassDetail5","none","RStone1",0.0),
("GrassDetail5","none","RStone2",0.0),
("GrassDetail5","none","RStone3",0.0),
("GrassDetail5","none","RStone4",0.0),
("GrassDetail5","none","RStone5",0.0),
("GrassDetail5","none","RStone6",0.0),
("GrassDetail5","none","RStone7",0.0),
("GrassDetail5","none","RStone8",0.0),
("GrassDetail5","none","RStone0",0.0),
("GrassDetail5","none","RStone1",0.0),
("GrassDetail5","none","RStone2",0.0),
("GrassDetail5","none","RStone3",0.0),
("GrassDetail5","none","RStone4",0.0),
("GrassDetail5","none","RStone5",0.0),
("GrassDetail5","none","RStone6",0.0),
("GrassDetail5","none","RStone7",0.0),
("GrassDetail5","none","RStone8",0.0),
("MushroomGrass","none","MushroomGrass1",20),
("MushroomGrass","none","MushroomGrass2",20),
("MushroomGrass","none","MushroomGrass3",20),
("MushroomGrass","none","MushroomGrass4",20),
("MushroomGrass","none","MushroomGrass5",20),
("MushroomGrassDetail","EmptyFloor","none",75),
("MushroomGrassDetail","MushroomGrassDetail1","none",5),
("MushroomGrassDetail","MushroomGrassDetail2","none",5),
("MushroomGrassDetail","MushroomGrassDetail3","none",5),
("MushroomGrassDetail","MushroomGrassDetail4","none",5),
("MushroomGrassDetail","MushroomGrassDetail5","none",5);

CREATE TABLE IF NOT EXISTS Sprites_Combine ( 
ParentID VARCHAR(30) NULL ,
BaseSprite VARCHAR(30) NULL ,
Offset_ VARCHAR(11) NULL,
Sprite VARCHAR(30) NULL ,
Tint VARCHAR(30) NULL  );

INSERT INTO Sprites_Combine VALUES 
("Bed","none","0 0 0","WoodBed","none"),
("Bed","none","0 0 0","WoodBedSheets","none"),
("FancyBed","none","0 0 0","FancyWoodBed","none"),
("FancyBed","none","0 0 0","FancyWoodBedSheets","none"),
("MarketStallWithTop","none","0 0 0","MarketStallBase","none"),
("MarketStallWithTop","none","0 0 0","MarketStallTop","none"),
("CarpenterStandWithTools","none","0 0 0","CarpenterStand","none"),
("CarpenterStandWithTools","none","0 0 0","CarpenterStandTools","none"),
("SawTable_TableSaw","none","0 0 0","SawTable","none"),
("SawTable_TableSaw","none","0 0 0","TableSaw","none"),
("ThoughtBubbleThirsty","none","0 0 0","ThoughtBubble","none"),
("ThoughtBubbleThirsty","none","0 0 0","StatusThirsty","none"),
("ThoughtBubbleHungry","none","0 0 0","ThoughtBubble","none"),
("ThoughtBubbleHungry","none","0 0 0","StatusHungry","none"),
("ThoughtBubbleCombat","none","0 0 0","ThoughtBubble","none"),
("ThoughtBubbleCombat","none","0 0 0","StatusCombat","none"),
("Torch","none","0 0 0","GroundTorchFlame","none"),
("Torch","none","0 0 0","GroundTorchBase","none"),
("SawTableLeft_SawTableBlade","none","0 0 0","SawTableLeft","Material"),
("SawTableLeft_SawTableBlade","none","0 0 0","SawTableBlade","Material"),
("AlarmBell","none","0 0 0","AlarmBellBell","none"),
("AlarmBell","none","0 0 0","AlarmBellBase","none"),
("ForgeWithTop","none","0 0 0","Forge","none"),
("ForgeWithTop","none","0 0 0","ForgeTop","none"),
("MoldWithTop","none","0 0 0","Mold","none"),
("MoldWithTop","none","0 0 0","MoldTop","none"),
("BellowsWithNozzle","none","0 0 0","Bellows","none"),
("BellowsWithNozzle","none","0 0 0","BellowsNozzle","none"),
("FurnaceWithFlame","none","0 0 0","Furnace","none"),
("FurnaceWithFlame","none","0 0 0","FurnaceFlame","none"),
("KilnWithFlame","none","0 0 0","Kiln","none"),
("KilnWithFlame","none","0 0 0","KilnFlame","none"),
("GoblinFR","GoblinArmLeft","0 0 0","none","none"),
("GoblinFR","GoblinHandLeft","0 0 0","none","none"),
("GoblinFR","GoblinTorso","0 0 0","none","none"),
("GoblinFR","GoblinHead","0 0 0","none","none"),
("GoblinFR","GoblinFootLeft","0 0 0","none","none"),
("GoblinFR","GoblinFootRight","0 0 0","none","none"),
("GoblinFR","GoblinArmRight","0 0 0","none","none"),
("GoblinFR","GoblinHandRight","0 0 0","none","none"),
("FishingRodRack","none","0 0 0","FishingRack","none"),
("FishingRodRack","none","0 0 0","FishingRods","none"),
("BlockFenceN","BlockFenceNorth","0 0 0","none","none"),
("BlockFenceN","BlockFencePost","0 0 0","none","none"),
("BlockFenceE","BlockFencePost","0 0 0","none","none"),
("BlockFenceE","BlockFenceEast","0 0 0","none","none"),
("BlockFenceS","BlockFencePost","0 0 0","none","none"),
("BlockFenceS","BlockFenceSouth","0 0 0","none","none"),
("BlockFenceW","BlockFenceWest","0 0 0","none","none"),
("BlockFenceW","BlockFencePost","0 0 0","none","none"),
("BlockFenceNS","BlockFenceNorth","0 0 0","none","none"),
("BlockFenceNS","BlockFencePost","0 0 0","none","none"),
("BlockFenceNS","BlockFenceSouth","0 0 0","none","none"),
("BlockFenceEW","BlockFenceWest","0 0 0","none","none"),
("BlockFenceEW","BlockFencePost","0 0 0","none","none"),
("BlockFenceEW","BlockFenceEast","0 0 0","none","none"),
("BlockFenceNE","BlockFenceNorth","0 0 0","none","none"),
("BlockFenceNE","BlockFencePost","0 0 0","none","none"),
("BlockFenceNE","BlockFenceEast","0 0 0","none","none"),
("BlockFenceES","BlockFencePost","0 0 0","none","none"),
("BlockFenceES","BlockFenceEast","0 0 0","none","none"),
("BlockFenceES","BlockFenceSouth","0 0 0","none","none"),
("BlockFenceSW","BlockFenceWest","0 0 0","none","none"),
("BlockFenceSW","BlockFencePost","0 0 0","none","none"),
("BlockFenceSW","BlockFenceSouth","0 0 0","none","none"),
("BlockFenceNW","BlockFenceWest","0 0 0","none","none"),
("BlockFenceNW","BlockFenceNorth","0 0 0","none","none"),
("BlockFenceNW","BlockFencePost","0 0 0","none","none"),
("BlockFenceESW","BlockFenceWest","0 0 0","none","none"),
("BlockFenceESW","BlockFencePost","0 0 0","none","none"),
("BlockFenceESW","BlockFenceEast","0 0 0","none","none"),
("BlockFenceESW","BlockFenceSouth","0 0 0","none","none"),
("BlockFenceNSW","BlockFenceWest","0 0 0","none","none"),
("BlockFenceNSW","BlockFenceNorth","0 0 0","none","none"),
("BlockFenceNSW","BlockFencePost","0 0 0","none","none"),
("BlockFenceNSW","BlockFenceSouth","0 0 0","none","none"),
("BlockFenceNEW","BlockFenceWest","0 0 0","none","none"),
("BlockFenceNEW","BlockFenceNorth","0 0 0","none","none"),
("BlockFenceNEW","BlockFencePost","0 0 0","none","none"),
("BlockFenceNEW","BlockFenceEast","0 0 0","none","none"),
("BlockFenceNES","BlockFenceNorth","0 0 0","none","none"),
("BlockFenceNES","BlockFencePost","0 0 0","none","none"),
("BlockFenceNES","BlockFenceEast","0 0 0","none","none"),
("BlockFenceNES","BlockFenceSouth","0 0 0","none","none"),
("BlockFenceRotNESW","BlockFenceWest","0 0 0","none","none"),
("BlockFenceRotNESW","BlockFenceNorth","0 0 0","none","none"),
("BlockFenceRotNESW","BlockFencePost","0 0 0","none","none"),
("BlockFenceRotNESW","BlockFenceEast","0 0 0","none","none"),
("BlockFenceRotNESW","BlockFenceSouth","0 0 0","none","none"),
("CobbleStoneFenceN","CobbleStoneFenceNorth","0 0 0","none","none"),
("CobbleStoneFenceN","CobbleStoneFencePost","0 0 0","none","none"),
("CobbleStoneFenceE","CobbleStoneFencePost","0 0 0","none","none"),
("CobbleStoneFenceE","CobbleStoneFenceEast","0 0 0","none","none"),
("CobbleStoneFenceS","CobbleStoneFencePost","0 0 0","none","none"),
("CobbleStoneFenceS","CobbleStoneFenceSouth","0 0 0","none","none"),
("CobbleStoneFenceW","CobbleStoneFenceWest","0 0 0","none","none"),
("CobbleStoneFenceW","CobbleStoneFencePost","0 0 0","none","none"),
("CobbleStoneFenceNS","CobbleStoneFenceNorth","0 0 0","none","none"),
("CobbleStoneFenceNS","CobbleStoneFencePost","0 0 0","none","none"),
("CobbleStoneFenceNS","CobbleStoneFenceSouth","0 0 0","none","none"),
("CobbleStoneFenceEW","CobbleStoneFenceWest","0 0 0","none","none"),
("CobbleStoneFenceEW","CobbleStoneFencePost","0 0 0","none","none"),
("CobbleStoneFenceEW","CobbleStoneFenceEast","0 0 0","none","none"),
("CobbleStoneFenceNE","CobbleStoneFenceNorth","0 0 0","none","none"),
("CobbleStoneFenceNE","CobbleStoneFencePost","0 0 0","none","none"),
("CobbleStoneFenceNE","CobbleStoneFenceEast","0 0 0","none","none"),
("CobbleStoneFenceES","CobbleStoneFencePost","0 0 0","none","none"),
("CobbleStoneFenceES","CobbleStoneFenceEast","0 0 0","none","none"),
("CobbleStoneFenceES","CobbleStoneFenceSouth","0 0 0","none","none"),
("CobbleStoneFenceSW","CobbleStoneFenceWest","0 0 0","none","none"),
("CobbleStoneFenceSW","CobbleStoneFencePost","0 0 0","none","none"),
("CobbleStoneFenceSW","CobbleStoneFenceSouth","0 0 0","none","none"),
("CobbleStoneFenceNW","CobbleStoneFenceWest","0 0 0","none","none"),
("CobbleStoneFenceNW","CobbleStoneFenceNorth","0 0 0","none","none"),
("CobbleStoneFenceNW","CobbleStoneFencePost","0 0 0","none","none"),
("CobbleStoneFenceESW","CobbleStoneFenceWest","0 0 0","none","none"),
("CobbleStoneFenceESW","CobbleStoneFencePost","0 0 0","none","none"),
("CobbleStoneFenceESW","CobbleStoneFenceEast","0 0 0","none","none"),
("CobbleStoneFenceESW","CobbleStoneFenceSouth","0 0 0","none","none"),
("CobbleStoneFenceNSW","CobbleStoneFenceWest","0 0 0","none","none"),
("CobbleStoneFenceNSW","CobbleStoneFenceNorth","0 0 0","none","none"),
("CobbleStoneFenceNSW","CobbleStoneFencePost","0 0 0","none","none"),
("CobbleStoneFenceNSW","CobbleStoneFenceSouth","0 0 0","none","none"),
("CobbleStoneFenceNEW","CobbleStoneFenceWest","0 0 0","none","none"),
("CobbleStoneFenceNEW","CobbleStoneFenceNorth","0 0 0","none","none"),
("CobbleStoneFenceNEW","CobbleStoneFencePost","0 0 0","none","none"),
("CobbleStoneFenceNEW","CobbleStoneFenceEast","0 0 0","none","none"),
("CobbleStoneFenceNES","CobbleStoneFenceNorth","0 0 0","none","none"),
("CobbleStoneFenceNES","CobbleStoneFencePost","0 0 0","none","none"),
("CobbleStoneFenceNES","CobbleStoneFenceEast","0 0 0","none","none"),
("CobbleStoneFenceNES","CobbleStoneFenceSouth","0 0 0","none","none"),
("CobbleStoneFenceRotNESW","CobbleStoneFenceWest","0 0 0","none","none"),
("CobbleStoneFenceRotNESW","CobbleStoneFenceNorth","0 0 0","none","none"),
("CobbleStoneFenceRotNESW","CobbleStoneFencePost","0 0 0","none","none"),
("CobbleStoneFenceRotNESW","CobbleStoneFenceEast","0 0 0","none","none"),
("CobbleStoneFenceRotNESW","CobbleStoneFenceSouth","0 0 0","none","none"),
("WoodFenceN","WoodFenceNorth","0 0 0","none","none"),
("WoodFenceN","WoodFencePost","0 0 0","none","none"),
("WoodFenceE","WoodFencePost","0 0 0","none","none"),
("WoodFenceE","WoodFenceEast","0 0 0","none","none"),
("WoodFenceS","WoodFencePost","0 0 0","none","none"),
("WoodFenceS","WoodFenceSouth","0 0 0","none","none"),
("WoodFenceW","WoodFenceWest","0 0 0","none","none"),
("WoodFenceW","WoodFencePost","0 0 0","none","none"),
("WoodFenceNS","WoodFenceNorth","0 0 0","none","none"),
("WoodFenceNS","WoodFencePost","0 0 0","none","none"),
("WoodFenceNS","WoodFenceSouth","0 0 0","none","none"),
("WoodFenceEW","WoodFenceWest","0 0 0","none","none"),
("WoodFenceEW","WoodFencePost","0 0 0","none","none"),
("WoodFenceEW","WoodFenceEast","0 0 0","none","none"),
("WoodFenceNE","WoodFenceNorth","0 0 0","none","none"),
("WoodFenceNE","WoodFencePost","0 0 0","none","none"),
("WoodFenceNE","WoodFenceEast","0 0 0","none","none"),
("WoodFenceES","WoodFencePost","0 0 0","none","none"),
("WoodFenceES","WoodFenceEast","0 0 0","none","none"),
("WoodFenceES","WoodFenceSouth","0 0 0","none","none"),
("WoodFenceSW","WoodFenceWest","0 0 0","none","none"),
("WoodFenceSW","WoodFencePost","0 0 0","none","none"),
("WoodFenceSW","WoodFenceSouth","0 0 0","none","none"),
("WoodFenceNW","WoodFenceWest","0 0 0","none","none"),
("WoodFenceNW","WoodFenceNorth","0 0 0","none","none"),
("WoodFenceNW","WoodFencePost","0 0 0","none","none"),
("WoodFenceESW","WoodFenceWest","0 0 0","none","none"),
("WoodFenceESW","WoodFencePost","0 0 0","none","none"),
("WoodFenceESW","WoodFenceEast","0 0 0","none","none"),
("WoodFenceESW","WoodFenceSouth","0 0 0","none","none"),
("WoodFenceNSW","WoodFenceWest","0 0 0","none","none"),
("WoodFenceNSW","WoodFenceNorth","0 0 0","none","none"),
("WoodFenceNSW","WoodFencePost","0 0 0","none","none"),
("WoodFenceNSW","WoodFenceSouth","0 0 0","none","none"),
("WoodFenceNEW","WoodFenceWest","0 0 0","none","none"),
("WoodFenceNEW","WoodFenceNorth","0 0 0","none","none"),
("WoodFenceNEW","WoodFencePost","0 0 0","none","none"),
("WoodFenceNEW","WoodFenceEast","0 0 0","none","none"),
("WoodFenceNES","WoodFenceNorth","0 0 0","none","none"),
("WoodFenceNES","WoodFencePost","0 0 0","none","none"),
("WoodFenceNES","WoodFenceEast","0 0 0","none","none"),
("WoodFenceNES","WoodFenceSouth","0 0 0","none","none"),
("WoodFenceRotNESW","WoodFenceWest","0 0 0","none","none"),
("WoodFenceRotNESW","WoodFenceNorth","0 0 0","none","none"),
("WoodFenceRotNESW","WoodFencePost","0 0 0","none","none"),
("WoodFenceRotNESW","WoodFenceEast","0 0 0","none","none"),
("WoodFenceRotNESW","WoodFenceSouth","0 0 0","none","none"),
("CombinedRoof","none","0 0 0","Rafter","none"),
("CombinedRoof","none","0 0 0","Roofing","none"),
("Knife","none","0 0 0","KnifeBlade","none"),
("Knife","none","0 0 0","KnifeHilt","none"),
("Pickaxe","none","0 0 0","PickaxeHead","none"),
("Pickaxe","none","0 0 0","PickaxeBase","none"),
("FellingAxe","none","0 0 0","FellingAxeHead","none"),
("FellingAxe","none","0 0 0","FellingAxeBase","none"),
("WorkshopTable_AxeBench","WorkshopTable","0 0 0","none","Material"),
("WorkshopTable_AxeBench","AxeBenchFR","0 0 0","none","none"),
("WorkshopTable_KitchenTableTop","none","0 0 0","WorkshopTable","none"),
("WorkshopTable_KitchenTableTop","none","0 0 0","KitchenTableTop","none"),
("WorkshopTable_Hammer","none","0 0 0","WorkshopTable","Material"),
("WorkshopTable_Hammer","none","0 0 0","HammerTableTop","none"),
("WorkshopTable_RawGem","none","0 0 0","WorkshopTable","Material"),
("WorkshopTable_RawGem","RawGem","8 6","none","none"),
("WorkshopTable_Gem","none","0 0 0","WorkshopTable","Material"),
("WorkshopTable_Gem","Gem","8 6","none","none"),
("WorkshopTable_JewelryPile","none","0 0 0","WorkshopTable","Material"),
("WorkshopTable_JewelryPile","JewelryPile","0 8","none","none"),
("WorkshopTable_Vise","none","0 0 0","WorkshopTable","Material"),
("WorkshopTable_Vise","ViseTableTop","0 0","none","none"),
("WorkshopTable_Cloth","none","0 0 0","WorkshopTable","Material"),
("WorkshopTable_Cloth","Fiber","8 6","none","none"),
("WorkshopTable_ClothRollTableTop","none","0 0 0","WorkshopTable","Material"),
("WorkshopTable_ClothRollTableTop","ClothRollTableTop","0 0 ","none","none"),
("WorkshopTable_ShearsTableTop","none","0 0 0","WorkshopTable","Material"),
("WorkshopTable_ShearsTableTop","ShearsTableTopFR","0 0","none","none"),
("WorkshopTable_String","none","0 0 0","WorkshopTable","Material"),
("WorkshopTable_String","String","0 8","none","none"),
("WorkshopTable_Statuette","none","0 0 0","WorkshopTable","Material"),
("WorkshopTable_Statuette","Statuette","8 0","none","Material"),
("WorkshopTable_Skull","none","0 0 0","WorkshopTable","Material"),
("WorkshopTable_Skull","Skull","6 6","none","none"),
("WorkshopTable_BoneNeedle","none","0 0 0","WorkshopTable","Material"),
("WorkshopTable_BoneNeedle","BoneNeedle","0 10","none","none"),
("WorkshopTable_ChiselTableTop","none","0 0 0","WorkshopTable","Material"),
("WorkshopTable_ChiselTableTop","none","0 0","ChiselTableTop","none"),
("WorkshopTable_Meat","none","0 0 0","WorkshopTable","Material"),
("WorkshopTable_Meat","Meat","6 6","none","none"),
("WorkshopTable_ButcherTableTop","none","0 0 0","WorkshopTable","Material"),
("WorkshopTable_ButcherTableTop","none","0 0 0","ButcherTableTop","none"),
("Hammer","Hammer","0 16","none","none"),
("Hammer","HammerBase","0 16","none","none"),
("WorkshopTable_ProspectorOre","none","0 0 0","WorkshopTable","Material"),
("WorkshopTable_ProspectorOre","ProspectorTableOreTop","0 0","none","none"),
("WorkshopTable_ProspectorSliver","none","0 0 0","WorkshopTable","Material"),
("WorkshopTable_ProspectorSliver","ProspectorTableSliverTop","0 0","none","none"),
("GrassSoilRamp","none","0 0 0","SoilRamp","none"),
("GrassSoilRamp","none","0 0 0","GrassRamp","none"),
("GrassSoilRampTop","none","0 0 0","SoilRampTop","none"),
("GrassSoilRampTop","none","0 0 0","GrassRampTop","none"),
("GrassSoilCornerRamp","none","0 0 0","SoilCornerRamp","none"),
("GrassSoilCornerRamp","none","0 0 0","GrassCornerRamp","none"),
("GrassSoilCornerRampTop","none","0 0 0","SoilCornerRampTop","none"),
("GrassSoilCornerRampTop","none","0 0 0","GrassCornerRampTop","none"),
("GrassSoilURamp","none","0 0 0","SoilURamp","none"),
("GrassSoilURamp","none","0 0 0","GrassURamp","none"),
("GrassSoilURampTop","none","0 0 0","SoilURampTop","none"),
("GrassSoilURampTop","none","0 0 0","GrassURampTop","none"),
("AppleTreeTopWithFruit","none","0 0 0","AppleTreeTop","none"),
("AppleTreeTopWithFruit","none","0 0 0","AppleTreeApples","none"),
("AppleTreeTopCornerWithFruit","none","0 0 0","AppleTreeTopCorner","none"),
("AppleTreeTopCornerWithFruit","none","0 0 0","AppleTreeApples","none"),
("AppleTreeMiddleWithFruit","none","0 0 0","AppleTreeMiddle","none"),
("AppleTreeMiddleWithFruit","none","0 0 0","AppleTreeApples","none"),
("OrangeTreeTopWithFruit","none","0 0 0","OrangeTreeTop","none"),
("OrangeTreeTopWithFruit","none","0 0 0","OrangeTreeOranges","none"),
("OrangeTreeMiddleCornerWithFruit","none","0 0 0","OrangeTreeMiddleCorner","none"),
("OrangeTreeMiddleCornerWithFruit","none","0 0 0","OrangeTreeOranges","none"),
("OrangeTreeTopCornerWithFruit","none","0 0 0","OrangeTreeTopCorner","none"),
("OrangeTreeTopCornerWithFruit","none","0 0 0","OrangeTreeOranges","none"),
("OrangeTreeMiddleWithFruit","none","0 0 0","OrangeTreeMiddle","none"),
("OrangeTreeMiddleWithFruit","none","0 0 0","OrangeTreeOranges","none"),
("GrassWithDetail","none","0 0 0","Grass","none"),
("GrassWithDetail","none","0 0 0","GrassDetail","none"),
("MushroomGrassWithDetail","none","0 0 0","MushroomGrass","none"),
("MushroomGrassWithDetail","none","0 0 0","MushroomGrassDetail","none"),
("MushroomGrassSoilRamp","none","0 0 0","SoilRamp","none"),
("MushroomGrassSoilRamp","none","0 0 0","MushroomGrassRamp","none"),
("MushroomGrassSoilRampTop","none","0 0 0","SoilRampTop","none"),
("MushroomGrassSoilRampTop","none","0 0 0","MushroomGrassRampTop","none"),
("MushroomGrassSoilCornerRamp","none","0 0 0","SoilCornerRamp","none"),
("MushroomGrassSoilCornerRamp","none","0 0 0","MushroomGrassCornerRamp","none"),
("MushroomGrassSoilCornerRampTop","none","0 0 0","SoilCornerRampTop","none"),
("MushroomGrassSoilCornerRampTop","none","0 0 0","MushroomGrassCornerRampTop","none"),
("MushroomGrassSoilURamp","none","0 0 0","SoilURamp","none"),
("MushroomGrassSoilURamp","none","0 0 0","MushroomGrassURamp","none"),
("MushroomGrassSoilURampTop","none","0 0 0","SoilURampTop","none"),
("MushroomGrassSoilURampTop","none","0 0 0","MushroomGrassURampTop","none");

CREATE TABLE IF NOT EXISTS Sprites_Seasons ( 
ParentID VARCHAR(30) NULL ,
BaseSprite VARCHAR(30) NULL ,
Season VARCHAR(30) NULL  );

INSERT INTO Sprites_Seasons VALUES 
("Grass1","Grass_1_0","Spring"),
("Grass1","Grass_1_4","Summer"),
("Grass1","Grass_1_7","Autumn"),
("Grass1","Grass_1_10","Winter"),
("Grass2","Grass_2_0","Spring"),
("Grass2","Grass_2_4","Summer"),
("Grass2","Grass_2_7","Autumn"),
("Grass2","Grass_2_10","Winter"),
("Grass3","Grass_3_0","Spring"),
("Grass3","Grass_3_4","Summer"),
("Grass3","Grass_3_7","Autumn"),
("Grass3","Grass_3_10","Winter"),
("Grass4","Grass_4_0","Spring"),
("Grass4","Grass_4_4","Summer"),
("Grass4","Grass_4_7","Autumn"),
("Grass4","Grass_4_10","Winter"),
("Grass5","Grass_5_0","Spring"),
("Grass5","Grass_5_4","Summer"),
("Grass5","Grass_5_7","Autumn"),
("Grass5","Grass_5_10","Winter"),
("Grass6","Grass_6_0","Spring"),
("Grass6","Grass_6_4","Summer"),
("Grass6","Grass_6_7","Autumn"),
("Grass6","Grass_6_10","Winter"),
("RRedFlower0","empty","Spring"),
("RRedFlower0","RedFlower_0","Summer"),
("RRedFlower0","empty","Autumn"),
("RRedFlower0","empty","Winter"),
("RRedFlower1","empty","Spring"),
("RRedFlower1","RedFlower_1","Summer"),
("RRedFlower1","empty","Autumn"),
("RRedFlower1","empty","Winter"),
("RRedFlower2","empty","Spring"),
("RRedFlower2","RedFlower_2","Summer"),
("RRedFlower2","empty","Autumn"),
("RRedFlower2","empty","Winter"),
("RRedFlower3","empty","Spring"),
("RRedFlower3","RedFlower_3","Summer"),
("RRedFlower3","empty","Autumn"),
("RRedFlower3","empty","Winter"),
("RRedFlower4","empty","Spring"),
("RRedFlower4","RedFlower_4","Summer"),
("RRedFlower4","empty","Autumn"),
("RRedFlower4","empty","Winter"),
("RRedFlower5","empty","Spring"),
("RRedFlower5","RedFlower_5","Summer"),
("RRedFlower5","empty","Autumn"),
("RRedFlower5","empty","Winter"),
("RRedFlower6","empty","Spring"),
("RRedFlower6","RedFlower_6","Summer"),
("RRedFlower6","empty","Autumn"),
("RRedFlower6","empty","Winter"),
("RRedFlower7","empty","Spring"),
("RRedFlower7","RedFlower_7","Summer"),
("RRedFlower7","empty","Autumn"),
("RRedFlower7","empty","Winter"),
("RRedFlower8","empty","Spring"),
("RRedFlower8","RedFlower_8","Summer"),
("RRedFlower8","empty","Autumn"),
("RRedFlower8","empty","Winter"),
("RBlueFlower0","empty","Spring"),
("RBlueFlower0","BlueFlower_0","Summer"),
("RBlueFlower0","empty","Autumn"),
("RBlueFlower0","empty","Winter"),
("RBlueFlower1","empty","Spring"),
("RBlueFlower1","BlueFlower_1","Summer"),
("RBlueFlower1","empty","Autumn"),
("RBlueFlower1","empty","Winter"),
("RBlueFlower2","empty","Spring"),
("RBlueFlower2","BlueFlower_2","Summer"),
("RBlueFlower2","empty","Autumn"),
("RBlueFlower2","empty","Winter"),
("RBlueFlower3","empty","Spring"),
("RBlueFlower3","BlueFlower_3","Summer"),
("RBlueFlower3","empty","Autumn"),
("RBlueFlower3","empty","Winter"),
("RBlueFlower4","empty","Spring"),
("RBlueFlower4","BlueFlower_4","Summer"),
("RBlueFlower4","empty","Autumn"),
("RBlueFlower4","empty","Winter"),
("RBlueFlower5","empty","Spring"),
("RBlueFlower5","BlueFlower_5","Summer"),
("RBlueFlower5","empty","Autumn"),
("RBlueFlower5","empty","Winter"),
("RBlueFlower6","empty","Spring"),
("RBlueFlower6","BlueFlower_6","Summer"),
("RBlueFlower6","empty","Autumn"),
("RBlueFlower6","empty","Winter"),
("RBlueFlower7","empty","Spring"),
("RBlueFlower7","BlueFlower_7","Summer"),
("RBlueFlower7","empty","Autumn"),
("RBlueFlower7","empty","Winter"),
("RBlueFlower8","empty","Spring"),
("RBlueFlower8","BlueFlower_8","Summer"),
("RBlueFlower8","empty","Autumn"),
("RBlueFlower8","empty","Winter"),
("RYellowFlower0","empty","Spring"),
("RYellowFlower0","YellowFlower_0","Summer"),
("RYellowFlower0","empty","Autumn"),
("RYellowFlower0","empty","Winter"),
("RYellowFlower1","empty","Spring"),
("RYellowFlower1","YellowFlower_1","Summer"),
("RYellowFlower1","empty","Autumn"),
("RYellowFlower1","empty","Winter"),
("RYellowFlower2","empty","Spring"),
("RYellowFlower2","YellowFlower_2","Summer"),
("RYellowFlower2","empty","Autumn"),
("RYellowFlower2","empty","Winter"),
("RYellowFlower3","empty","Spring"),
("RYellowFlower3","YellowFlower_3","Summer"),
("RYellowFlower3","empty","Autumn"),
("RYellowFlower3","empty","Winter"),
("RYellowFlower4","empty","Spring"),
("RYellowFlower4","YellowFlower_4","Summer"),
("RYellowFlower4","empty","Autumn"),
("RYellowFlower4","empty","Winter"),
("RYellowFlower5","empty","Spring"),
("RYellowFlower5","YellowFlower_5","Summer"),
("RYellowFlower5","empty","Autumn"),
("RYellowFlower5","empty","Winter"),
("RYellowFlower6","empty","Spring"),
("RYellowFlower6","YellowFlower_6","Summer"),
("RYellowFlower6","empty","Autumn"),
("RYellowFlower6","empty","Winter"),
("RYellowFlower7","empty","Spring"),
("RYellowFlower7","YellowFlower_7","Summer"),
("RYellowFlower7","empty","Autumn"),
("RYellowFlower7","empty","Winter"),
("RYellowFlower8","empty","Spring"),
("RYellowFlower8","YellowFlower_8","Summer"),
("RYellowFlower8","empty","Autumn"),
("RYellowFlower8","empty","Winter"),
("RPurpleFlower0","empty","Spring"),
("RPurpleFlower0","PurpleFlower_0","Summer"),
("RPurpleFlower0","empty","Autumn"),
("RPurpleFlower0","empty","Winter"),
("RPurpleFlower1","empty","Spring"),
("RPurpleFlower1","PurpleFlower_1","Summer"),
("RPurpleFlower1","empty","Autumn"),
("RPurpleFlower1","empty","Winter"),
("RPurpleFlower2","empty","Spring"),
("RPurpleFlower2","PurpleFlower_2","Summer"),
("RPurpleFlower2","empty","Autumn"),
("RPurpleFlower2","empty","Winter"),
("RPurpleFlower3","empty","Spring"),
("RPurpleFlower3","PurpleFlower_3","Summer"),
("RPurpleFlower3","empty","Autumn"),
("RPurpleFlower3","empty","Winter"),
("RPurpleFlower4","empty","Spring"),
("RPurpleFlower4","PurpleFlower_4","Summer"),
("RPurpleFlower4","empty","Autumn"),
("RPurpleFlower4","empty","Winter"),
("RPurpleFlower5","empty","Spring"),
("RPurpleFlower5","PurpleFlower_5","Summer"),
("RPurpleFlower5","empty","Autumn"),
("RPurpleFlower5","empty","Winter"),
("RPurpleFlower6","empty","Spring"),
("RPurpleFlower6","PurpleFlower_6","Summer"),
("RPurpleFlower6","empty","Autumn"),
("RPurpleFlower6","empty","Winter"),
("RPurpleFlower7","empty","Spring"),
("RPurpleFlower7","PurpleFlower_7","Summer"),
("RPurpleFlower7","empty","Autumn"),
("RPurpleFlower7","empty","Winter"),
("RPurpleFlower8","empty","Spring"),
("RPurpleFlower8","PurpleFlower_8","Summer"),
("RPurpleFlower8","empty","Autumn"),
("RPurpleFlower8","empty","Winter"),
("ROrangeFlower0","empty","Spring"),
("ROrangeFlower0","OrangeFlower_0","Summer"),
("ROrangeFlower0","empty","Autumn"),
("ROrangeFlower0","empty","Winter"),
("ROrangeFlower1","empty","Spring"),
("ROrangeFlower1","OrangeFlower_1","Summer"),
("ROrangeFlower1","empty","Autumn"),
("ROrangeFlower1","empty","Winter"),
("ROrangeFlower2","empty","Spring"),
("ROrangeFlower2","OrangeFlower_2","Summer"),
("ROrangeFlower2","empty","Autumn"),
("ROrangeFlower2","empty","Winter"),
("ROrangeFlower3","empty","Spring"),
("ROrangeFlower3","OrangeFlower_3","Summer"),
("ROrangeFlower3","empty","Autumn"),
("ROrangeFlower3","empty","Winter"),
("ROrangeFlower4","empty","Spring"),
("ROrangeFlower4","OrangeFlower_4","Summer"),
("ROrangeFlower4","empty","Autumn"),
("ROrangeFlower4","empty","Winter"),
("ROrangeFlower5","empty","Spring"),
("ROrangeFlower5","OrangeFlower_5","Summer"),
("ROrangeFlower5","empty","Autumn"),
("ROrangeFlower5","empty","Winter"),
("ROrangeFlower6","empty","Spring"),
("ROrangeFlower6","OrangeFlower_6","Summer"),
("ROrangeFlower6","empty","Autumn"),
("ROrangeFlower6","empty","Winter"),
("ROrangeFlower7","empty","Spring"),
("ROrangeFlower7","OrangeFlower_7","Summer"),
("ROrangeFlower7","empty","Autumn"),
("ROrangeFlower7","empty","Winter"),
("ROrangeFlower8","empty","Spring"),
("ROrangeFlower8","OrangeFlower_8","Summer"),
("ROrangeFlower8","empty","Autumn"),
("ROrangeFlower8","empty","Winter"),
("RWhiteMushroom0","empty","Spring"),
("RWhiteMushroom0","empty","Summer"),
("RWhiteMushroom0","WhiteMushroom_0","Autumn"),
("RWhiteMushroom0","empty","Winter"),
("RWhiteMushroom1","empty","Spring"),
("RWhiteMushroom1","empty","Summer"),
("RWhiteMushroom1","WhiteMushroom_1","Autumn"),
("RWhiteMushroom1","empty","Winter"),
("RWhiteMushroom2","empty","Spring"),
("RWhiteMushroom2","empty","Summer"),
("RWhiteMushroom2","WhiteMushroom_2","Autumn"),
("RWhiteMushroom2","empty","Winter"),
("RWhiteMushroom3","empty","Spring"),
("RWhiteMushroom3","empty","Summer"),
("RWhiteMushroom3","WhiteMushroom_3","Autumn"),
("RWhiteMushroom3","empty","Winter"),
("RWhiteMushroom4","empty","Spring"),
("RWhiteMushroom4","empty","Summer"),
("RWhiteMushroom4","WhiteMushroom_4","Autumn"),
("RWhiteMushroom4","empty","Winter"),
("RWhiteMushroom5","empty","Spring"),
("RWhiteMushroom5","empty","Summer"),
("RWhiteMushroom5","WhiteMushroom_5","Autumn"),
("RWhiteMushroom5","empty","Winter"),
("RWhiteMushroom6","empty","Spring"),
("RWhiteMushroom6","empty","Summer"),
("RWhiteMushroom6","WhiteMushroom_6","Autumn"),
("RWhiteMushroom6","empty","Winter"),
("RWhiteMushroom7","empty","Spring"),
("RWhiteMushroom7","empty","Summer"),
("RWhiteMushroom7","WhiteMushroom_7","Autumn"),
("RWhiteMushroom7","empty","Winter"),
("RWhiteMushroom8","empty","Spring"),
("RWhiteMushroom8","empty","Summer"),
("RWhiteMushroom8","WhiteMushroom_8","Autumn"),
("RWhiteMushroom8","empty","Winter"),
("RYellowMushroom1","empty","Spring"),
("RYellowMushroom1","empty","Summer"),
("RYellowMushroom1","YellowMushroom_1","Autumn"),
("RYellowMushroom1","empty","Winter"),
("RYellowMushroom2","empty","Spring"),
("RYellowMushroom2","empty","Summer"),
("RYellowMushroom2","YellowMushroom_2","Autumn"),
("RYellowMushroom2","empty","Winter"),
("RYellowMushroom3","empty","Spring"),
("RYellowMushroom3","empty","Summer"),
("RYellowMushroom3","YellowMushroom_3","Autumn"),
("RYellowMushroom3","empty","Winter"),
("RYellowMushroom4","empty","Spring"),
("RYellowMushroom4","empty","Summer"),
("RYellowMushroom4","YellowMushroom_4","Autumn"),
("RYellowMushroom4","empty","Winter"),
("RYellowMushroom5","empty","Spring"),
("RYellowMushroom5","empty","Summer"),
("RYellowMushroom5","YellowMushroom_5","Autumn"),
("RYellowMushroom5","empty","Winter"),
("RYellowMushroom6","empty","Spring"),
("RYellowMushroom6","empty","Summer"),
("RYellowMushroom6","YellowMushroom_6","Autumn"),
("RYellowMushroom6","empty","Winter"),
("RYellowMushroom7","empty","Spring"),
("RYellowMushroom7","empty","Summer"),
("RYellowMushroom7","YellowMushroom_7","Autumn"),
("RYellowMushroom7","empty","Winter"),
("RYellowMushroom8","empty","Spring"),
("RYellowMushroom8","empty","Summer"),
("RYellowMushroom8","YellowMushroom_8","Autumn"),
("RYellowMushroom8","empty","Winter"),
("ROrangeMushroom1","empty","Spring"),
("ROrangeMushroom1","empty","Summer"),
("ROrangeMushroom1","OrangeMushroom_1","Autumn"),
("ROrangeMushroom1","empty","Winter"),
("ROrangeMushroom2","empty","Spring"),
("ROrangeMushroom2","empty","Summer"),
("ROrangeMushroom2","OrangeMushroom_2","Autumn"),
("ROrangeMushroom2","empty","Winter"),
("ROrangeMushroom3","empty","Spring"),
("ROrangeMushroom3","empty","Summer"),
("ROrangeMushroom3","OrangeMushroom_3","Autumn"),
("ROrangeMushroom3","empty","Winter"),
("ROrangeMushroom4","empty","Spring"),
("ROrangeMushroom4","empty","Summer"),
("ROrangeMushroom4","OrangeMushroom_4","Autumn"),
("ROrangeMushroom4","empty","Winter"),
("ROrangeMushroom5","empty","Spring"),
("ROrangeMushroom5","empty","Summer"),
("ROrangeMushroom5","OrangeMushroom_5","Autumn"),
("ROrangeMushroom5","empty","Winter"),
("ROrangeMushroom6","empty","Spring"),
("ROrangeMushroom6","empty","Summer"),
("ROrangeMushroom6","OrangeMushroom_6","Autumn"),
("ROrangeMushroom6","empty","Winter"),
("ROrangeMushroom7","empty","Spring"),
("ROrangeMushroom7","empty","Summer"),
("ROrangeMushroom7","OrangeMushroom_7","Autumn"),
("ROrangeMushroom7","empty","Winter"),
("ROrangeMushroom8","empty","Spring"),
("ROrangeMushroom8","empty","Summer"),
("ROrangeMushroom8","OrangeMushroom_8","Autumn"),
("ROrangeMushroom8","empty","Winter"),
("RStone0","Stone_0","Spring"),
("RStone0","Stone_0","Summer"),
("RStone0","Stone_0","Autumn"),
("RStone0","Stone_Snow_0","Winter"),
("RStone1","Stone_1","Spring"),
("RStone1","Stone_1","Summer"),
("RStone1","Stone_1","Autumn"),
("RStone1","Stone_Snow_1","Winter"),
("RStone2","Stone_2","Spring"),
("RStone2","Stone_2","Summer"),
("RStone2","Stone_2","Autumn"),
("RStone2","Stone_Snow_2","Winter"),
("RStone3","Stone_3","Spring"),
("RStone3","Stone_3","Summer"),
("RStone3","Stone_3","Autumn"),
("RStone3","Stone_Snow_3","Winter"),
("RStone4","Stone_4","Spring"),
("RStone4","Stone_4","Summer"),
("RStone4","Stone_4","Autumn"),
("RStone4","Stone_Snow_4","Winter"),
("RStone5","Stone_5","Spring"),
("RStone5","Stone_5","Summer"),
("RStone5","Stone_5","Autumn"),
("RStone5","Stone_Snow_5","Winter"),
("RStone6","Stone_6","Spring"),
("RStone6","Stone_6","Summer"),
("RStone6","Stone_6","Autumn"),
("RStone6","Stone_Snow_6","Winter"),
("RStone7","Stone_7","Spring"),
("RStone7","Stone_7","Summer"),
("RStone7","Stone_7","Autumn"),
("RStone7","Stone_Snow_7","Winter"),
("RStone8","Stone_8","Spring"),
("RStone8","Stone_8","Summer"),
("RStone8","Stone_8","Autumn"),
("RStone8","Stone_Snow_8","Winter"),
("GrassRamp","none","Spring"),
("GrassRamp","none","Summer"),
("GrassRamp","none","Autumn"),
("GrassRamp","none","Winter"),
("GrassRampTop","none","Spring"),
("GrassRampTop","none","Summer"),
("GrassRampTop","none","Autumn"),
("GrassRampTop","none","Winter"),
("GrassOuterCornerRamp","none","Spring"),
("GrassOuterCornerRamp","none","Summer"),
("GrassOuterCornerRamp","none","Autumn"),
("GrassOuterCornerRamp","none","Winter"),
("GrassCornerRamp","none","Spring"),
("GrassCornerRamp","none","Summer"),
("GrassCornerRamp","none","Autumn"),
("GrassCornerRamp","none","Winter"),
("GrassCornerRampTop","none","Spring"),
("GrassCornerRampTop","none","Summer"),
("GrassCornerRampTop","none","Autumn"),
("GrassCornerRampTop","none","Winter"),
("GrassURamp","none","Spring"),
("GrassURamp","none","Summer"),
("GrassURamp","none","Autumn"),
("GrassURamp","none","Winter"),
("GrassURampTop","none","Spring"),
("GrassURampTop","none","Summer"),
("GrassURampTop","none","Autumn"),
("GrassURampTop","none","Winter"),
("SoilRamp","none","Spring"),
("SoilRamp","none","Summer"),
("SoilRamp","none","Autumn"),
("SoilRamp","none","Winter"),
("SoilRampTop","none","Spring"),
("SoilRampTop","none","Summer"),
("SoilRampTop","none","Autumn"),
("SoilRampTop","none","Winter"),
("SoilCornerRamp","none","Spring"),
("SoilCornerRamp","none","Summer"),
("SoilCornerRamp","none","Autumn"),
("SoilCornerRamp","none","Winter"),
("SoilCornerRampTop","none","Spring"),
("SoilCornerRampTop","none","Summer"),
("SoilCornerRampTop","none","Autumn"),
("SoilCornerRampTop","none","Winter");

CREATE TABLE IF NOT EXISTS Sprites_Seasons_Rotations ( 
ParentID VARCHAR(30) NULL ,
BaseSprite VARCHAR(30) NULL ,
Rotation VARCHAR(30) NULL  );

INSERT INTO Sprites_Seasons_Rotations VALUES 
("GrassRamp","GrassRamp_Spring_FL","FL"),
("GrassRamp","GrassRamp_Spring_FR","FR"),
("GrassRamp","GrassRamp_Spring_BL","BL"),
("GrassRamp","GrassRamp_Spring_BR","BR"),
("GrassRamp","GrassRamp_Summer_FL","FL"),
("GrassRamp","GrassRamp_Summer_FR","FR"),
("GrassRamp","GrassRamp_Summer_BL","BL"),
("GrassRamp","GrassRamp_Summer_BR","BR"),
("GrassRamp","GrassRamp_Autumn_FL","FL"),
("GrassRamp","GrassRamp_Autumn_FR","FR"),
("GrassRamp","GrassRamp_Autumn_BL","BL"),
("GrassRamp","GrassRamp_Autumn_BR","BR"),
("GrassRamp","GrassRamp_Winter_FL","FL"),
("GrassRamp","GrassRamp_Winter_FR","FR"),
("GrassRamp","GrassRamp_Winter_BL","BL"),
("GrassRamp","GrassRamp_Winter_BR","BR"),
("GrassRampTop","GrassRampTop_Spring_FL","FL"),
("GrassRampTop","GrassRampTop_Spring_FR","FR"),
("GrassRampTop","GrassRampTop_Spring_BL","BL"),
("GrassRampTop","GrassRampTop_Spring_BR","BR"),
("GrassRampTop","GrassRampTop_Summer_FL","FL"),
("GrassRampTop","GrassRampTop_Summer_FR","FR"),
("GrassRampTop","GrassRampTop_Summer_BL","BL"),
("GrassRampTop","GrassRampTop_Summer_BR","BR"),
("GrassRampTop","GrassRampTop_Autumn_FL","FL"),
("GrassRampTop","GrassRampTop_Autumn_FR","FR"),
("GrassRampTop","GrassRampTop_Autumn_BL","BL"),
("GrassRampTop","GrassRampTop_Autumn_BR","BR"),
("GrassRampTop","GrassRampTop_Winter_FL","FL"),
("GrassRampTop","GrassRampTop_Winter_FR","FR"),
("GrassRampTop","GrassRampTop_Winter_BL","BL"),
("GrassRampTop","GrassRampTop_Winter_BR","BR"),
("GrassOuterCornerRamp","GrassOuterCornerRamp_Spring_FL","FL"),
("GrassOuterCornerRamp","GrassOuterCornerRamp_Spring_FR","FR"),
("GrassOuterCornerRamp","EmptyWall","BL"),
("GrassOuterCornerRamp","GrassOuterCornerRamp_Spring_BR","BR"),
("GrassOuterCornerRamp","GrassOuterCornerRamp_Summer_FL","FL"),
("GrassOuterCornerRamp","GrassOuterCornerRamp_Summer_FR","FR"),
("GrassOuterCornerRamp","EmptyWall","BL"),
("GrassOuterCornerRamp","GrassOuterCornerRamp_Summer_BR","BR"),
("GrassOuterCornerRamp","GrassOuterCornerRamp_Autumn_FL","FL"),
("GrassOuterCornerRamp","GrassOuterCornerRamp_Autumn_FR","FR"),
("GrassOuterCornerRamp","EmptyWall","BL"),
("GrassOuterCornerRamp","GrassOuterCornerRamp_Autumn_BR","BR"),
("GrassOuterCornerRamp","GrassOuterCornerRamp_Winter_FL","FL"),
("GrassOuterCornerRamp","GrassOuterCornerRamp_Winter_FR","FR"),
("GrassOuterCornerRamp","EmptyWall","BL"),
("GrassOuterCornerRamp","GrassOuterCornerRamp_Winter_BR","BR"),
("GrassCornerRamp","GrassCornerRamp_Spring_FL","FL"),
("GrassCornerRamp","GrassCornerRamp_Spring_FR","FR"),
("GrassCornerRamp","GrassCornerRamp_Spring_BL","BL"),
("GrassCornerRamp","GrassCornerRamp_Spring_BR","BR"),
("GrassCornerRamp","GrassCornerRamp_Summer_FL","FL"),
("GrassCornerRamp","GrassCornerRamp_Summer_FR","FR"),
("GrassCornerRamp","GrassCornerRamp_Summer_BL","BL"),
("GrassCornerRamp","GrassCornerRamp_Summer_BR","BR"),
("GrassCornerRamp","GrassCornerRamp_Autumn_FL","FL"),
("GrassCornerRamp","GrassCornerRamp_Autumn_FR","FR"),
("GrassCornerRamp","GrassCornerRamp_Autumn_BL","BL"),
("GrassCornerRamp","GrassCornerRamp_Autumn_BR","BR"),
("GrassCornerRamp","GrassCornerRamp_Winter_FL","FL"),
("GrassCornerRamp","GrassCornerRamp_Winter_FR","FR"),
("GrassCornerRamp","GrassCornerRamp_Winter_BL","BL"),
("GrassCornerRamp","GrassCornerRamp_Winter_BR","BR"),
("GrassCornerRampTop","GrassCornerRampTop_Spring_FL","FL"),
("GrassCornerRampTop","GrassCornerRampTop_Spring_FR","FR"),
("GrassCornerRampTop","GrassCornerRampTop_Spring_BL","BL"),
("GrassCornerRampTop","GrassCornerRampTop_Spring_BR","BR"),
("GrassCornerRampTop","GrassCornerRampTop_Summer_FL","FL"),
("GrassCornerRampTop","GrassCornerRampTop_Summer_FR","FR"),
("GrassCornerRampTop","GrassCornerRampTop_Summer_BL","BL"),
("GrassCornerRampTop","GrassCornerRampTop_Summer_BR","BR"),
("GrassCornerRampTop","GrassCornerRampTop_Autumn_FL","FL"),
("GrassCornerRampTop","GrassCornerRampTop_Autumn_FR","FR"),
("GrassCornerRampTop","GrassCornerRampTop_Autumn_BL","BL"),
("GrassCornerRampTop","GrassCornerRampTop_Autumn_BR","BR"),
("GrassCornerRampTop","GrassCornerRampTop_Winter_FL","FL"),
("GrassCornerRampTop","GrassCornerRampTop_Winter_FR","FR"),
("GrassCornerRampTop","GrassCornerRampTop_Winter_BL","BL"),
("GrassCornerRampTop","GrassCornerRampTop_Winter_BR","BR"),
("GrassURamp","GrassURamp_Spring_FL","FL"),
("GrassURamp","GrassURamp_Spring_FR","FR"),
("GrassURamp","GrassURamp_Spring_BL","BL"),
("GrassURamp","GrassURamp_Spring_BR","BR"),
("GrassURamp","GrassURamp_Summer_FL","FL"),
("GrassURamp","GrassURamp_Summer_FR","FR"),
("GrassURamp","GrassURamp_Summer_BL","BL"),
("GrassURamp","GrassURamp_Summer_BR","BR"),
("GrassURamp","GrassURamp_Autumn_FL","FL"),
("GrassURamp","GrassURamp_Autumn_FR","FR"),
("GrassURamp","GrassURamp_Autumn_BL","BL"),
("GrassURamp","GrassURamp_Autumn_BR","BR"),
("GrassURamp","GrassURamp_Winter_FL","FL"),
("GrassURamp","GrassURamp_Winter_FR","FR"),
("GrassURamp","GrassURamp_Winter_BL","BL"),
("GrassURamp","GrassURamp_Winter_BR","BR"),
("GrassURampTop","GrassURampTop_Spring_FL","FL"),
("GrassURampTop","GrassURampTop_Spring_FR","FR"),
("GrassURampTop","GrassURampTop_Spring_BL","BL"),
("GrassURampTop","GrassURampTop_Spring_BR","BR"),
("GrassURampTop","GrassURampTop_Summer_FL","FL"),
("GrassURampTop","GrassURampTop_Summer_FR","FR"),
("GrassURampTop","GrassURampTop_Summer_BL","BL"),
("GrassURampTop","GrassURampTop_Summer_BR","BR"),
("GrassURampTop","GrassURampTop_Autumn_FL","FL"),
("GrassURampTop","GrassURampTop_Autumn_FR","FR"),
("GrassURampTop","GrassURampTop_Autumn_BL","BL"),
("GrassURampTop","GrassURampTop_Autumn_BR","BR"),
("GrassURampTop","GrassURampTop_Winter_FL","FL"),
("GrassURampTop","GrassURampTop_Winter_FR","FR"),
("GrassURampTop","GrassURampTop_Winter_BL","BL"),
("GrassURampTop","GrassURampTop_Winter_BR","BR"),
("SoilRamp","SoilRampFL","FL"),
("SoilRamp","SoilRampFR","FR"),
("SoilRamp","SoilRampBL","BL"),
("SoilRamp","SoilRampBR","BR"),
("SoilRamp","SoilRampFL","FL"),
("SoilRamp","SoilRampFR","FR"),
("SoilRamp","SoilRampBL","BL"),
("SoilRamp","SoilRampBR","BR"),
("SoilRamp","SoilRampFL","FL"),
("SoilRamp","SoilRampFR","FR"),
("SoilRamp","SoilRampBL","BL"),
("SoilRamp","SoilRampBR","BR"),
("SoilRamp","SoilRampFL","FL"),
("SoilRamp","SoilRampFR","FR"),
("SoilRamp","SoilRampBL","BL"),
("SoilRamp","SoilRampBR","BR"),
("SoilRampTop","SoilRampTopFL","FL"),
("SoilRampTop","SoilRampTopFR","FR"),
("SoilRampTop","SoilRampTopBL","BL"),
("SoilRampTop","SoilRampTopBR","BR"),
("SoilRampTop","SoilRampTopFL","FL"),
("SoilRampTop","SoilRampTopFR","FR"),
("SoilRampTop","SoilRampTopBL","BL"),
("SoilRampTop","SoilRampTopBR","BR"),
("SoilRampTop","SoilRampTopFL","FL"),
("SoilRampTop","SoilRampTopFR","FR"),
("SoilRampTop","SoilRampTopBL","BL"),
("SoilRampTop","SoilRampTopBR","BR"),
("SoilRampTop","SoilRampTopFL","FL"),
("SoilRampTop","SoilRampTopFR","FR"),
("SoilRampTop","SoilRampTopBL","BL"),
("SoilRampTop","SoilRampTopBR","BR"),
("SoilCornerRamp","SoilCornerRampFL","FL"),
("SoilCornerRamp","SoilCornerRampFR","FR"),
("SoilCornerRamp","SoilCornerRampBL","BL"),
("SoilCornerRamp","SoilCornerRampBR","BR"),
("SoilCornerRamp","SoilCornerRampFL","FL"),
("SoilCornerRamp","SoilCornerRampFR","FR"),
("SoilCornerRamp","SoilCornerRampBL","BL"),
("SoilCornerRamp","SoilCornerRampBR","BR"),
("SoilCornerRamp","SoilCornerRampFL","FL"),
("SoilCornerRamp","SoilCornerRampFR","FR"),
("SoilCornerRamp","SoilCornerRampBL","BL"),
("SoilCornerRamp","SoilCornerRampBR","BR"),
("SoilCornerRamp","SoilCornerRampFL","FL"),
("SoilCornerRamp","SoilCornerRampFR","FR"),
("SoilCornerRamp","SoilCornerRampBL","BL"),
("SoilCornerRamp","SoilCornerRampBR","BR"),
("SoilCornerRampTop","SoilCornerRampTopFL","FL"),
("SoilCornerRampTop","SoilCornerRampTopFR","FR"),
("SoilCornerRampTop","SoilCornerRampTopBL","BL"),
("SoilCornerRampTop","SoilCornerRampTopBR","BR"),
("SoilCornerRampTop","SoilCornerRampTopFL","FL"),
("SoilCornerRampTop","SoilCornerRampTopFR","FR"),
("SoilCornerRampTop","SoilCornerRampTopBL","BL"),
("SoilCornerRampTop","SoilCornerRampTopBR","BR"),
("SoilCornerRampTop","SoilCornerRampTopFL","FL"),
("SoilCornerRampTop","SoilCornerRampTopFR","FR"),
("SoilCornerRampTop","SoilCornerRampTopBL","BL"),
("SoilCornerRampTop","SoilCornerRampTopBR","BR"),
("SoilCornerRampTop","SoilCornerRampTopFL","FL"),
("SoilCornerRampTop","SoilCornerRampTopFR","FR"),
("SoilCornerRampTop","SoilCornerRampTopBL","BL"),
("SoilCornerRampTop","SoilCornerRampTopBR","BR");

CREATE TABLE IF NOT EXISTS Sprites_Rotations ( 
ParentID VARCHAR(30) NULL ,
BaseSprite VARCHAR(30) NULL ,
Effect VARCHAR(30) NULL ,
Rotation VARCHAR(30) NULL ,
Sprite VARCHAR(30) NULL  );

INSERT INTO Sprites_Rotations VALUES 
("Mattress","Mattress","none","FR","none"),
("Mattress","Mattress","FlipHorizontal","FL","none"),
("Mattress","Mattress","none","BL","none"),
("Mattress","Mattress","FlipHorizontal","BR","none"),
("WoodBed","WoodBedFR","none","FR","none"),
("WoodBed","WoodBedFR","FlipHorizontal","FL","none"),
("WoodBed","WoodBedBL","none","BL","none"),
("WoodBed","WoodBedBL","FlipHorizontal","BR","none"),
("WoodBedSheets","WoodBedSheetsFR","none","FR","none"),
("WoodBedSheets","WoodBedSheetsFR","FlipHorizontal","FL","none"),
("WoodBedSheets","WoodBedSheetsBL","none","BL","none"),
("WoodBedSheets","WoodBedSheetsBL","FlipHorizontal","BR","none"),
("FancyWoodBed","none","none","FR","none"),
("FancyWoodBed","none","FlipHorizontal","FL","none"),
("FancyWoodBed","FancyWoodBedBL","none","BL","none"),
("FancyWoodBed","FancyWoodBedBL","FlipHorizontal","BR","none"),
("FancyWoodBedSheets","FancyWoodBedSheetsFR","none","FR","none"),
("FancyWoodBedSheets","FancyWoodBedSheetsFR","FlipHorizontal","FL","none"),
("FancyWoodBedSheets","FancyWoodBedSheetsBL","none","BL","none"),
("FancyWoodBedSheets","FancyWoodBedSheetsBL","FlipHorizontal","BR","none"),
("WoodChair","WoodChairFR","none","FR","none"),
("WoodChair","WoodChairFR","FlipHorizontal","FL","none"),
("WoodChair","WoodChairBL","none","BL","none"),
("WoodChair","WoodChairBL","FlipHorizontal","BR","none"),
("StoneChair","StoneChairFR","none","FR","none"),
("StoneChair","StoneChairFR","FlipHorizontal","FL","none"),
("StoneChair","StoneChairBL","none","BL","none"),
("StoneChair","StoneChairBL","FlipHorizontal","BR","none"),
("BoneChair","BoneChairFR","none","FR","none"),
("BoneChair","BoneChairFR","FlipHorizontal","FL","none"),
("BoneChair","BoneChairBL","none","BL","none"),
("BoneChair","BoneChairBL","FlipHorizontal","BR","none"),
("Statue","StoneStatueFR","none","FR","none"),
("Statue","StoneStatueFR","FlipHorizontal","FL","none"),
("Statue","StoneStatueBL","none","BL","none"),
("Statue","StoneStatueBL","FlipHorizontal","BR","none"),
("RawWood","RawWood","none","FR","none"),
("RawWood","RawWood","FlipHorizontal","FL","none"),
("RawWood","RawWood","none","BL","none"),
("RawWood","RawWood","FlipHorizontal","BR","none"),
("MarketStallBase","MarketStallBase","none","FR","none"),
("MarketStallBase","MarketStallBase","FlipHorizontal","FL","none"),
("MarketStallBase","MarketStallBase","none","BL","none"),
("MarketStallBase","MarketStallBase","FlipHorizontal","BR","none"),
("MarketStallTop","MarketStallTop","none","FR","none"),
("MarketStallTop","MarketStallTop","FlipHorizontal","FL","none"),
("MarketStallTop","MarketStallTop","none","BL","none"),
("MarketStallTop","MarketStallTop","FlipHorizontal","BR","none"),
("CarpenterStandTools","CarpenterStandToolsFR","none","FR","none"),
("CarpenterStandTools","CarpenterStandToolsFR","FlipHorizontal","FL","none"),
("CarpenterStandTools","EmptyWall","none","BL","none"),
("CarpenterStandTools","EmptyWall","none","BR","none"),
("CarpenterStand","CarpenterStandFR","none","FR","none"),
("CarpenterStand","CarpenterStandFR","FlipHorizontal","FL","none"),
("CarpenterStand","CarpenterStandBR","FlipHorizontal","BL","none"),
("CarpenterStand","CarpenterStandBR","none","BR","none"),
("TableSaw","TableSaw","none","FR","none"),
("TableSaw","TableSaw","FlipHorizontal","FL","none"),
("TableSaw","TableSaw","none","BL","none"),
("TableSaw","TableSaw","FlipHorizontal","BR","none"),
("SawTable","SawTable","none","FR","none"),
("SawTable","SawTable","FlipHorizontal","FL","none"),
("SawTable","SawTable","none","BL","none"),
("SawTable","SawTable","FlipHorizontal","BR","none"),
("Workbench","WorkbenchFR","none","FR","none"),
("Workbench","WorkbenchFR","FlipHorizontal","FL","none"),
("Workbench","WorkbenchBR","FlipHorizontal","BL","none"),
("Workbench","WorkbenchBR","none","BR","none"),
("AxeBench","AxeBenchFR","none","FR","none"),
("AxeBench","AxeBenchFR","FlipHorizontal","FL","none"),
("AxeBench","AxeBenchBL","none","BL","none"),
("AxeBench","AxeBenchBL","FlipHorizontal","BR","none"),
("Keg","KegFR","none","FR","none"),
("Keg","KegFR","FlipHorizontal","FL","none"),
("Keg","KegBL","none","BR","none"),
("Keg","KegBL","FlipHorizontal","BL","none"),
("TanningRack","TanningRackFR","none","FR","none"),
("TanningRack","TanningRackFR","FlipHorizontal","FL","none"),
("TanningRack","TanningRackBL","none","BL","none"),
("TanningRack","TanningRackBL","FlipHorizontal","BR","none"),
("WoodPile","none","none","FL","none"),
("WoodPile","none","FlipHorizontal","FR","none"),
("WoodPile","none","none","BR","none"),
("WoodPile","none","FlipHorizontal","BL","none"),
("StoneBlockPile","StoneBlockPileFR","none","FR","none"),
("StoneBlockPile","StoneBlockPileFR","FlipHorizontal","FL","none"),
("StoneBlockPile","StoneBlockPileBL","none","BL","none"),
("StoneBlockPile","StoneBlockPileBL","FlipHorizontal","BR","none"),
("SawTableLeft","SawTableLeft","none","FR","none"),
("SawTableLeft","SawTableLeft","FlipHorizontal","FL","none"),
("SawTableLeft","SawTableLeft2","none","BL","none"),
("SawTableLeft","SawTableLeft2","FlipHorizontal","BR","none"),
("SawTableRight","SawTableRight","none","FR","none"),
("SawTableRight","SawTableRight","FlipHorizontal","FL","none"),
("SawTableRight","SawTableRight2","none","BL","none"),
("SawTableRight","SawTableRight2","FlipHorizontal","BR","none"),
("SawTableBlade","SawTableBladeFL","none","FR","none"),
("SawTableBlade","SawTableBladeFL","FlipHorizontal","FL","none"),
("SawTableBlade","SawTableBladeBL","none","BL","none"),
("SawTableBlade","SawTableBladeBL","FlipHorizontal","BR","none"),
("SawHorse","SawHorse","none","FR","none"),
("SawHorse","SawHorse","FlipHorizontal","FL","none"),
("SawHorse","SawHorse","none","BL","none"),
("SawHorse","SawHorse","FlipHorizontal","BR","none"),
("ShearsTableTop","ShearsTableTopFR","none","FR","none"),
("ShearsTableTop","ShearsTableTopFR","FlipHorizontal","FL","none"),
("ShearsTableTop","ShearsTableTopBL","none","BL","none"),
("ShearsTableTop","ShearsTableTopBL","FlipHorizontal","BR","none"),
("ClothRollTableTop","ClothRollTableTopFR","none","FR","none"),
("ClothRollTableTop","ClothRollTableTopFR","FlipHorizontal","FL","none"),
("ClothRollTableTop","ClothRollTableTopBL","none","BL","none"),
("ClothRollTableTop","ClothRollTableTopBL","FlipHorizontal","BR","none"),
("Mold","MoldFR","FlipHorizontal","FL","none"),
("Mold","MoldFR","none","FR","none"),
("Mold","MoldBL","FlipHorizontal","BR","none"),
("Mold","MoldBL","none","BL","none"),
("MoldTop","MoldTopFR","FlipHorizontal","FL","none"),
("MoldTop","MoldTopFR","none","FR","none"),
("MoldTop","EmptyWall","none","BR","none"),
("MoldTop","EmptyWall","FlipHorizontal","BL","none"),
("Bellows","BellowsFL","none","FL","none"),
("Bellows","BellowsFL","FlipHorizontal","FR","none"),
("Bellows","BellowsBR","none","BR","none"),
("Bellows","BellowsBR","FlipHorizontal","BL","none"),
("BellowsNozzle","BellowsNozzleFR","none","FL","none"),
("BellowsNozzle","BellowsNozzleFR","FlipHorizontal","FR","none"),
("BellowsNozzle","BellowsNozzleBL","none","BR","none"),
("BellowsNozzle","BellowsNozzleBL","FlipHorizontal","BL","none"),
("Furnace","FurnaceFR","FlipHorizontal","FL","none"),
("Furnace","FurnaceFR","none","FR","none"),
("Furnace","FurnaceBL","FlipHorizontal","BR","none"),
("Furnace","FurnaceBL","none","BL","none"),
("FurnaceFlame","FurnaceFlameFR","FlipHorizontal","FL","none"),
("FurnaceFlame","FurnaceFlameFR","none","FR","none"),
("FurnaceFlame","EmptyWall","none","BR","none"),
("FurnaceFlame","EmptyWall","FlipHorizontal","BL","none"),
("Kiln","KilnFR","FlipHorizontal","FL","none"),
("Kiln","KilnFR","none","FR","none"),
("Kiln","KilnBL","FlipHorizontal","BR","none"),
("Kiln","KilnBL","none","BL","none"),
("KilnFlame","KilnFlameFR","FlipHorizontal","FL","none"),
("KilnFlame","KilnFlameFR","none","FR","none"),
("KilnFlame","EmptyWall","none","BR","none"),
("KilnFlame","EmptyWall","FlipHorizontal","BL","none"),
("Anvil","AnvilFR","FlipHorizontal","FL","none"),
("Anvil","AnvilFR","none","FR","none"),
("Anvil","AnvilBL","none","BL","none"),
("Anvil","AnvilBL","FlipHorizontal","BR","none"),
("Trough","Trough","FlipHorizontal","FL","none"),
("Trough","Trough","none","FR","none"),
("Trough","Trough","FlipHorizontal","BL","none"),
("Trough","Trough","none","BR","none"),
("Shed","ShedFR","FlipHorizontal","FL","none"),
("Shed","ShedFR","none","FR","none"),
("Shed","ShedBL","none","BL","none"),
("Shed","ShedBL","FlipHorizontal","BR","none"),
("MetalBarPile","MetalBarPile","FlipHorizontal","FL","none"),
("MetalBarPile","MetalBarPile","none","FR","none"),
("MetalBarPile","MetalBarPile","none","BL","none"),
("MetalBarPile","MetalBarPile","FlipHorizontal","BR","none"),
("GreenFish","GreenFish","none","FL","none"),
("GreenFish","GreenFish","FlipHorizontal","FR","none"),
("GreenFish","GreenFishBack","none","BR","none"),
("GreenFish","GreenFishBack","FlipHorizontal","BL","none"),
("Panda","Panda","none","FR","none"),
("Panda","Panda","FlipHorizontal","FL","none"),
("Panda","PandaBack","none","BL","none"),
("Panda","PandaBack","FlipHorizontal","BR","none"),
("Rabbit","Rabbit","none","FR","none"),
("Rabbit","Rabbit","FlipHorizontal","FL","none"),
("Rabbit","RabbitBack","none","BL","none"),
("Rabbit","RabbitBack","FlipHorizontal","BR","none"),
("RabbitYoung","RabbitYoung","none","FR","none"),
("RabbitYoung","RabbitYoung","FlipHorizontal","FL","none"),
("RabbitYoung","RabbitYoungBack","none","BL","none"),
("RabbitYoung","RabbitYoungBack","FlipHorizontal","BR","none"),
("Chicken","Chicken","none","FR","none"),
("Chicken","Chicken","FlipHorizontal","FL","none"),
("Chicken","ChickenBack","none","BL","none"),
("Chicken","ChickenBack","FlipHorizontal","BR","none"),
("ChickenYoung","ChickenYoung","none","FR","none"),
("ChickenYoung","ChickenYoung","FlipHorizontal","FL","none"),
("ChickenYoung","ChickenYoungBack","none","BL","none"),
("ChickenYoung","ChickenYoungBack","FlipHorizontal","BR","none"),
("PigPink","PigPink","none","FR","none"),
("PigPink","PigPink","FlipHorizontal","FL","none"),
("PigPink","PigPinkBack","none","BL","none"),
("PigPink","PigPinkBack","FlipHorizontal","BR","none"),
("PigYoung","PigYoung","none","FR","none"),
("PigYoung","PigYoung","FlipHorizontal","FL","none"),
("PigYoung","PigYoungBack","none","BL","none"),
("PigYoung","PigYoungBack","FlipHorizontal","BR","none"),
("PigYellow","PigYellow","none","FR","none"),
("PigYellow","PigYellow","FlipHorizontal","FL","none"),
("PigYellow","PigYellowBack","none","BL","none"),
("PigYellow","PigYellowBack","FlipHorizontal","BR","none"),
("Sheep","Sheep","none","FR","none"),
("Sheep","Sheep","FlipHorizontal","FL","none"),
("Sheep","SheepBack","none","BL","none"),
("Sheep","SheepBack","FlipHorizontal","BR","none"),
("SheepYoung","SheepYoung","none","FR","none"),
("SheepYoung","SheepYoung","FlipHorizontal","FL","none"),
("SheepYoung","SheepYoungBack","none","BL","none"),
("SheepYoung","SheepYoungBack","FlipHorizontal","BR","none"),
("Woodlouse","Woodlouse","none","FR","none"),
("Woodlouse","Woodlouse","FlipHorizontal","FL","none"),
("Woodlouse","WoodlouseBack","none","BL","none"),
("Woodlouse","WoodlouseBack","FlipHorizontal","BR","none"),
("Badger","Badger","none","FR","none"),
("Badger","Badger","FlipHorizontal","FL","none"),
("Badger","BadgerBack","none","BL","none"),
("Badger","BadgerBack","FlipHorizontal","BR","none"),
("Lizzard","Lizzard","none","FR","none"),
("Lizzard","Lizzard","FlipHorizontal","FL","none"),
("Lizzard","LizzardBack","none","BL","none"),
("Lizzard","LizzardBack","FlipHorizontal","BR","none"),
("BlackBear","BlackBear","none","FR","none"),
("BlackBear","BlackBear","FlipHorizontal","FL","none"),
("BlackBear","BlackBearBack","none","BL","none"),
("BlackBear","BlackBearBack","FlipHorizontal","BR","none"),
("Llama","Llama","none","FR","none"),
("Llama","Llama","FlipHorizontal","FL","none"),
("Llama","LlamaBack","none","BL","none"),
("Llama","LlamaBack","FlipHorizontal","BR","none"),
("LlamaYoung","LlamaYoung","none","FR","none"),
("LlamaYoung","LlamaYoung","FlipHorizontal","FL","none"),
("LlamaYoung","LlamaYoungBack","none","BL","none"),
("LlamaYoung","LlamaYoungBack","FlipHorizontal","BR","none"),
("Emu","Emu","none","FR","none"),
("Emu","Emu","FlipHorizontal","FL","none"),
("Emu","EmuBack","none","BL","none"),
("Emu","EmuBack","FlipHorizontal","BR","none"),
("EmuYoung","EmuYoung","none","FR","none"),
("EmuYoung","EmuYoung","FlipHorizontal","FL","none"),
("EmuYoung","EmuYoungBack","none","BL","none"),
("EmuYoung","EmuYoungBack","FlipHorizontal","BR","none"),
("Cow","Cow","none","FR","none"),
("Cow","Cow","FlipHorizontal","FL","none"),
("Cow","CowBack","none","BL","none"),
("Cow","CowBack","FlipHorizontal","BR","none"),
("CowYoung","CowYoung","none","FR","none"),
("CowYoung","CowYoung","FlipHorizontal","FL","none"),
("CowYoung","CowYoungBack","none","BL","none"),
("CowYoung","CowYoungBack","FlipHorizontal","BR","none"),
("Yak","Yak","none","FR","none"),
("Yak","Yak","FlipHorizontal","FL","none"),
("Yak","YakBack","none","BL","none"),
("Yak","YakBack","FlipHorizontal","BR","none"),
("YakYoung","YakYoung","none","FR","none"),
("YakYoung","YakYoung","FlipHorizontal","FL","none"),
("YakYoung","YakYoungBack","none","BL","none"),
("YakYoung","YakYoungBack","FlipHorizontal","BR","none"),
("Spider","Spider","none","FR","none"),
("Spider","Spider","FlipHorizontal","FL","none"),
("Spider","SpiderBack","none","BL","none"),
("Spider","SpiderBack","FlipHorizontal","BR","none"),
("Beetle","Beetle","none","FR","none"),
("Beetle","Beetle","FlipHorizontal","FL","none"),
("Beetle","BeetleBack","none","BL","none"),
("Beetle","BeetleBack","FlipHorizontal","BR","none"),
("Duck","Duck","none","FR","none"),
("Duck","Duck","FlipHorizontal","FL","none"),
("Duck","DuckBack","none","BL","none"),
("Duck","DuckBack","FlipHorizontal","BR","none"),
("DuckYoung","DuckYoung","none","FR","none"),
("DuckYoung","DuckYoung","FlipHorizontal","FL","none"),
("DuckYoung","DuckYoungBack","none","BL","none"),
("DuckYoung","DuckYoungBack","FlipHorizontal","BR","none"),
("Goose","Goose","none","FR","none"),
("Goose","Goose","FlipHorizontal","FL","none"),
("Goose","GooseBack","none","BL","none"),
("Goose","GooseBack","FlipHorizontal","BR","none"),
("GooseYoung","GooseYoung","none","FR","none"),
("GooseYoung","GooseYoung","FlipHorizontal","FL","none"),
("GooseYoung","GooseYoungBack","none","BL","none"),
("GooseYoung","GooseYoungBack","FlipHorizontal","BR","none"),
("Shepherd","Shepherd","none","FR","none"),
("Shepherd","Shepherd","FlipHorizontal","FL","none"),
("Shepherd","ShepherdBack","none","BL","none"),
("Shepherd","ShepherdBack","FlipHorizontal","BR","none"),
("ShepherdYoung","ShepherdYoung","none","FR","none"),
("ShepherdYoung","ShepherdYoung","FlipHorizontal","FL","none"),
("ShepherdYoung","ShepherdYoungBack","none","BL","none"),
("ShepherdYoung","ShepherdYoungBack","FlipHorizontal","BR","none"),
("CatTabby","CatTabby","none","FR","none"),
("CatTabby","CatTabby","FlipHorizontal","FL","none"),
("CatTabby","CatTabbyBack","none","BL","none"),
("CatTabby","CatTabbyBack","FlipHorizontal","BR","none"),
("CatBlack","CatBlack","none","FR","none"),
("CatBlack","CatBlack","FlipHorizontal","FL","none"),
("CatBlack","CatBlackBack","none","BL","none"),
("CatBlack","CatBlackBack","FlipHorizontal","BR","none"),
("Porcupine","Porcupine","none","FR","none"),
("Porcupine","Porcupine","FlipHorizontal","FL","none"),
("Porcupine","PorcupineBack","none","BL","none"),
("Porcupine","PorcupineBack","FlipHorizontal","BR","none"),
("Fox","Fox","none","FR","none"),
("Fox","Fox","FlipHorizontal","FL","none"),
("Fox","FoxBack","none","BL","none"),
("Fox","FoxBack","FlipHorizontal","BR","none"),
("Wolf","Wolf","none","FR","none"),
("Wolf","Wolf","FlipHorizontal","FL","none"),
("Wolf","WolfBack","none","BL","none"),
("Wolf","WolfBack","FlipHorizontal","BR","none"),
("Stag","Stag","none","FR","none"),
("Stag","Stag","FlipHorizontal","FL","none"),
("Stag","StagBack","none","BL","none"),
("Stag","StagBack","FlipHorizontal","BR","none"),
("Roe","Roe","none","FR","none"),
("Roe","Roe","FlipHorizontal","FL","none"),
("Roe","RoeBack","none","BL","none"),
("Roe","RoeBack","FlipHorizontal","BR","none"),
("Goat","Goat","none","FR","none"),
("Goat","Goat","FlipHorizontal","FL","none"),
("Goat","GoatBack","none","BL","none"),
("Goat","GoatBack","FlipHorizontal","BR","none"),
("GoatYoung","GoatYoung","none","FR","none"),
("GoatYoung","GoatYoung","FlipHorizontal","FL","none"),
("GoatYoung","GoatYoungBack","none","BL","none"),
("GoatYoung","GoatYoungBack","FlipHorizontal","BR","none"),
("Squirrel","Squirrel","none","FR","none"),
("Squirrel","Squirrel","FlipHorizontal","FL","none"),
("Squirrel","SquirrelBack","none","BL","none"),
("Squirrel","SquirrelBack","FlipHorizontal","BR","none"),
("GreyFish","GreyFish","none","FL","none"),
("GreyFish","GreyFish","FlipHorizontal","FR","none"),
("GreyFish","GreyFishBack","none","BR","none"),
("GreyFish","GreyFishBack","FlipHorizontal","BL","none"),
("Goblin","none","FlipHorizontal","FL","GoblinFR"),
("Goblin","none","none","FR","GoblinFR"),
("Goblin","none","none","BR","GoblinFR"),
("Goblin","none","FlipHorizontal","BL","GoblinFR"),
("CrystalSnake","CrystalSnakeFR","none","FR","none"),
("CrystalSnake","CrystalSnakeFR","FlipHorizontal","FL","none"),
("CrystalSnake","CrystalSnakeBL","none","BL","none"),
("CrystalSnake","CrystalSnakeBL","FlipHorizontal","BR","none"),
("ZygYoungBlue","ZygYoungBlueFR","none","FR","none"),
("ZygYoungBlue","ZygYoungBlueFR","FlipHorizontal","FL","none"),
("ZygYoungBlue","ZygYoungBlueBL","none","BL","none"),
("ZygYoungBlue","ZygYoungBlueBL","FlipHorizontal","BR","none"),
("ZygYoungRed","ZygYoungRedFR","none","FR","none"),
("ZygYoungRed","ZygYoungRedFR","FlipHorizontal","FL","none"),
("ZygYoungRed","ZygYoungRedBL","none","BL","none"),
("ZygYoungRed","ZygYoungRedBL","FlipHorizontal","BR","none"),
("ZygYouthBlue","ZygYouthBlueFR","none","FR","none"),
("ZygYouthBlue","ZygYouthBlueFR","FlipHorizontal","FL","none"),
("ZygYouthBlue","ZygYouthBlueBL","none","BL","none"),
("ZygYouthBlue","ZygYouthBlueBL","FlipHorizontal","BR","none"),
("ZygYouthRed","ZygYouthRedFR","none","FR","none"),
("ZygYouthRed","ZygYouthRedFR","FlipHorizontal","FL","none"),
("ZygYouthRed","ZygYouthRedBL","none","BL","none"),
("ZygYouthRed","ZygYouthRedBL","FlipHorizontal","BR","none"),
("ZygAdultBlue","ZygAdultBlueFR","none","FR","none"),
("ZygAdultBlue","ZygAdultBlueFR","FlipHorizontal","FL","none"),
("ZygAdultBlue","ZygAdultBlueBL","none","BL","none"),
("ZygAdultBlue","ZygAdultBlueBL","FlipHorizontal","BR","none"),
("ZygAdultRed","ZygAdultRedFR","none","FR","none"),
("ZygAdultRed","ZygAdultRedFR","FlipHorizontal","FL","none"),
("ZygAdultRed","ZygAdultRedBL","none","BL","none"),
("ZygAdultRed","ZygAdultRedBL","FlipHorizontal","BR","none"),
("ZygSeniorBlue","ZygSeniorBlueFR","none","FR","none"),
("ZygSeniorBlue","ZygSeniorBlueFR","FlipHorizontal","FL","none"),
("ZygSeniorBlue","ZygSeniorBlueBL","none","BL","none"),
("ZygSeniorBlue","ZygSeniorBlueBL","FlipHorizontal","BR","none"),
("ZygSeniorRed","ZygSeniorRedFR","none","FR","none"),
("ZygSeniorRed","ZygSeniorRedFR","FlipHorizontal","FL","none"),
("ZygSeniorRed","ZygSeniorRedBL","none","BL","none"),
("ZygSeniorRed","ZygSeniorRedBL","FlipHorizontal","BR","none"),
("DyedCloth","DyedCloth","none","FR","none"),
("DyedCloth","DyedCloth","FlipHorizontal","FL","none"),
("DyedCloth","DyedCloth","none","BL","none"),
("DyedCloth","DyedCloth","FlipHorizontal","BR","none"),
("Cabinet","CabinetFR","none","FR","none"),
("Cabinet","CabinetFR","FlipHorizontal","FL","none"),
("Cabinet","CabinetBL","none","BL","none"),
("Cabinet","CabinetBL","FlipHorizontal","BR","none"),
("Painting1","Painting1","none","FR","none"),
("Painting1","Painting1","FlipHorizontal","FL","none"),
("Painting1","Painting1","none","BL","none"),
("Painting1","Painting1","FlipHorizontal","BR","none"),
("Painting2","Painting2","none","FR","none"),
("Painting2","Painting2","FlipHorizontal","FL","none"),
("Painting2","Painting2","none","BL","none"),
("Painting2","Painting2","FlipHorizontal","BR","none"),
("Painting3","Painting3","none","FR","none"),
("Painting3","Painting3","FlipHorizontal","FL","none"),
("Painting3","Painting3","none","BL","none"),
("Painting3","Painting3","FlipHorizontal","BR","none"),
("Painting4","Painting4","none","FR","none"),
("Painting4","Painting4","FlipHorizontal","FL","none"),
("Painting4","Painting4","none","BL","none"),
("Painting4","Painting4","FlipHorizontal","BR","none"),
("Painting5","Painting5","none","FR","none"),
("Painting5","Painting5","FlipHorizontal","FL","none"),
("Painting5","Painting5","none","BL","none"),
("Painting5","Painting5","FlipHorizontal","BR","none"),
("Painting6","Painting6","none","FR","none"),
("Painting6","Painting6","FlipHorizontal","FL","none"),
("Painting6","Painting6","none","BL","none"),
("Painting6","Painting6","FlipHorizontal","BR","none"),
("Painting7","Painting7","none","FR","none"),
("Painting7","Painting7","FlipHorizontal","FL","none"),
("Painting7","Painting7","none","BL","none"),
("Painting7","Painting7","FlipHorizontal","BR","none"),
("Painting8","Painting8","none","FR","none"),
("Painting8","Painting8","FlipHorizontal","FL","none"),
("Painting8","Painting8","none","BL","none"),
("Painting8","Painting8","FlipHorizontal","BR","none"),
("FishingFishRack","FishingFishRack","none","FR","none"),
("FishingFishRack","FishingFishRack","FlipHorizontal","FL","none"),
("FishingFishRack","FishingFishRack","none","BL","none"),
("FishingFishRack","FishingFishRack","FlipHorizontal","BR","none"),
("FishingRack","FishingRackFR","none","FR","none"),
("FishingRack","FishingRackFR","FlipHorizontal","FL","none"),
("FishingRack","FishingRackBL","none","BL","none"),
("FishingRack","FishingRackBL","FlipHorizontal","BR","none"),
("FishingRods","FishingRodsFR","none","FR","none"),
("FishingRods","FishingRodsFR","FlipHorizontal","FL","none"),
("FishingRods","FishingRodsBL","none","BL","none"),
("FishingRods","FishingRodsBL","FlipHorizontal","BR","none"),
("Palisade","Palisade","none","FR","none"),
("Palisade","Palisade","FlipHorizontal","FL","none"),
("Palisade","Palisade","none","BL","none"),
("Palisade","Palisade","FlipHorizontal","BR","none"),
("PalisadeTop","PalisadeTop","none","FR","none"),
("PalisadeTop","PalisadeTop","FlipHorizontal","FL","none"),
("PalisadeTop","PalisadeTop","none","BL","none"),
("PalisadeTop","PalisadeTop","FlipHorizontal","BR","none"),
("BlockFenceRotN","none","none","FR","BlockFenceN"),
("BlockFenceRotN","none","none","FL","BlockFenceE"),
("BlockFenceRotN","none","none","BL","BlockFenceS"),
("BlockFenceRotN","none","none","BR","BlockFenceW"),
("BlockFenceRotE","none","none","FR","BlockFenceE"),
("BlockFenceRotE","none","none","FL","BlockFenceS"),
("BlockFenceRotE","none","none","BL","BlockFenceW"),
("BlockFenceRotE","none","none","BR","BlockFenceN"),
("BlockFenceRotS","none","none","FR","BlockFenceS"),
("BlockFenceRotS","none","none","FL","BlockFenceW"),
("BlockFenceRotS","none","none","BL","BlockFenceN"),
("BlockFenceRotS","none","none","BR","BlockFenceE"),
("BlockFenceRotW","none","none","FR","BlockFenceW"),
("BlockFenceRotW","none","none","FL","BlockFenceN"),
("BlockFenceRotW","none","none","BL","BlockFenceE"),
("BlockFenceRotW","none","none","BR","BlockFenceS"),
("BlockFenceRotNS","none","none","FR","BlockFenceNS"),
("BlockFenceRotNS","none","none","FL","BlockFenceEW"),
("BlockFenceRotNS","none","none","BL","BlockFenceNS"),
("BlockFenceRotNS","none","none","BR","BlockFenceEW"),
("BlockFenceRotEW","none","none","FR","BlockFenceEW"),
("BlockFenceRotEW","none","none","FL","BlockFenceNS"),
("BlockFenceRotEW","none","none","BL","BlockFenceEW"),
("BlockFenceRotEW","none","none","BR","BlockFenceNS"),
("BlockFenceRotNE","none","none","FR","BlockFenceNE"),
("BlockFenceRotNE","none","none","FL","BlockFenceES"),
("BlockFenceRotNE","none","none","BL","BlockFenceSW"),
("BlockFenceRotNE","none","none","BR","BlockFenceNW"),
("BlockFenceRotES","none","none","FR","BlockFenceES"),
("BlockFenceRotES","none","none","FL","BlockFenceSW"),
("BlockFenceRotES","none","none","BL","BlockFenceNW"),
("BlockFenceRotES","none","none","BR","BlockFenceNE"),
("BlockFenceRotSW","none","none","FR","BlockFenceSW"),
("BlockFenceRotSW","none","none","FL","BlockFenceNW"),
("BlockFenceRotSW","none","none","BL","BlockFenceNE"),
("BlockFenceRotSW","none","none","BR","BlockFenceES"),
("BlockFenceRotNW","none","none","FR","BlockFenceNW"),
("BlockFenceRotNW","none","none","FL","BlockFenceNE"),
("BlockFenceRotNW","none","none","BL","BlockFenceES"),
("BlockFenceRotNW","none","none","BR","BlockFenceSW"),
("BlockFenceRotESW","none","none","FR","BlockFenceESW"),
("BlockFenceRotESW","none","none","FL","BlockFenceNSW"),
("BlockFenceRotESW","none","none","BL","BlockFenceNEW"),
("BlockFenceRotESW","none","none","BR","BlockFenceNES"),
("BlockFenceRotNSW","none","none","FR","BlockFenceNSW"),
("BlockFenceRotNSW","none","none","FL","BlockFenceNEW"),
("BlockFenceRotNSW","none","none","BL","BlockFenceNES"),
("BlockFenceRotNSW","none","none","BR","BlockFenceESW"),
("BlockFenceRotNEW","none","none","FR","BlockFenceNEW"),
("BlockFenceRotNEW","none","none","FL","BlockFenceNES"),
("BlockFenceRotNEW","none","none","BL","BlockFenceESW"),
("BlockFenceRotNEW","none","none","BR","BlockFenceNSW"),
("BlockFenceRotNES","none","none","FR","BlockFenceNES"),
("BlockFenceRotNES","none","none","FL","BlockFenceESW"),
("BlockFenceRotNES","none","none","BL","BlockFenceNSW"),
("BlockFenceRotNES","none","none","BR","BlockFenceNEW"),
("CobbleStoneFenceRotN","none","none","FR","CobbleStoneFenceN"),
("CobbleStoneFenceRotN","none","none","FL","CobbleStoneFenceE"),
("CobbleStoneFenceRotN","none","none","BL","CobbleStoneFenceS"),
("CobbleStoneFenceRotN","none","none","BR","CobbleStoneFenceW"),
("CobbleStoneFenceRotE","none","none","FR","CobbleStoneFenceE"),
("CobbleStoneFenceRotE","none","none","FL","CobbleStoneFenceS"),
("CobbleStoneFenceRotE","none","none","BL","CobbleStoneFenceW"),
("CobbleStoneFenceRotE","none","none","BR","CobbleStoneFenceN"),
("CobbleStoneFenceRotS","none","none","FR","CobbleStoneFenceS"),
("CobbleStoneFenceRotS","none","none","FL","CobbleStoneFenceW"),
("CobbleStoneFenceRotS","none","none","BL","CobbleStoneFenceN"),
("CobbleStoneFenceRotS","none","none","BR","CobbleStoneFenceE"),
("CobbleStoneFenceRotW","none","none","FR","CobbleStoneFenceW"),
("CobbleStoneFenceRotW","none","none","FL","CobbleStoneFenceN"),
("CobbleStoneFenceRotW","none","none","BL","CobbleStoneFenceE"),
("CobbleStoneFenceRotW","none","none","BR","CobbleStoneFenceS"),
("CobbleStoneFenceRotNS","none","none","FR","CobbleStoneFenceNS"),
("CobbleStoneFenceRotNS","none","none","FL","CobbleStoneFenceEW"),
("CobbleStoneFenceRotNS","none","none","BL","CobbleStoneFenceNS"),
("CobbleStoneFenceRotNS","none","none","BR","CobbleStoneFenceEW"),
("CobbleStoneFenceRotEW","none","none","FR","CobbleStoneFenceEW"),
("CobbleStoneFenceRotEW","none","none","FL","CobbleStoneFenceNS"),
("CobbleStoneFenceRotEW","none","none","BL","CobbleStoneFenceEW"),
("CobbleStoneFenceRotEW","none","none","BR","CobbleStoneFenceNS"),
("CobbleStoneFenceRotNE","none","none","FR","CobbleStoneFenceNE"),
("CobbleStoneFenceRotNE","none","none","FL","CobbleStoneFenceES"),
("CobbleStoneFenceRotNE","none","none","BL","CobbleStoneFenceSW"),
("CobbleStoneFenceRotNE","none","none","BR","CobbleStoneFenceNW"),
("CobbleStoneFenceRotES","none","none","FR","CobbleStoneFenceES"),
("CobbleStoneFenceRotES","none","none","FL","CobbleStoneFenceSW"),
("CobbleStoneFenceRotES","none","none","BL","CobbleStoneFenceNW"),
("CobbleStoneFenceRotES","none","none","BR","CobbleStoneFenceNE"),
("CobbleStoneFenceRotSW","none","none","FR","CobbleStoneFenceSW"),
("CobbleStoneFenceRotSW","none","none","FL","CobbleStoneFenceNW"),
("CobbleStoneFenceRotSW","none","none","BL","CobbleStoneFenceNE"),
("CobbleStoneFenceRotSW","none","none","BR","CobbleStoneFenceES"),
("CobbleStoneFenceRotNW","none","none","FR","CobbleStoneFenceNW"),
("CobbleStoneFenceRotNW","none","none","FL","CobbleStoneFenceNE"),
("CobbleStoneFenceRotNW","none","none","BL","CobbleStoneFenceES"),
("CobbleStoneFenceRotNW","none","none","BR","CobbleStoneFenceSW"),
("CobbleStoneFenceRotESW","none","none","FR","CobbleStoneFenceESW"),
("CobbleStoneFenceRotESW","none","none","FL","CobbleStoneFenceNSW"),
("CobbleStoneFenceRotESW","none","none","BL","CobbleStoneFenceNEW"),
("CobbleStoneFenceRotESW","none","none","BR","CobbleStoneFenceNES"),
("CobbleStoneFenceRotNSW","none","none","FR","CobbleStoneFenceNSW"),
("CobbleStoneFenceRotNSW","none","none","FL","CobbleStoneFenceNEW"),
("CobbleStoneFenceRotNSW","none","none","BL","CobbleStoneFenceNES"),
("CobbleStoneFenceRotNSW","none","none","BR","CobbleStoneFenceESW"),
("CobbleStoneFenceRotNEW","none","none","FR","CobbleStoneFenceNEW"),
("CobbleStoneFenceRotNEW","none","none","FL","CobbleStoneFenceNES"),
("CobbleStoneFenceRotNEW","none","none","BL","CobbleStoneFenceESW"),
("CobbleStoneFenceRotNEW","none","none","BR","CobbleStoneFenceNSW"),
("CobbleStoneFenceRotNES","none","none","FR","CobbleStoneFenceNES"),
("CobbleStoneFenceRotNES","none","none","FL","CobbleStoneFenceESW"),
("CobbleStoneFenceRotNES","none","none","BL","CobbleStoneFenceNSW"),
("CobbleStoneFenceRotNES","none","none","BR","CobbleStoneFenceNEW"),
("WoodFenceRotN","none","none","FR","WoodFenceN"),
("WoodFenceRotN","none","none","FL","WoodFenceE"),
("WoodFenceRotN","none","none","BL","WoodFenceS"),
("WoodFenceRotN","none","none","BR","WoodFenceW"),
("WoodFenceRotE","none","none","FR","WoodFenceE"),
("WoodFenceRotE","none","none","FL","WoodFenceS"),
("WoodFenceRotE","none","none","BL","WoodFenceW"),
("WoodFenceRotE","none","none","BR","WoodFenceN"),
("WoodFenceRotS","none","none","FR","WoodFenceS"),
("WoodFenceRotS","none","none","FL","WoodFenceW"),
("WoodFenceRotS","none","none","BL","WoodFenceN"),
("WoodFenceRotS","none","none","BR","WoodFenceE"),
("WoodFenceRotW","none","none","FR","WoodFenceW"),
("WoodFenceRotW","none","none","FL","WoodFenceN"),
("WoodFenceRotW","none","none","BL","WoodFenceE"),
("WoodFenceRotW","none","none","BR","WoodFenceS"),
("WoodFenceRotNS","none","none","FR","WoodFenceNS"),
("WoodFenceRotNS","none","none","FL","WoodFenceEW"),
("WoodFenceRotNS","none","none","BL","WoodFenceNS"),
("WoodFenceRotNS","none","none","BR","WoodFenceEW"),
("WoodFenceRotEW","none","none","FR","WoodFenceEW"),
("WoodFenceRotEW","none","none","FL","WoodFenceNS"),
("WoodFenceRotEW","none","none","BL","WoodFenceEW"),
("WoodFenceRotEW","none","none","BR","WoodFenceNS"),
("WoodFenceRotNE","none","none","FR","WoodFenceNE"),
("WoodFenceRotNE","none","none","FL","WoodFenceES"),
("WoodFenceRotNE","none","none","BL","WoodFenceSW"),
("WoodFenceRotNE","none","none","BR","WoodFenceNW"),
("WoodFenceRotES","none","none","FR","WoodFenceES"),
("WoodFenceRotES","none","none","FL","WoodFenceSW"),
("WoodFenceRotES","none","none","BL","WoodFenceNW"),
("WoodFenceRotES","none","none","BR","WoodFenceNE"),
("WoodFenceRotSW","none","none","FR","WoodFenceSW"),
("WoodFenceRotSW","none","none","FL","WoodFenceNW"),
("WoodFenceRotSW","none","none","BL","WoodFenceNE"),
("WoodFenceRotSW","none","none","BR","WoodFenceES"),
("WoodFenceRotNW","none","none","FR","WoodFenceNW"),
("WoodFenceRotNW","none","none","FL","WoodFenceNE"),
("WoodFenceRotNW","none","none","BL","WoodFenceES"),
("WoodFenceRotNW","none","none","BR","WoodFenceSW"),
("WoodFenceRotESW","none","none","FR","WoodFenceESW"),
("WoodFenceRotESW","none","none","FL","WoodFenceNSW"),
("WoodFenceRotESW","none","none","BL","WoodFenceNEW"),
("WoodFenceRotESW","none","none","BR","WoodFenceNES"),
("WoodFenceRotNSW","none","none","FR","WoodFenceNSW"),
("WoodFenceRotNSW","none","none","FL","WoodFenceNEW"),
("WoodFenceRotNSW","none","none","BL","WoodFenceNES"),
("WoodFenceRotNSW","none","none","BR","WoodFenceESW"),
("WoodFenceRotNEW","none","none","FR","WoodFenceNEW"),
("WoodFenceRotNEW","none","none","FL","WoodFenceNES"),
("WoodFenceRotNEW","none","none","BL","WoodFenceESW"),
("WoodFenceRotNEW","none","none","BR","WoodFenceNSW"),
("WoodFenceRotNES","none","none","FR","WoodFenceNES"),
("WoodFenceRotNES","none","none","FL","WoodFenceESW"),
("WoodFenceRotNES","none","none","BL","WoodFenceNSW"),
("WoodFenceRotNES","none","none","BR","WoodFenceNEW"),
("Rafter","RafterFR","none","FR","none"),
("Rafter","RafterFR","FlipHorizontal","FL","none"),
("Rafter","RafterBL","none","BL","none"),
("Rafter","RafterBL","FlipHorizontal","BR","none"),
("Roofing","RoofingFR","none","FR","none"),
("Roofing","RoofingFR","FlipHorizontal","FL","none"),
("Roofing","RoofingBL","none","BL","none"),
("Roofing","RoofingBL","FlipHorizontal","BR","none"),
("WorkshopTable","WorkshopTable","none","FL","none"),
("WorkshopTable","WorkshopTable","none","FR","none"),
("WorkshopTable","WorkshopTable","none","BR","none"),
("WorkshopTable","WorkshopTable","none","BL","none"),
("ChiselTableTop","ChiselTableTopFR","none","FR","none"),
("ChiselTableTop","ChiselTableTopFR","FlipHorizontal","FL","none"),
("ChiselTableTop","ChiselTableTopBL","none","BL","none"),
("ChiselTableTop","ChiselTableTopBL","FlipHorizontal","BR","none"),
("ButcherTableTop","ButcherTableTopFR","FlipHorizontal","FL","none"),
("ButcherTableTop","ButcherTableTopFR","none","FR","none"),
("ButcherTableTop","ButcherTableTopBL","FlipHorizontal","BR","none"),
("ButcherTableTop","ButcherTableTopBL","none","BL","none"),
("KitchenTableTop","KitchenTableTopFR","FlipHorizontal","BR","none"),
("KitchenTableTop","KitchenTableTopFR","none","BL","none"),
("KitchenTableTop","KitchenTableTopBL","FlipHorizontal","FL","none"),
("KitchenTableTop","KitchenTableTopBL","none","FR","none"),
("HammerTableTop","HammerTableTopBL","none","FL","none"),
("HammerTableTop","HammerTableTopFR","FlipHorizontal","FR","none"),
("HammerTableTop","HammerTableTopFR","none","BR","none"),
("HammerTableTop","HammerTableTopBL","FlipHorizontal","BL","none"),
("Loom","LoomFR","none","FL","none"),
("Loom","LoomFR","FlipHorizontal","FR","none"),
("Loom","LoomBL","none","BR","none"),
("Loom","LoomBL","FlipHorizontal","BL","none"),
("ClayRamp","ClayRampFR","none","FR","none"),
("ClayRamp","ClayRampFL","none","FL","none"),
("ClayRamp","ClayRampBL","none","BL","none"),
("ClayRamp","ClayRampBR","none","BR","none"),
("StoneRamp","StoneRampFR","none","FR","none"),
("StoneRamp","StoneRampFL","none","FL","none"),
("StoneRamp","StoneRampBL","none","BL","none"),
("StoneRamp","StoneRampBR","none","BR","none"),
("ThatchRamp","ThatchRampFR","none","FR","none"),
("ThatchRamp","ThatchRampFR","FlipHorizontal","FL","none"),
("ThatchRamp","ThatchRampBR","FlipHorizontal","BL","none"),
("ThatchRamp","ThatchRampBR","none","BR","none"),
("ThatchRampTop","ThatchRampTopFR","none","FR","none"),
("ThatchRampTop","ThatchRampTopFR","FlipHorizontal","FL","none"),
("ThatchRampTop","ThatchRampTopBR","FlipHorizontal","BL","none"),
("ThatchRampTop","ThatchRampTopBR","none","BR","none"),
("ClayCornerRamp","ClayCornerRampFR","none","FR","none"),
("ClayCornerRamp","ClayCornerRampFL","none","FL","none"),
("ClayCornerRamp","ClayCornerRampBL","none","BL","none"),
("ClayCornerRamp","ClayCornerRampBR","none","BR","none"),
("StoneCornerRamp","StoneCornerRampFR","none","FR","none"),
("StoneCornerRamp","StoneCornerRampFL","none","FL","none"),
("StoneCornerRamp","StoneCornerRampBL","none","BL","none"),
("StoneCornerRamp","StoneCornerRampBR","none","BR","none"),
("ClayURamp","ClayURampFR","none","FR","none"),
("ClayURamp","ClayURampFL","none","FL","none"),
("ClayURamp","ClayURampBL","none","BL","none"),
("ClayURamp","ClayURampBR","none","BR","none"),
("StoneURamp","StoneURampFR","none","FR","none"),
("StoneURamp","StoneURampFL","none","FL","none"),
("StoneURamp","StoneURampBL","none","BL","none"),
("StoneURamp","StoneURampBR","none","BR","none"),
("ClayRampTop","ClayRampTopFR","none","FR","none"),
("ClayRampTop","ClayRampTopFL","none","FL","none"),
("ClayRampTop","ClayRampTopBL","none","BL","none"),
("ClayRampTop","ClayRampTopBR","none","BR","none"),
("StoneRampTop","StoneRampTopFR","none","FR","none"),
("StoneRampTop","StoneRampTopFL","none","FL","none"),
("StoneRampTop","StoneRampTopBL","none","BL","none"),
("StoneRampTop","StoneRampTopBR","none","BR","none"),
("ClayCornerRampTop","ClayCornerRampTopFR","none","FR","none"),
("ClayCornerRampTop","ClayCornerRampTopFL","none","FL","none"),
("ClayCornerRampTop","ClayCornerRampTopBL","none","BL","none"),
("ClayCornerRampTop","ClayCornerRampTopBR","none","BR","none"),
("StoneCornerRampTop","StoneCornerRampTopFR","none","FR","none"),
("StoneCornerRampTop","StoneCornerRampTopFL","none","FL","none"),
("StoneCornerRampTop","StoneCornerRampTopBL","none","BL","none"),
("StoneCornerRampTop","StoneCornerRampTopBR","none","BR","none"),
("ClayURampTop","ClayURampTopFR","none","FR","none"),
("ClayURampTop","ClayURampTopFL","none","FL","none"),
("ClayURampTop","ClayURampTopBL","none","BL","none"),
("ClayURampTop","ClayURampTopBR","none","BR","none"),
("StoneURampTop","StoneURampTopFR","none","FR","none"),
("StoneURampTop","StoneURampTopFL","none","FL","none"),
("StoneURampTop","StoneURampTopBL","none","BL","none"),
("StoneURampTop","StoneURampTopBR","none","BR","none"),
("SoilOuterCornerRamp","SoilOuterCornerRampFL","none","FL","none"),
("SoilOuterCornerRamp","SoilOuterCornerRampFR","none","FR","none"),
("SoilOuterCornerRamp","SoilOuterCornerRampBL","none","BL","none"),
("SoilOuterCornerRamp","SoilOuterCornerRampBR","none","BR","none"),
("ClayOuterCornerRamp","ClayOuterCornerRampFL","none","FL","none"),
("ClayOuterCornerRamp","ClayOuterCornerRampFR","none","FR","none"),
("ClayOuterCornerRamp","ClayOuterCornerRampBL","none","BL","none"),
("ClayOuterCornerRamp","ClayOuterCornerRampBR","none","BR","none"),
("StoneOuterCornerRamp","StoneOuterCornerRampFL","none","FL","none"),
("StoneOuterCornerRamp","StoneOuterCornerRampFR","none","FR","none"),
("StoneOuterCornerRamp","StoneOuterCornerRampBL","none","BL","none"),
("StoneOuterCornerRamp","StoneOuterCornerRampBR","none","BR","none"),
("ThatchOuterCornerRamp","ThatchOuterCornerRampFL","none","FL","none"),
("ThatchOuterCornerRamp","ThatchOuterCornerRampFR","none","FR","none"),
("ThatchOuterCornerRamp","ThatchOuterCornerRampBL","none","BL","none"),
("ThatchOuterCornerRamp","ThatchOuterCornerRampBR","none","BR","none"),
("AppleTreeTop","AppleTreeTopFR","none","FR","none"),
("AppleTreeTop","AppleTreeTopFL","none","FL","none"),
("AppleTreeTop","AppleTreeTopBL","none","BL","none"),
("AppleTreeTop","AppleTreeTopBR","none","BR","none"),
("AppleTreeTopCorner","AppleTreeTopCornerFront","none","FR","none"),
("AppleTreeTopCorner","AppleTreeTopCornerLeft","none","FL","none"),
("AppleTreeTopCorner","AppleTreeTopCornerBack","none","BL","none"),
("AppleTreeTopCorner","AppleTreeTopCornerRight","none","BR","none"),
("AppleTreeBottom","AppleTreeBottom","none","FR","none"),
("AppleTreeBottom","AppleTreeBottom","none","FL","none"),
("AppleTreeBottom","AppleTreeMiddle","none","BL","none"),
("AppleTreeBottom","AppleTreeMiddle","none","BR","none"),
("AppleTreeBottomCorner","AppleTreeBottomCornerFront","none","FR","none"),
("AppleTreeBottomCorner","AppleTreeBottomCornerLeft","none","FL","none"),
("AppleTreeBottomCorner","AppleTreeMiddle","none","BL","none"),
("AppleTreeBottomCorner","AppleTreeBottomCornerRight","none","BR","none"),
("PineTree1","PineTree9","none","FR","none"),
("PineTree1","PineTree8","none","FL","none"),
("PineTree1","PineTree14","none","BL","none"),
("PineTree1","PineTree15","none","BR","none"),
("PineTree2","PineTree13","none","FR","none"),
("PineTree2","PineTree12","none","FL","none"),
("PineTree2","PineTree3","none","BL","none"),
("PineTree2","PineTree4","none","BR","none"),
("PineTree3","PineTree2","none","FR","none"),
("PineTree3","PineTree1","none","FL","none"),
("PineTree3","PineTree10","none","BL","none"),
("PineTree3","PineTree11","none","BR","none"),
("PineTree4","PineTree17","none","FR","none"),
("PineTree4","PineTree16","none","FL","none"),
("PineTree4","PineTree14","none","BL","none"),
("PineTree4","PineTree15","none","BR","none"),
("OrangeTreeTop","OrangeTreeTopFR","none","FR","none"),
("OrangeTreeTop","OrangeTreeTopFL","none","FL","none"),
("OrangeTreeTop","OrangeTreeTopBL","none","BL","none"),
("OrangeTreeTop","OrangeTreeTopBR","none","BR","none"),
("OrangeTreeTopCorner","OrangeTreeTopCornerFront","none","FR","none"),
("OrangeTreeTopCorner","OrangeTreeTopCornerLeft","none","FL","none"),
("OrangeTreeTopCorner","OrangeTreeTopCornerBack","none","BL","none"),
("OrangeTreeTopCorner","OrangeTreeTopCornerRight","none","BR","none"),
("OrangeTreeMiddleCorner","OrangeTreeMiddleCornerFront","none","FR","none"),
("OrangeTreeMiddleCorner","OrangeTreeMiddleCornerLeft","none","FL","none"),
("OrangeTreeMiddleCorner","OrangeTreeMiddleCornerBack","none","BL","none"),
("OrangeTreeMiddleCorner","OrangeTreeMiddleCornerRight","none","BR","none"),
("OrangeTreeBottom","OrangeTreeBottom","none","FR","none"),
("OrangeTreeBottom","OrangeTreeBottom","none","FL","none"),
("OrangeTreeBottom","OrangeTreeMiddle","none","BL","none"),
("OrangeTreeBottom","OrangeTreeMiddle","none","BR","none"),
("OrangeTreeBottomCorner","OrangeTreeBottomCornerFront","none","FR","none"),
("OrangeTreeBottomCorner","OrangeTreeBottomCornerLeft","none","FL","none"),
("OrangeTreeBottomCorner","OrangeTreeMiddle","none","BL","none"),
("OrangeTreeBottomCorner","OrangeTreeBottomCornerRight","none","BR","none"),
("SoilURamp","SoilURampFR","none","FL","none"),
("SoilURamp","SoilURampBL","none","FR","none"),
("SoilURamp","SoilURampBL","none","BL","none"),
("SoilURamp","SoilURampFR","none","BR","none"),
("SoilURampTop","SoilURampTopFR","none","FL","none"),
("SoilURampTop","SoilURampTopBL","none","FR","none"),
("SoilURampTop","SoilURampTopBL","none","BL","none"),
("SoilURampTop","SoilURampTopFR","none","BR","none"),
("MushroomGrassRamp","MushroomGrassRamp_3_FL","none","FL","none"),
("MushroomGrassRamp","MushroomGrassRamp_3_FR","none","FR","none"),
("MushroomGrassRamp","MushroomGrassRamp_3_BL","none","BL","none"),
("MushroomGrassRamp","MushroomGrassRamp_3_BR","none","BR","none"),
("MushroomGrassRampTop","MushroomGrassRampTop_3_FL","none","FL","none"),
("MushroomGrassRampTop","MushroomGrassRampTop_3_FR","none","FR","none"),
("MushroomGrassRampTop","MushroomGrassRampTop_3_BL","none","BL","none"),
("MushroomGrassRampTop","MushroomGrassRampTop_3_BR","none","BR","none"),
("MushroomGrassCornerRamp","MushroomGrassCornerRamp_3_FL","none","FL","none"),
("MushroomGrassCornerRamp","MushroomGrassCornerRamp_3_FR","none","FR","none"),
("MushroomGrassCornerRamp","MushroomGrassCornerRamp_3_BL","none","BL","none"),
("MushroomGrassCornerRamp","MushroomGrassCornerRamp_3_BR","none","BR","none"),
("MushroomGrassCornerRampTop","MushroomGrassCornerRampTop_3_FL","none","FL","none"),
("MushroomGrassCornerRampTop","MushroomGrassCornerRampTop_3_FR","none","FR","none"),
("MushroomGrassCornerRampTop","MushroomGrassCornerRampTop_3_BL","none","BL","none"),
("MushroomGrassCornerRampTop","MushroomGrassCornerRampTop_3_BR","none","BR","none"),
("MushroomGrassURamp","MushroomGrassURamp_3_FL","none","FL","none"),
("MushroomGrassURamp","MushroomGrassURamp_3_FR","none","FR","none"),
("MushroomGrassURamp","MushroomGrassURamp_3_BL","none","BL","none"),
("MushroomGrassURamp","MushroomGrassURamp_3_BR","none","BR","none"),
("MushroomGrassURampTop","MushroomGrassURampTop_3_FL","none","FL","none"),
("MushroomGrassURampTop","MushroomGrassURampTop_3_FR","none","FR","none"),
("MushroomGrassURampTop","MushroomGrassURampTop_3_BL","none","BL","none"),
("MushroomGrassURampTop","MushroomGrassURampTop_3_BR","none","BR","none");

CREATE TABLE IF NOT EXISTS Sprites_Rotations_Combine ( 
ParentID VARCHAR(30) NULL ,
BaseSprite VARCHAR(30) NULL  );

INSERT INTO Sprites_Rotations_Combine VALUES 
("FancyWoodBed","FancyWoodBedFR"),
("FancyWoodBed","FancyWoodBedTopFR"),
("FancyWoodBed","FancyWoodBedFR"),
("FancyWoodBed","FancyWoodBedTopFR");

CREATE TABLE IF NOT EXISTS Sprites_ByMaterialTypes ( 
ParentID VARCHAR(30) NULL ,
BaseSprite VARCHAR(30) NULL ,
MaterialType VARCHAR(30) NULL ,
Sprite VARCHAR(30) NULL  );

INSERT INTO Sprites_ByMaterialTypes VALUES 
("Chair","none","Stone","StoneChair"),
("Chair","none","Bone","BoneChair"),
("Chair","none","Wood","WoodChair"),
("StairsTop","none","Soil","none"),
("StairsTop","none","Stone","none"),
("Stairs","none","Soil","none"),
("Stairs","none","Stone","none"),
("Door","none","Wood","none"),
("Door","none","Stone","none"),
("Table","none","Wood","none"),
("Table","StoneTable","Stone","none"),
("Table","BoneTable","Bone","none"),
("RoughFloor","RoughSoilFloor","Soil","none"),
("RoughFloor","RoughSandFloor","Sand","none"),
("RoughFloor","RoughClayFloor","Clay","none"),
("RoughFloor","RoughStoneFloor","Stone","none"),
("RoughWall","RoughSoilWall","Soil","none"),
("RoughWall","RoughSandWall","Sand","none"),
("RoughWall","RoughClayWall","Clay","none"),
("RoughWall","RoughStoneWall","Stone","none"),
("RoughWallShort","RoughSoilWallShort","Soil","none"),
("RoughWallShort","RoughSandWallShort","Sand","none"),
("RoughWallShort","RoughClayWallShort","Clay","none"),
("RoughWallShort","RoughStoneWallShort","Stone","none"),
("Floor","none","Stone","none"),
("Floor","MetalFloor","Metal","none"),
("Floor","LogFloor","Wood","none"),
("LogFloor","LogFloor","Wood","none"),
("Wall","none","Stone","none"),
("Wall","MetalWall","Metal","none"),
("Wall","LogWall","Wood","none"),
("LogWall","LogWall","Wood","none"),
("Ramp","none","Soil","SoilRamp"),
("Ramp","none","Sand","SoilRamp"),
("Ramp","none","Clay","ClayRamp"),
("Ramp","none","Stone","StoneRamp"),
("CornerRamp","none","Soil","SoilCornerRamp"),
("CornerRamp","none","Sand","SoilCornerRamp"),
("CornerRamp","none","Clay","ClayCornerRamp"),
("CornerRamp","none","Stone","StoneCornerRamp"),
("URamp","none","Soil","SoilURamp"),
("URamp","none","Sand","SoilURamp"),
("URamp","none","Clay","ClayURamp"),
("URamp","none","Stone","StoneURamp"),
("RampTop","none","Soil","SoilRampTop"),
("RampTop","none","Sand","SoilRampTop"),
("RampTop","none","Clay","ClayRampTop"),
("RampTop","none","Stone","StoneRampTop"),
("CornerRampTop","none","Soil","SoilCornerRampTop"),
("CornerRampTop","none","Sand","SoilCornerRampTop"),
("CornerRampTop","none","Clay","ClayCornerRampTop"),
("CornerRampTop","none","Stone","StoneCornerRampTop"),
("URampTop","none","Soil","SoilURampTop"),
("URampTop","none","Sand","SoilURampTop"),
("URampTop","none","Clay","ClayURampTop"),
("URampTop","none","Stone","StoneURampTop"),
("OuterCornerRamp","none","Soil","SoilOuterCornerRamp"),
("OuterCornerRamp","none","Sand","SoilOuterCornerRamp"),
("OuterCornerRamp","none","Clay","ClayOuterCornerRamp"),
("OuterCornerRamp","none","Stone","StoneOuterCornerRamp"),
("OuterCornerRamp","none","Grain","ThatchOuterCornerRamp");

CREATE TABLE IF NOT EXISTS Sprites_ByMaterialTypes_Rotations ( 
ParentID VARCHAR(30) NULL ,
BaseSprite VARCHAR(30) NULL ,
Effect VARCHAR(30) NULL ,
Rotation VARCHAR(30) NULL  );

INSERT INTO Sprites_ByMaterialTypes_Rotations VALUES 
("StairsTop","StairsTopFR","none","FL"),
("StairsTop","StairsTopFR","FlipHorizontal","FR"),
("StairsTop","StairsTopBL","none","BR"),
("StairsTop","StairsTopBL","FlipHorizontal","BL"),
("StairsTop","BlockStairsTopFR","none","FR"),
("StairsTop","BlockStairsTopFR","FlipHorizontal","FL"),
("StairsTop","BlockStairsTopBL","none","BL"),
("StairsTop","BlockStairsTopBL","FlipHorizontal","BR"),
("Stairs","StairsFR","none","FL"),
("Stairs","StairsFR","FlipHorizontal","FR"),
("Stairs","StairsBL","none","BR"),
("Stairs","StairsBL","FlipHorizontal","BL"),
("Stairs","BlockStairsFR","none","FR"),
("Stairs","BlockStairsFR","FlipHorizontal","FL"),
("Stairs","BlockStairsBL","none","BL"),
("Stairs","BlockStairsBL","FlipHorizontal","BR"),
("Door","WoodDoorRight","none","FR"),
("Door","WoodDoorLeft","none","FL"),
("Door","WoodDoorRight","none","BL"),
("Door","WoodDoorLeft","none","BR"),
("Door","StoneDoorRight","none","FR"),
("Door","StoneDoorLeft","none","FL"),
("Door","StoneDoorRight","none","BL"),
("Door","StoneDoorLeft","none","BR"),
("Table","WoodTable","none","FR"),
("Table","WoodTable","FlipHorizontal","FL"),
("Table","WoodTable","none","BL"),
("Table","WoodTable","FlipHorizontal","BR");

CREATE TABLE IF NOT EXISTS Sprites_ByMaterialTypes_IntermediateSprites ( 
ParentID VARCHAR(30) NULL ,
BaseSprite VARCHAR(30) NULL ,
Percent DOUBLE NULL );

INSERT INTO Sprites_ByMaterialTypes_IntermediateSprites VALUES 
("Floor","StoneFloor25",25),
("Floor","StoneFloor50",50),
("Floor","StoneFloor75",75),
("Floor","BlockStoneFloor",100),
("Wall","StoneWall25",25),
("Wall","StoneWall50",50),
("Wall","StoneWall75",75),
("Wall","BlockStoneWall",100);

CREATE TABLE IF NOT EXISTS Tech ( 
ID VARCHAR(30) NULL  );

INSERT INTO Tech VALUES 
("TechWood"),
("TechStone"),
("TechMetal"),
("TechEngineer"),
("TechCloth"),
("TechLeather"),
("TechFood"),
("TechMilitary"),
("TechMagic");

CREATE TABLE IF NOT EXISTS TerrainMaterials ( 
ID VARCHAR(30) NULL ,
FloorSprite VARCHAR(30) NULL ,
Highest DOUBLE NULL,
Lowest DOUBLE NULL,
ShortWallSprite VARCHAR(30) NULL ,
Type_ VARCHAR(30) NULL ,
WallSprite VARCHAR(30) NULL  );

INSERT INTO TerrainMaterials VALUES 
("Air","EmptyFloor",1000,0,"EmptyWall","Air","EmptyWall"),
("Dirt","RoughFloor",-1,-2,"RoughSoilWallShort","Soil","RoughWall"),
("Sand","RoughFloor",-3,-4,"RoughSoilWallShort","Soil","RoughWall"),
("Clay","RoughFloor",-5,-6,"RoughClayWallShort","Clay","RoughWall"),
("Sandstone","RoughFloor",-7,-14,"RoughStoneWallShort","Stone","RoughWall"),
("Marble","RoughFloor",-15,-26,"RoughStoneWallShort","Stone","RoughWall"),
("Bauxite","RoughFloor",-27,-42,"RoughStoneWallShort","Stone","RoughWall"),
("LapisLazuli","RoughFloor",-43,-59,"RoughStoneWallShort","Stone","RoughWall"),
("Serpentine","RoughFloor",-60,-74,"RoughStoneWallShort","Stone","RoughWall"),
("Granite","RoughFloor",-75,-88,"RoughStoneWallShort","Stone","RoughWall"),
("Basalt","RoughFloor",-89,-1000,"RoughStoneWallShort","Stone","RoughWall");

CREATE TABLE IF NOT EXISTS Time ( 
ID VARCHAR(30) NULL ,
Value_ DOUBLE NULL );

INSERT INTO Time VALUES 
("TicksPerMinute",10),
("MinutesPerHour",60),
("HoursPerDay",24),
("MillisecondsSlow",25),
("MillisecondsFast",5);

CREATE TABLE IF NOT EXISTS Traders ( 
ID VARCHAR(30) NULL  );

INSERT INTO Traders VALUES 
("WoodTrader"),
("OreTrader"),
("AnimalTrader"),
("SeedTrader");

CREATE TABLE IF NOT EXISTS Traders_Items ( 
ParentID VARCHAR(30) NULL ,
Gender VARCHAR(30) NULL ,
Item VARCHAR(30) NULL ,
Material VARCHAR(30) NULL ,
Max_ DOUBLE NULL,
Min_ DOUBLE NULL,
Type_ VARCHAR(30) NULL ,
Value_ DOUBLE NULL );

INSERT INTO Traders_Items VALUES 
("WoodTrader","none","RawWood","Pine",100,0,"none",10),
("WoodTrader","none","RawWood","AppleWood",100,0,"none",10),
("WoodTrader","none","RawWood","OrangeWood",100,0,"none",10),
("WoodTrader","none","RawWood","Birch",100,0,"none",10),
("OreTrader","none","RawOre","Copper",50,0,"none",20),
("OreTrader","none","RawOre","Tin",59,0,"none",20),
("OreTrader","none","RawOre","Iron",20,0,"none",30),
("OreTrader","none","RawOre","Lead",20,0,"none",30),
("OreTrader","none","RawOre","Silver",10,0,"none",50),
("OreTrader","none","RawOre","Gold",10,0,"none",100),
("AnimalTrader","Male","Cow","none",2,0,"Animal",150),
("AnimalTrader","Female","Cow","none",2,0,"Animal",150),
("AnimalTrader","Male","Yak","none",2,0,"Animal",150),
("AnimalTrader","Female","Yak","none",2,0,"Animal",150),
("AnimalTrader","Male","Chicken","none",5,0,"Animal",150),
("AnimalTrader","Female","Chicken","none",5,0,"Animal",150),
("AnimalTrader","Male","Rabbit","none",2,0,"Animal",150),
("AnimalTrader","Female","Rabit","none",2,0,"Animal",150),
("SeedTrader","none","Seed","Strawberry",50,0,"none",20),
("SeedTrader","none","Seed","Carrot",50,0,"none",20),
("SeedTrader","none","Vegetable","Onion",50,0,"none",20),
("SeedTrader","none","Vegetable","Potato",50,0,"none",20),
("SeedTrader","none","Seed","Cabbage",50,0,"none",20),
("SeedTrader","none","Seed","Asparagus",50,0,"none",20),
("SeedTrader","none","Seed","Broccoli",50,0,"none",20),
("SeedTrader","none","Seed","Cauliflower",50,0,"none",20),
("SeedTrader","none","Seed","Cucumber",50,0,"none",20),
("SeedTrader","none","Seed","Garlic",50,0,"none",20),
("SeedTrader","none","Seed","Parsnip",50,0,"none",20),
("SeedTrader","none","Seed","Radish",50,0,"none",20),
("SeedTrader","none","Seed","Turnip",50,0,"none",20),
("SeedTrader","none","Seed","Lettuce",50,0,"none",20),
("SeedTrader","none","Seed","Melon",50,0,"none",20),
("SeedTrader","none","Seed","Sugarbeet",50,0,"none",20),
("SeedTrader","none","Seed","Pumpkin",50,0,"none",20),
("SeedTrader","none","Seed","Peas",50,0,"none",20),
("SeedTrader","none","Seed","BeetRoot",50,0,"none",20),
("SeedTrader","none","Seed","Wheat",50,0,"none",20),
("SeedTrader","none","Seed","Barley",50,0,"none",20),
("SeedTrader","none","Seed","Oat",50,0,"none",20),
("SeedTrader","none","Seed","Millet",50,0,"none",20),
("SeedTrader","none","Seed","Cotton",50,0,"none",20),
("SeedTrader","none","Seed","Tea",50,0,"none",20),
("SeedTrader","none","Seed","Tobacco",50,0,"none",20),
("SeedTrader","none","Seed","Pineapple",50,0,"none",20),
("SeedTrader","none","Seed","Corn",50,0,"none",20),
("SeedTrader","none","Seed","Leek",50,0,"none",20),
("SeedTrader","none","Seed","Beans",50,0,"none",20),
("SeedTrader","none","Seed","Blackberry",50,0,"none",20),
("SeedTrader","none","Seed","Bottlegourd",50,0,"none",20),
("SeedTrader","none","Seed","Artichoke",50,0,"none",20),
("SeedTrader","none","Seed","Grape",50,0,"none",20),
("SeedTrader","none","Seed","Tomato",50,0,"none",20),
("SeedTrader","none","Seed","Capsicum",50,0,"none",20),
("SeedTrader","none","Seed","Woad",50,0,"none",20),
("SeedTrader","none","Seed","DyersWeed",50,0,"none",20);

CREATE TABLE IF NOT EXISTS TreeLayouts ( 
ID VARCHAR(30) NULL  );

INSERT INTO TreeLayouts VALUES 
("PineTree"),
("AppleTree"),
("OrangeTree"),
("OakTree"),
("Mushroom1"),
("Mushroom2"),
("Mushroom3");

CREATE TABLE IF NOT EXISTS TreeLayouts_Layout ( 
ParentID VARCHAR(30) NULL ,
FruitPos BOOLEAN NULL,
Offset_ VARCHAR(11) NULL,
Rotation VARCHAR(30) NULL ,
SpriteID VARCHAR(30) NULL  );

INSERT INTO TreeLayouts_Layout VALUES 
("PineTree",false,"0 0 0","none","PineTrunk1"),
("PineTree",false,"0 0 1","none","PineTrunk2"),
("PineTree",false,"1 0 1","FR","PineTree1"),
("PineTree",false,"0 1 1","FL","PineTree1"),
("PineTree",false,"-1 0 1","BL","PineTree1"),
("PineTree",false,"0 -1 1","BR","PineTree1"),
("PineTree",false,"0 0 2","none","PineTrunk2"),
("PineTree",false,"1 0 2","FR","PineTree2"),
("PineTree",false,"0 1 2","FL","PineTree2"),
("PineTree",false,"-1 0 2","BL","PineTree2"),
("PineTree",false,"0 -1 2","BR","PineTree2"),
("PineTree",false,"0 0 3","none","PineTrunk2"),
("PineTree",false,"1 0 3","FR","PineTree3"),
("PineTree",false,"0 1 3","FL","PineTree3"),
("PineTree",false,"-1 0 3","BL","PineTree3"),
("PineTree",false,"0 -1 3","BR","PineTree3"),
("PineTree",false,"0 0 4","none","PineTop"),
("AppleTree",false,"0 0 0","none","AppleTreeTrunkBottom"),
("AppleTree",false,"0 0 1","none","AppleTreeTrunkMiddle"),
("AppleTree",false,"1 0 1","FR","AppleTreeBottom"),
("AppleTree",false,"0 1 1","FL","AppleTreeBottom"),
("AppleTree",false,"-1 0 1","BL","AppleTreeBottom"),
("AppleTree",false,"0 -1 1","BR","AppleTreeBottom"),
("AppleTree",false,"1 1 1","FR","AppleTreeBottomCorner"),
("AppleTree",false,"-1 1 1","FL","AppleTreeBottomCorner"),
("AppleTree",false,"-1 -1 1","BL","AppleTreeBottomCorner"),
("AppleTree",false,"1 -1 1","BR","AppleTreeBottomCorner"),
("AppleTree",true,"-1 -1 2","none","AppleTreeMiddle"),
("AppleTree",true,"-1 0 2","none","AppleTreeMiddle"),
("AppleTree",true,"-1 1 2","none","AppleTreeMiddle"),
("AppleTree",true,"0 -1 2","none","AppleTreeMiddle"),
("AppleTree",false,"0 0 2","none","AppleTreeTrunkMiddle"),
("AppleTree",true,"0 1 2","none","AppleTreeMiddle"),
("AppleTree",true,"1 -1 2","none","AppleTreeMiddle"),
("AppleTree",true,"1 0 2","none","AppleTreeMiddle"),
("AppleTree",true,"1 1 2","none","AppleTreeMiddle"),
("AppleTree",true,"1 0 3","FR","AppleTreeTop"),
("AppleTree",true,"0 1 3","FL","AppleTreeTop"),
("AppleTree",true,"-1 0 3","BL","AppleTreeTop"),
("AppleTree",true,"0 -1 3","BR","AppleTreeTop"),
("AppleTree",false,"0 0 3","none","AppleTreeMiddleTop"),
("AppleTree",true,"-1 1 3","FL","AppleTreeTopCorner"),
("AppleTree",true,"1 1 3","FR","AppleTreeTopCorner"),
("AppleTree",true,"-1 -1 3","BL","AppleTreeTopCorner"),
("AppleTree",true,"1 -1 3","BR","AppleTreeTopCorner"),
("OrangeTree",false,"0 0 0","none","OrangeTreeTrunkBottom"),
("OrangeTree",false,"0 0 1","none","OrangeTreeTrunkMiddle"),
("OrangeTree",false,"1 0 1","FR","OrangeTreeBottom"),
("OrangeTree",false,"0 1 1","FL","OrangeTreeBottom"),
("OrangeTree",false,"-1 0 1","BL","OrangeTreeBottom"),
("OrangeTree",false,"0 -1 1","BR","OrangeTreeBottom"),
("OrangeTree",false,"1 1 1","FR","OrangeTreeBottomCorner"),
("OrangeTree",false,"-1 1 1","FL","OrangeTreeBottomCorner"),
("OrangeTree",false,"-1 -1 1","BL","OrangeTreeBottomCorner"),
("OrangeTree",false,"1 -1 1","BR","OrangeTreeBottomCorner"),
("OrangeTree",true,"-1 -1 2","BL","OrangeTreeMiddleCorner"),
("OrangeTree",true,"-1 0 2","none","OrangeTreeMiddle"),
("OrangeTree",true,"-1 1 2","FL","OrangeTreeMiddleCorner"),
("OrangeTree",true,"0 -1 2","none","OrangeTreeMiddle"),
("OrangeTree",false,"0 0 2","none","OrangeTreeTrunkMiddle"),
("OrangeTree",true,"0 1 2","none","OrangeTreeMiddle"),
("OrangeTree",true,"1 -1 2","BR","OrangeTreeMiddleCorner"),
("OrangeTree",true,"1 0 2","none","OrangeTreeMiddle"),
("OrangeTree",true,"1 1 2","FR","OrangeTreeMiddleCorner"),
("OrangeTree",true,"1 0 3","FR","OrangeTreeTop"),
("OrangeTree",true,"0 1 3","FL","OrangeTreeTop"),
("OrangeTree",true,"-1 0 3","BL","OrangeTreeTop"),
("OrangeTree",true,"0 -1 3","BR","OrangeTreeTop"),
("OrangeTree",false,"0 0 3","none","OrangeTreeMiddleTop"),
("OrangeTree",true,"-1 1 3","FL","OrangeTreeTopCorner"),
("OrangeTree",true,"1 1 3","FR","OrangeTreeTopCorner"),
("OrangeTree",true,"-1 -1 3","BL","OrangeTreeTopCorner"),
("OrangeTree",true,"1 -1 3","BR","OrangeTreeTopCorner"),
("OakTree",false,"0 0 0","none","OakTree21"),
("OakTree",false,"0 0 1","none","OakTree22"),
("OakTree",false,"-1 1 1","none","OakTree1"),
("OakTree",false,"0 1 1","none","OakTree2"),
("OakTree",false,"1 1 1","none","OakTree3"),
("OakTree",false,"1 0 1","none","OakTree4"),
("OakTree",false,"1 -1 1","none","OakTree5"),
("OakTree",false,"-1 -1 1","none","OakTree6"),
("OakTree",false,"-1 0 1","none","OakTree6"),
("OakTree",false,"0 -1 1","none","OakTree6"),
("OakTree",false,"0 0 2","none","OakTree22"),
("OakTree",false,"-1 1 2","none","OakTree7"),
("OakTree",false,"0 1 2","none","OakTree8"),
("OakTree",false,"1 1 2","none","OakTree9"),
("OakTree",false,"1 0 2","none","OakTree10"),
("OakTree",false,"1 -1 2","none","OakTree11"),
("OakTree",false,"-1 -1 2","none","OakTree12"),
("OakTree",false,"-1 0 2","none","OakTree12"),
("OakTree",false,"0 -1 2","none","OakTree12"),
("OakTree",false,"-1 1 3","none","OakTree23"),
("OakTree",false,"0 1 3","none","OakTree24"),
("OakTree",false,"1 1 3","none","OakTree25"),
("OakTree",false,"1 0 3","none","OakTree26"),
("OakTree",false,"1 -1 3","none","OakTree27"),
("OakTree",false,"-1 0 3","none","OakTree28"),
("OakTree",false,"0 0 3","none","OakTree29"),
("OakTree",false,"0 -1 3","none","OakTree210"),
("OakTree",false,"-1 -1 3","none","OakTree211"),
("Mushroom1",false,"0 0 0","none","Mushroom1_1"),
("Mushroom1",false,"0 0 1","none","Mushroom1_2"),
("Mushroom1",false,"0 0 2","none","Mushroom1_3"),
("Mushroom1",false,"0 0 3","none","Mushroom1_4"),
("Mushroom2",false,"0 0 0","none","Mushroom2_14"),
("Mushroom2",false,"0 0 1","none","Mushroom2_22"),
("Mushroom2",false,"0 0 2","none","Mushroom2_28"),
("Mushroom2",false,"0 0 3","none","Mushroom2_16"),
("Mushroom2",false,"-1 1 3","none","Mushroom2_17"),
("Mushroom2",false,"0 1 3","none","Mushroom2_16"),
("Mushroom2",false,"1 1 3","none","Mushroom2_15"),
("Mushroom2",false,"1 0 3","none","Mushroom2_16"),
("Mushroom2",false,"1 -1 3","none","Mushroom2_18"),
("Mushroom2",false,"0 -1 3","none","Mushroom2_16"),
("Mushroom2",false,"-1 -1 3","none","Mushroom2_23"),
("Mushroom2",false,"-1 0 3","none","Mushroom2_16"),
("Mushroom2",false,"-1 2 3","none","Mushroom2_9"),
("Mushroom2",false,"0 2 3","none","Mushroom2_4"),
("Mushroom2",false,"1 2 3","none","Mushroom2_4"),
("Mushroom2",false,"2 2 3","none","Mushroom2_10"),
("Mushroom2",false,"2 1 3","none","Mushroom2_12"),
("Mushroom2",false,"2 0 3","none","Mushroom2_21"),
("Mushroom2",false,"2 -1 3","none","Mushroom2_11"),
("Mushroom2",false,"0 0 4","none","Mushroom2_19"),
("Mushroom2",false,"-1 0 4","none","Mushroom2_3"),
("Mushroom2",false,"0 -1 4","none","Mushroom2_5"),
("Mushroom2",false,"1 -1 4","none","Mushroom2_8"),
("Mushroom2",false,"1 0 4","none","Mushroom2_2"),
("Mushroom2",false,"1 1 4","none","Mushroom2_6"),
("Mushroom2",false,"0 1 4","none","Mushroom2_1"),
("Mushroom2",false,"-1 1 4","none","Mushroom2_7"),
("Mushroom3",false,"0 0 0","none","Mushroom2_14"),
("Mushroom3",false,"0 0 1","none","Mushroom2_22"),
("Mushroom3",false,"-1 1 2","none","Mushroom2_9_2"),
("Mushroom3",false,"0 1 2","none","Mushroom2_4_2"),
("Mushroom3",false,"1 0 2","none","Mushroom2_12_2"),
("Mushroom3",false,"1 1 2","none","Mushroom2_10_2"),
("Mushroom3",false,"1 -1 2","none","Mushroom2_11_2"),
("Mushroom3",false,"0 0 2","none","Mushroom2_16"),
("Mushroom3",false,"-1 0 2","none","Mushroom2_16"),
("Mushroom3",false,"0 -1 2","none","Mushroom2_16"),
("Mushroom3",false,"-1 -1 2","none","Mushroom2_23"),
("Mushroom3",false,"-1 0 3","none","Mushroom2_7_2"),
("Mushroom3",false,"0 -1 3","none","Mushroom2_8_2"),
("Mushroom3",false,"0 0 3","none","Mushroom2_6_2");

CREATE TABLE IF NOT EXISTS Words ( 
Word VARCHAR(30) NULL  );

INSERT INTO Words VALUES 
("ace"),
("act"),
("adventure"),
("age"),
("ageless"),
("ale"),
("alive"),
("apple"),
("ancient"),
("angel"),
("anger"),
("animal"),
("arm"),
("armor"),
("arrow"),
("artifact"),
("artificial"),
("ash"),
("aura"),
("axe"),
("baby"),
("back"),
("bad"),
("bake"),
("bald"),
("ball"),
("bane"),
("bar"),
("bare"),
("barb"),
("bastard"),
("bath"),
("battle"),
("beak"),
("beast"),
("bear_animal"),
("bear"),
("bed"),
("bee"),
("beer"),
("beetle"),
("beguil"),
("behead"),
("belch"),
("berry"),
("bewitch"),
("big"),
("bile"),
("bin"),
("bird"),
("bitch"),
("black"),
("blade"),
("blaze"),
("blind"),
("blister"),
("bloat"),
("blood"),
("bloody"),
("blossom"),
("blue"),
("boar"),
("boat"),
("bodice"),
("bog"),
("boil"),
("bold"),
("bolt"),
("bone"),
("book"),
("boot"),
("bother"),
("bow"),
("brain"),
("breach"),
("breeches"),
("bread"),
("break"),
("breakfast"),
("breath"),
("breed"),
("brew"),
("bride"),
("bridle"),
("bright"),
("bristle"),
("brilliant"),
("brim"),
("bring"),
("broil"),
("brother"),
("brunch"),
("buck"),
("buckle"),
("bud"),
("bunch"),
("burden"),
("burn"),
("bury"),
("bush"),
("bushel"),
("bust"),
("business"),
("busy"),
("bustle"),
("butcher"),
("butter"),
("butterfly"),
("button"),
("buzzard"),
("cackle"),
("cage"),
("cake"),
("call"),
("camp"),
("cancer"),
("candle"),
("candy"),
("canyon"),
("carnage"),
("casket"),
("castle"),
("cat"),
("cave"),
("cavort"),
("cell"),
("cellar"),
("chain"),
("chant"),
("chaos"),
("chamber"),
("char"),
("charm"),
("chew"),
("child"),
("chill"),
("chip"),
("choke"),
("choker"),
("chop"),
("chuck"),
("cinder"),
("clam"),
("clap"),
("clasp"),
("claw"),
("clear"),
("clearing"),
("cleave"),
("cling"),
("cloak"),
("clod"),
("cloister"),
("closet"),
("club"),
("cluster"),
("clutter"),
("cobra"),
("coil"),
("cold"),
("color"),
("comet"),
("common"),
("conquer"),
("cook"),
("cover"),
("cotton"),
("couple"),
("crab"),
("crawl"),
("craze"),
("crazy"),
("cream"),
("creek"),
("creep"),
("creepy"),
("crescent"),
("cross"),
("crow"),
("crown"),
("crotch"),
("crucify"),
("crumble"),
("crunch"),
("crush"),
("cry"),
("crypt"),
("crystal"),
("cuddle"),
("cudgel"),
("cup"),
("curse"),
("cut"),
("cyst"),
("dance"),
("dangle"),
("dank"),
("dagger"),
("dark"),
("date"),
("damage"),
("damn"),
("dawn"),
("day"),
("dead"),
("dear"),
("death"),
("decapitate"),
("decay"),
("deceive"),
("deep"),
("deer"),
("demon"),
("desecrate"),
("desert"),
("desert_verb"),
("dessert"),
("despair"),
("destroy"),
("destruction"),
("devil"),
("devour"),
("diamond"),
("dine"),
("dinner"),
("dirt"),
("disguise"),
("ditch"),
("dog"),
("domain"),
("domestic"),
("donkey"),
("doom"),
("door"),
("dragon"),
("drain"),
("dream"),
("dress"),
("drink"),
("drip"),
("drool"),
("drown"),
("dry"),
("dump"),
("dumpling"),
("dung"),
("dungeon"),
("dusk"),
("dust"),
("duty"),
("dye"),
("eagle"),
("ear"),
("earth"),
("east"),
("eat"),
("eel"),
("eerie"),
("egg"),
("elder"),
("engrave"),
("eternal"),
("entrance"),
("entrails"),
("entrench"),
("entwine"),
("everlasting"),
("evil"),
("execute"),
("eye"),
("face"),
("fall"),
("false"),
("famine"),
("fang"),
("fat"),
("fatal"),
("father"),
("fear"),
("feast"),
("fetid"),
("fiend"),
("fierce"),
("filth"),
("fin"),
("find"),
("finger"),
("fire"),
("first"),
("fish"),
("fist"),
("flame"),
("flank"),
("flea"),
("flee"),
("flesh"),
("fling"),
("flood"),
("flower"),
("flute"),
("fly"),
("focus"),
("fog"),
("fool"),
("foot"),
("forest"),
("fork"),
("fortify"),
("fortress"),
("found"),
("fragile"),
("fragment"),
("frame"),
("fray"),
("free"),
("frenzy"),
("freeze"),
("frill"),
("frog"),
("fruit"),
("fungus"),
("fur"),
("game"),
("garlic"),
("garnish"),
("gaunt"),
("gaze"),
("gear"),
("gerbil"),
("ghost"),
("ghoul"),
("gift"),
("gill"),
("gland"),
("glaze"),
("glide"),
("glimmer"),
("glisten"),
("gloss"),
("glove"),
("glutton"),
("goat"),
("god"),
("god-forsaken"),
("gold"),
("goose"),
("gore"),
("gorge"),
("grain"),
("grand"),
("grape"),
("grass"),
("grave"),
("grease"),
("great"),
("greed"),
("green"),
("griffon"),
("grill"),
("grim"),
("grind"),
("grip"),
("gristle"),
("grizzle"),
("grove"),
("grow"),
("growl"),
("grub"),
("guard"),
("guile"),
("guise"),
("gut"),
("hag"),
("haggle"),
("hair"),
("hammer"),
("hand"),
("hare"),
("harvest"),
("hatchet"),
("hate"),
("haunt"),
("hawk"),
("hay"),
("head"),
("heart"),
("heartless"),
("heartful"),
("hearth"),
("hedge"),
("hell"),
("helm"),
("hero"),
("hex"),
("hide"),
("hideous"),
("high"),
("hill"),
("hip"),
("hobble"),
("hog"),
("hoist"),
("hole"),
("holy"),
("home"),
("honey"),
("hood"),
("hoof"),
("hop"),
("horn"),
("horny"),
("horse"),
("hound"),
("howl"),
("hug"),
("hum"),
("hunger"),
("hungry"),
("hustle"),
("ice"),
("idle"),
("idol"),
("idolize"),
("ill"),
("imprison"),
("impure"),
("incense"),
("incest"),
("inch"),
("ink"),
("inkling"),
("inn"),
("insane"),
("invisible"),
("iron"),
("irony"),
("itch"),
("ivory"),
("ivy"),
("jackal"),
("jaw"),
("jest"),
("joke"),
("judge"),
("juggle"),
("juice"),
("jump"),
("jungle"),
("just"),
("justify"),
("keep"),
("keg"),
("key"),
("kick"),
("kill"),
("kind"),
("kiss"),
("king"),
("kingdom"),
("knead"),
("knife"),
("knight"),
("knit"),
("knot"),
("lace"),
("lake"),
("lard"),
("larva"),
("last"),
("law"),
("lazy"),
("lead"),
("lead_metal"),
("leaf"),
("leak"),
("lean"),
("leech"),
("legend"),
("lens"),
("leopard"),
("leper"),
("leprosy"),
("letter"),
("lie"),
("light"),
("lightning"),
("life"),
("limb"),
("lip"),
("listen"),
("liver"),
("lizard"),
("loan"),
("lobster"),
("lock"),
("lone"),
("long"),
("loot"),
("lord"),
("lose"),
("louse"),
("love"),
("low"),
("lunch"),
("lung"),
("lurch"),
("lurk"),
("lush"),
("lust"),
("lute"),
("lyric"),
("maggot"),
("magic"),
("man"),
("mangle"),
("mangy"),
("marsh"),
("martyr"),
("master"),
("mead"),
("meadow"),
("meal"),
("meat"),
("meditation"),
("mellow"),
("menace"),
("mess"),
("metal"),
("midnight"),
("might"),
("mile"),
("mince"),
("mind"),
("mine"),
("minion"),
("mirror"),
("misery"),
("mist"),
("mold"),
("mole"),
("molten"),
("monkey"),
("moon"),
("moth"),
("mother"),
("mouse"),
("mouth"),
("mud"),
("muffin"),
("mule"),
("murder"),
("mush"),
("mushroom"),
("music"),
("mystery"),
("myth"),
("nail"),
("nasty"),
("nature"),
("negate"),
("nest"),
("nestle"),
("net"),
("new"),
("newt"),
("nibble"),
("night"),
("nightmare"),
("noble"),
("north"),
("nose"),
("null"),
("number"),
("nurture"),
("nut"),
("oak"),
("oar"),
("oat"),
("oblivion"),
("ocean"),
("old"),
("omen"),
("one"),
("onion"),
("ooze"),
("open"),
("orb"),
("owl"),
("ox"),
("pack"),
("pad"),
("page"),
("pain"),
("paint"),
("pale"),
("palm"),
("pander"),
("pant"),
("panther"),
("pants"),
("paper"),
("peace"),
("peach"),
("pepper"),
("pig"),
("piss"),
("pit"),
("pitch"),
("plague"),
("plant"),
("plot"),
("pocket"),
("poison"),
("portal"),
("power"),
("prank"),
("pride"),
("priest"),
("prime"),
("prison"),
("primitive"),
("profane"),
("profit"),
("prophecy"),
("prowl"),
("puke"),
("pull"),
("pulley"),
("pulp"),
("punch"),
("purple"),
("pus"),
("push"),
("putrid"),
("quack"),
("quake"),
("quark"),
("queen"),
("quick"),
("quill"),
("quirk"),
("rabbit"),
("rabble"),
("race"),
("rack"),
("rag"),
("rage"),
("rain"),
("rake"),
("ram"),
("rampage"),
("random"),
("ransack"),
("rat"),
("ravage"),
("raven"),
("raw"),
("razor"),
("red"),
("regal"),
("reign"),
("rein"),
("rider"),
("rim"),
("ring"),
("rip"),
("ripe"),
("rise"),
("rite"),
("river"),
("rock"),
("rogue"),
("romance"),
("room"),
("root"),
("rose"),
("rot"),
("rough"),
("royal"),
("ruin"),
("rule"),
("rumor"),
("rust"),
("sabre"),
("sack"),
("saint"),
("salt"),
("salve"),
("sap"),
("satin"),
("savage"),
("savagery"),
("savior"),
("saw"),
("scab"),
("scald"),
("scar"),
("scold"),
("scorpion"),
("scourge"),
("scream"),
("scum"),
("sea"),
("seal"),
("seam"),
("season"),
("secret"),
("seduce"),
("seed"),
("see"),
("seize"),
("serpent"),
("servant"),
("serve"),
("sever"),
("sewer"),
("shadow"),
("shaft"),
("shank"),
("shark"),
("shear"),
("sheen"),
("shell"),
("shelter"),
("shield"),
("shimmer"),
("ship"),
("shoot"),
("show"),
("shower"),
("shred"),
("shriek"),
("shut"),
("sick"),
("sickness"),
("siege"),
("silence"),
("silk"),
("silky"),
("silt"),
("silver"),
("sin"),
("sinew"),
("sing"),
("sister"),
("skirt"),
("skull"),
("skulk"),
("skunk"),
("sky"),
("slaughter"),
("slave"),
("slay"),
("slim"),
("slime"),
("slink"),
("slit"),
("slither"),
("sliver"),
("sloth"),
("slug"),
("smash"),
("smile"),
("smith"),
("smoke"),
("smooth"),
("smoulder"),
("snack"),
("snake"),
("sneer"),
("snicker"),
("snot"),
("snuggle"),
("soil"),
("soldier"),
("soot"),
("soothe"),
("sorrow"),
("soul"),
("sound"),
("south"),
("spasm"),
("spawn"),
("spear"),
("spell"),
("spew"),
("spice"),
("spider"),
("spike"),
("spin"),
("spine"),
("spirit"),
("spit"),
("spoil"),
("spoon"),
("spring"),
("spy"),
("squid"),
("squirm"),
("stab"),
("staff"),
("stalk"),
("stand"),
("star"),
("steed"),
("starve"),
("steal"),
("steel"),
("stench"),
("stern"),
("stick"),
("sticky"),
("stone"),
("storm"),
("strange"),
("stranger"),
("strap"),
("straw"),
("stray"),
("strength"),
("stretch"),
("strike"),
("stroke"),
("stunt"),
("stupid"),
("stutter"),
("style"),
("subordinate"),
("suck"),
("suffer"),
("sullen"),
("summer"),
("sunder"),
("supper"),
("surprise"),
("swamp"),
("sweat"),
("sweet"),
("sweetness"),
("swift"),
("swim"),
("swine"),
("sword"),
("syrup"),
("take"),
("tail"),
("talon"),
("tar"),
("tarnish"),
("tell"),
("tempest"),
("tear"),
("terrible"),
("terror"),
("terrorize"),
("thief"),
("thirst"),
("thorn"),
("thrall"),
("throat"),
("throne"),
("throw"),
("thunder"),
("tick"),
("tight"),
("time"),
("toad"),
("toe"),
("tomb"),
("tome"),
("tongue"),
("tooth"),
("torment"),
("touch"),
("tour"),
("tower"),
("trail"),
("trance"),
("trap"),
("trash"),
("treasure"),
("treat"),
("treaty"),
("trench"),
("tribe"),
("trick"),
("trickery"),
("trim"),
("trouble"),
("tug"),
("tulip"),
("tumble"),
("tumor"),
("turmoil"),
("tusk"),
("tweet"),
("twilight"),
("twine"),
("twist"),
("ugly"),
("ultimate"),
("uncle"),
("unholy"),
("unkempt"),
("unseen"),
("urn"),
("useless"),
("vandal"),
("vegetable"),
("vegetation"),
("velvet"),
("venom"),
("vermin"),
("vile"),
("violate"),
("violence"),
("violet"),
("viper"),
("voice"),
("void"),
("volcano"),
("vomit"),
("vulture"),
("wail"),
("wander"),
("war"),
("warrior"),
("wasp"),
("waste"),
("watch"),
("watchful"),
("wave"),
("wear"),
("weasel"),
("weave"),
("weed"),
("weigh"),
("weird"),
("west"),
("wheat"),
("wheel"),
("whip"),
("whisk"),
("whisker"),
("whisky"),
("whisper"),
("white"),
("wicked"),
("wild"),
("wilderness"),
("will"),
("wing"),
("winter"),
("wisp"),
("witch"),
("wonder"),
("wood"),
("work"),
("worm"),
("wraith"),
("wrath"),
("wretch"),
("yarn"),
("year"),
("yellow"),
("young"),
("youth"),
("zeal"),
("zealot"),
("zephyr");

CREATE TABLE IF NOT EXISTS Words_Noun ( 
ParentID VARCHAR(30) NULL ,
Plural VARCHAR(30) NULL ,
Singular VARCHAR(30) NULL  );

INSERT INTO Words_Noun VALUES 
("none","aces","ace"),
("none","acts","act"),
("none","adventures","adventure"),
("none","ages","age"),
("none","ales","ale"),
("none","apples","apple"),
("none","ancients","ancient"),
("none","angels","angel"),
("none","angers","anger"),
("none","animals","animal"),
("none","arms","arm"),
("none","armors","armor"),
("none","arrows","arrow"),
("none","artifacts","artifact"),
("none","ashes","ash"),
("none","auras","aura"),
("none","axes","axe"),
("none","babies","baby"),
("none","backs","back"),
("none","bakers","baker"),
("none","baldnesses","baldness"),
("none","balls","ball"),
("none","banes","bane"),
("none","bars","bar"),
("none","barbs","barb"),
("none","bastards","bastard"),
("none","baths","bath"),
("none","battles","battle"),
("none","beaks","beak"),
("none","beasts","beast"),
("none","bears","bear"),
("none","beds","bed"),
("none","bee","bee"),
("none","beers","beer"),
("none","beetles","beetle"),
("none","beguilers","beguiler"),
("none","beheadings","beheading"),
("none","belches","belch"),
("none","berries","berry"),
("none","biles","bile"),
("none","bins","bin"),
("none","birds","bird"),
("none","bitches","bitch"),
("none","blacknessess","blackness"),
("none","blades","blade"),
("none","blazes","blaze"),
("none","blindnesses","blindness"),
("none","blisters","blister"),
("none","bloats","bloat"),
("none","blood","blood"),
("none","bloodinesses","bloodiness"),
("none","blossoms","blossom"),
("none","boars","boar"),
("none","boats","boat"),
("none","bodices","bodice"),
("none","bogs","bog"),
("none","boils","boil"),
("none","boldnesses","boldness"),
("none","bolts","bolt"),
("none","bones","bone"),
("none","books","book"),
("none","boots","boot"),
("none","bows","bow"),
("none","brains","brain"),
("none","breaches","breach"),
("none","breeches","breeches"),
("none","breads","bread"),
("none","breaks","break"),
("none","breakfasts","breakfast"),
("none","breaths","breath"),
("none","breeds","breed"),
("none","brews","brew"),
("none","brides","bride"),
("none","bridles","bridle"),
("none","brightnesses","brightness"),
("none","bristles","bristle"),
("none","brilliances","brilliance"),
("none","brims","brim"),
("none","brothers","brother"),
("none","brunches","brunch"),
("none","bucks","buck"),
("none","buckles","buckle"),
("none","buds","bud"),
("none","bunches","bunch"),
("none","burdens","burden"),
("none","burns","burn"),
("none","burials","burial"),
("none","bushes","bush"),
("none","bushels","bushel"),
("none","busts","bust"),
("none","businesses","business"),
("none","busynesses","busyness"),
("none","butters","butter"),
("none","butterflies","butterfly"),
("none","buttons","button"),
("none","buzzards","buzzard"),
("none","cackles","cackle"),
("none","cages","cage"),
("none","cakes","cake"),
("none","calls","call"),
("none","camps","camp"),
("none","cancers","cancer"),
("none","candles","candle"),
("none","candies","candy"),
("none","canyons","canyon"),
("none","carnages","carnage"),
("none","caskets","casket"),
("none","castles","castle"),
("none","cats","cat"),
("none","caves","cave"),
("none","cells","cell"),
("none","cellars","cellar"),
("none","chains","chain"),
("none","chants","chant"),
("none","chaoses","chaos"),
("none","chambers","chamber"),
("none","children","child"),
("none","chills","chill"),
("none","chips","chip"),
("none","chokers","choker"),
("none","cinders","cinder"),
("none","clams","clam"),
("none","clasps","clasp"),
("none","claws","claw"),
("none","clears","clear"),
("none","clearings","clearing"),
("none","clefts","cleft"),
("none","cloaks","cloak"),
("none","clods","clod"),
("none","cloisters","cloister"),
("none","closets","closet"),
("none","clubs","club"),
("none","clusters","cluster"),
("none","clutter","clutter"),
("none","cobras","cobra"),
("none","coils","coil"),
("none","coldnesses","coldness"),
("none","colors","color"),
("none","comets","comet"),
("none","cooks","cook"),
("none","covers","cover"),
("none","cottons","cotton"),
("none","couples","couple"),
("none","crabs","crab"),
("none","jumps","jump"),
("none","crazes","craze"),
("none","crazinesses","craziness"),
("none","creams","cream"),
("none","creeks","creek"),
("none","creeps","creep"),
("none","creepinesses","creepiness"),
("none","crescents","crescent"),
("none","crosses","cross"),
("none","crows","crow"),
("none","crowns","crown"),
("none","crotches","crotch"),
("none","crucifixions","crucifixion"),
("none","crypts","crypt"),
("none","crystals","crystal"),
("none","cudgels","cudgel"),
("none","cups","cup"),
("none","curses","curse"),
("none","cuts","cut"),
("none","cysts","cyst"),
("none","dances","dance"),
("none","danknesses","dankness"),
("none","daggers","dagger"),
("none","darknesses","darkness"),
("none","dates","date"),
("none","damages","damage"),
("none","dawns","dawn"),
("none","days","day"),
("none","dead","dead"),
("none","deaths","death"),
("none","decays","decay"),
("none","depths","deep"),
("none","deer","deer"),
("none","demons","demon"),
("none","desecration","desecration"),
("none","deserts","desert"),
("none","desertednesses","desertedness"),
("none","desserts","dessert"),
("none","despairs","despair"),
("none","destructions","destruction"),
("none","devils","devil"),
("none","diamonds","diamond"),
("none","dinners","dinner"),
("none","dirts","dirt"),
("none","disguises","disguise"),
("none","ditches","ditch"),
("none","dogs","dog"),
("none","domains","domain"),
("none","domesciles","domescile"),
("none","donkeys","donkey"),
("none","dooms","doom"),
("none","doors","door"),
("none","dragons","dragon"),
("none","drains","drain"),
("none","dreams","dream"),
("none","dresses","dress"),
("none","drinks","drink"),
("none","drips","drip"),
("none","drools","drool"),
("none","dumps","dump"),
("none","dumplings","dumpling"),
("none","dungs","dung"),
("none","dungeons","dungeon"),
("none","dusks","dusk"),
("none","dusts","dust"),
("none","duties","duty"),
("none","dyes","dye"),
("none","eagles","eagle"),
("none","ears","ear"),
("none","earths","earth"),
("none","eels","eel"),
("none","eerienesses","eerieness"),
("none","eggs","egg"),
("none","elders","elder"),
("none","entrances","entrance"),
("none","entrails","entrails"),
("none","entwinements","entwinement"),
("none","evils","evil"),
("none","executions","execution"),
("none","eyes","eye"),
("none","faces","face"),
("none","falls","fall"),
("none","falsehoods","falsehood"),
("none","famines","famine"),
("none","fangs","fang"),
("none","fats","fat"),
("none","fatalities","fatality"),
("none","fathers","father"),
("none","fear","fear"),
("none","feasts","feast"),
("none","fiends","fiend"),
("none","fiercenesses","fierceness"),
("none","filths","filth"),
("none","fins","fin"),
("none","fingers","finger"),
("none","fires","fire"),
("none","fish","fish"),
("none","fists","fist"),
("none","flames","flame"),
("none","flanks","flank"),
("none","fleas","flea"),
("none","fleshes","flesh"),
("none","floods","flood"),
("none","flowers","flower"),
("none","flutes","flute"),
("none","flies","fly"),
("none","focuses","focus"),
("none","fogs","fog"),
("none","fools","fool"),
("none","feet","foot"),
("none","forests","forest"),
("none","fork","fork"),
("none","fortifications","fortification"),
("none","fortresses","fortress"),
("none","foundations","foundation"),
("none","fragments","fragment"),
("none","frames","frame"),
("none","freedoms","freedom"),
("none","frenzies","frenzy"),
("none","frills","frill"),
("none","frogs","frog"),
("none","fruits","fruit"),
("none","fungi","fungus"),
("none","furs","fur"),
("none","games","game"),
("none","garlics","garlic"),
("none","garnishes","garnish"),
("none","gazes","gaze"),
("none","gears","gear"),
("none","gerbils","gerbil"),
("none","ghosts","ghost"),
("none","ghouls","ghoul"),
("none","gifts","gift"),
("none","gills","gill"),
("none","glands","gland"),
("none","glazes","glaze"),
("none","glimmers","glimmer"),
("none","glosses","gloss"),
("none","gloves","glove"),
("none","gluttons","glutton"),
("none","goats","goat"),
("none","gods","god"),
("none","gold","gold"),
("none","geese","goose"),
("none","gore","gore"),
("none","gorges","gorge"),
("none","grains","grain"),
("none","grandeurs","grandeur"),
("none","grapes","grape"),
("none","grasses","grass"),
("none","graves","grave"),
("none","greases","grease"),
("none","greatnesses","greatness"),
("none","greed","greed"),
("none","griffons","griffon"),
("none","grips","grip"),
("none","gristles","gristle"),
("none","grizzles","grizzle"),
("none","groves","grove"),
("none","growths","growth"),
("none","growls","growl"),
("none","grubs","grub"),
("none","guards","guard"),
("none","guiles","guile"),
("none","guises","guise"),
("none","guts","gut"),
("none","hags","hag"),
("none","hairs","hair"),
("none","hammers","hammer"),
("none","hands","hand"),
("none","hares","hare"),
("none","harvests","harvest"),
("none","hatchets","hatchet"),
("none","hates","hate"),
("none","haunts","haunt"),
("none","hawks","hawk"),
("none","hays","hay"),
("none","heads","head"),
("none","hearts","heart"),
("none","heartlessnesses","heartlessness"),
("none","heartfulnesses","heartfulness"),
("none","hearths","hearth"),
("none","hedges","hedge"),
("none","hells","hell"),
("none","helms","helm"),
("none","heroes","hero"),
("none","hexes","hex"),
("none","hides","hide"),
("none","hideousnesses","hideousness"),
("none","highnesses","highness"),
("none","hills","hill"),
("none","hips","hip"),
("none","hogs","hog"),
("none","holes","hole"),
("none","holinesses","holiness"),
("none","homes","home"),
("none","honeys","honey"),
("none","hoods","hood"),
("none","hooves","hoof"),
("none","hops","hop"),
("none","horns","horn"),
("none","horses","horse"),
("none","hounds","hound"),
("none","howls","howl"),
("none","hugs","hug"),
("none","hungers","hunger"),
("none","hungrinesses","hungriness"),
("none","ices","ice"),
("none","idlenessess","idleness"),
("none","idols","idol"),
("none","idoltries","idoltry"),
("none","illnesses","illness"),
("none","impurities","impurity"),
("none","incenses","incense"),
("none","incests","incest"),
("none","inches","inch"),
("none","inks","ink"),
("none","inklings","inkling"),
("none","inns","inn"),
("none","insanities","insanity"),
("none","invisibilities","invisibility"),
("none","irons","iron"),
("none","ironies","irony"),
("none","itches","itch"),
("none","ivory","ivory"),
("none","ivy","ivy"),
("none","jackals","jackal"),
("none","jaws","jaw"),
("none","jests","jest"),
("none","jokes","joke"),
("none","judges","judge"),
("none","juices","juice"),
("none","jungles","jungle"),
("none","justices","justice"),
("none","keeps","keep"),
("none","kegs","keg"),
("none","keys","key"),
("none","kicks","kick"),
("none","kills","kill"),
("none","kindnesses","kindness"),
("none","kisses","kiss"),
("none","kings","king"),
("none","kingdoms","kingdom"),
("none","knives","knife"),
("none","knights","knight"),
("none","knots","knot"),
("none","laces","lace"),
("none","lakes","lake"),
("none","lards","lard"),
("none","larvae","larva"),
("none","laws","law"),
("none","lazinesses","laziness"),
("none","lead","lead"),
("none","leaves","leaf"),
("none","leak","leak"),
("none","leeches","leech"),
("none","legends","legend"),
("none","lenses","lens"),
("none","leopards","leopard"),
("none","leper","leper"),
("none","leprosies","leprosy"),
("none","letters","letter"),
("none","lies","lie"),
("none","lights","light"),
("none","lightnings","lightning"),
("none","lives","life"),
("none","limbs","limb"),
("none","lips","lip"),
("none","livers","liver"),
("none","lizards","lizard"),
("none","loans","loan"),
("none","lobsters","lobster"),
("none","locks","lock"),
("none","lengths","length"),
("none","loots","loot"),
("none","lords","lord"),
("none","lice","louse"),
("none","loves","love"),
("none","lownesses","lowness"),
("none","lunches","lunch"),
("none","lungs","lung"),
("none","lushnesses","lushness"),
("none","lusts","lust"),
("none","lutes","lute"),
("none","lyrics","lyric"),
("none","maggots","maggot"),
("none","magics","magic"),
("none","men","man"),
("none","marshes","marsh"),
("none","martyrs","martyr"),
("none","masters","master"),
("none","meads","mead"),
("none","meadows","meadow"),
("none","meals","meal"),
("none","meats","meat"),
("none","meditations","meditation"),
("none","menaces","menace"),
("none","messes","mess"),
("none","metals","metal"),
("none","midnights","midnight"),
("none","mights","might"),
("none","miles","mile"),
("none","minds","mind"),
("none","mine","mine"),
("none","minions","minion"),
("none","mirror","mirror"),
("none","miseries","misery"),
("none","mists","mist"),
("none","molds","mold"),
("none","moles","mole"),
("none","monkeys","monkey"),
("none","moons","moon"),
("none","moths","moth"),
("none","mothers","mother"),
("none","mice","mouse"),
("none","mouths","mouth"),
("none","muds","mud"),
("none","muffins","muffin"),
("none","mules","mule"),
("none","murders","murder"),
("none","mushes","mush"),
("none","mushrooms","mushroom"),
("none","musics","music"),
("none","mysteries","mystery"),
("none","myths","myth"),
("none","nails","nail"),
("none","natures","nature"),
("none","nests","nest"),
("none","nets","net"),
("none","newts","newt"),
("none","nights","night"),
("none","nightmares","nightmare"),
("none","nobles","noble"),
("none","noses","nose"),
("none","numbers","number"),
("none","nuts","nut"),
("none","oaks","oak"),
("none","oars","oar"),
("none","oats","oat"),
("none","oblivions","oblivion"),
("none","oceans","ocean"),
("none","omens","omen"),
("none","ones","one"),
("none","onions","onion"),
("none","oozes","ooze"),
("none","orbs","orb"),
("none","owls","owl"),
("none","oxen","ox"),
("none","packs","pack"),
("none","pads","pad"),
("none","pages","page"),
("none","pains","pain"),
("none","paints","paint"),
("none","palenesses","paleness"),
("none","palms","palm"),
("none","panthers","panther"),
("none","pants","pants"),
("none","papers","paper"),
("none","peaces","peace"),
("none","peaches","peach"),
("none","peppers","pepper"),
("none","pigs","pig"),
("none","pisses","piss"),
("none","pits","pit"),
("none","pitches","pitch"),
("none","plagues","plague"),
("none","plants","plant"),
("none","plots","plot"),
("none","pockets","pocket"),
("none","poisons","poison"),
("none","portals","portal"),
("none","powers","power"),
("none","pranks","prank"),
("none","prides","pride"),
("none","priests","priest"),
("none","prime","prime"),
("none","prisons","prison"),
("none","profanities","profanity"),
("none","profits","profit"),
("none","prophecies","prophecy"),
("none","pukes","puke"),
("none","pulls","pull"),
("none","pulleys","pulley"),
("none","pulps","pulp"),
("none","pusses","pus"),
("none","pushes","push"),
("none","putrescences","putrescence"),
("none","quacks","quack"),
("none","quakes","quake"),
("none","quarks","quark"),
("none","queens","queen"),
("none","quicknesses","quickness"),
("none","quills","quill"),
("none","rabbits","rabbit"),
("none","rabbles","rabble"),
("none","races","race"),
("none","racks","rack"),
("none","rags","rag"),
("none","rages","rage"),
("none","rains","rain"),
("none","rakes","rake"),
("none","rams","ram"),
("none","rampages","rampage"),
("none","rats","rat"),
("none","raven","raven"),
("none","rawnesses","rawness"),
("none","razors","razor"),
("none","rednesses","redness"),
("none","reigns","reign"),
("none","reins","rein"),
("none","riders","rider"),
("none","rims","rim"),
("none","rings","ring"),
("none","rips","rip"),
("none","ripenesses","ripeness"),
("none","rites","rite"),
("none","rivers","river"),
("none","rocks","rock"),
("none","rogues","rogue"),
("none","romances","romance"),
("none","rooms","room"),
("none","roots","root"),
("none","roses","rose"),
("none","rots","rot"),
("none","roughnesses","roughness"),
("none","royalties","royalty"),
("none","ruins","ruin"),
("none","rumors","rumor"),
("none","rusts","rust"),
("none","sabres","sabre"),
("none","sacks","sack"),
("none","saints","saint"),
("none","salts","salt"),
("none","salves","salve"),
("none","saps","sap"),
("none","satins","satin"),
("none","savages","savage"),
("none","savageries","savagery"),
("none","saviors","savior"),
("none","saws","saw"),
("none","scabs","scab"),
("none","scalds","scald"),
("none","scars","scar"),
("none","scorpions","scorpion"),
("none","scourges","scourge"),
("none","screams","scream"),
("none","scums","scum"),
("none","seas","sea"),
("none","seals","seal"),
("none","seams","seam"),
("none","seasons","season"),
("none","secrets","secret"),
("none","seductions","seduction"),
("none","seeds","seed"),
("none","seizures","seizure"),
("none","serpents","serpent"),
("none","servants","servant"),
("none","sewers","sewer"),
("none","shadows","shadow"),
("none","shafts","shaft"),
("none","shanks","shank"),
("none","sharks","shark"),
("none","sheens","sheen"),
("none","shells","shell"),
("none","shelters","shelter"),
("none","shields","shield"),
("none","shimmers","shimmer"),
("none","ships","ship"),
("none","shows","show"),
("none","showers","shower"),
("none","shreds","shred"),
("none","shrieks","shriek"),
("none","sick","sick"),
("none","sicknessess","sickness"),
("none","sieges","siege"),
("none","silences","silence"),
("none","silks","silk"),
("none","silkinesses","silkiness"),
("none","silt","silt"),
("none","silvers","silver"),
("none","sins","sin"),
("none","sinews","sinew"),
("none","songs","song"),
("none","sisters","sister"),
("none","skirts","skirt"),
("none","skulls","skull"),
("none","skulks","skulk"),
("none","skunks","skunk"),
("none","skies","sky"),
("none","slaughters","slaughter"),
("none","slaves","slave"),
("none","slain","slain"),
("none","slimes","slime"),
("none","slits","slit"),
("none","slivers","sliver"),
("none","sloths","sloth"),
("none","slugs","slug"),
("none","smashes","smash"),
("none","smiles","smile"),
("none","smiths","smith"),
("none","smokes","smoke"),
("none","smoothnesses","smoothness"),
("none","snacks","snack"),
("none","snakes","snake"),
("none","sneers","sneer"),
("none","snots","snot"),
("none","soils","soil"),
("none","soldiers","soldier"),
("none","soots","soot"),
("none","sorrow","sorrow"),
("none","souls","soul"),
("none","sound","sound"),
("none","spasms","spasm"),
("none","spawns","spawn"),
("none","spears","spear"),
("none","spells","spell"),
("none","spews","spew"),
("none","spices","spice"),
("none","spiders","spider"),
("none","spikes","spike"),
("none","spines","spine"),
("none","spirits","spirit"),
("none","spits","spit"),
("none","spoils","spoil"),
("none","spoons","spoon"),
("none","springs","spring"),
("none","spies","spy"),
("none","squids","squid"),
("none","staves","staff"),
("none","stands","stand"),
("none","stars","star"),
("none","steeds","steed"),
("none","starvations","starvation"),
("none","steels","steel"),
("none","stenches","stench"),
("none","sticks","stick"),
("none","stone","stone"),
("none","storms","storm"),
("none","strangenesses","strangeness"),
("none","strangers","stranger"),
("none","straps","strap"),
("none","straws","straw"),
("none","strays","stray"),
("none","strengths","strength"),
("none","stretches","stretch"),
("none","strikes","strike"),
("none","strokes","stroke"),
("none","stunts","stunt"),
("none","stupidities","stupidity"),
("none","styles","style"),
("none","subordinate","subordinate"),
("none","sufferings","suffering"),
("none","summers","summer"),
("none","suppers","supper"),
("none","surprises","surprise"),
("none","swamps","swamp"),
("none","sweats","sweat"),
("none","sweets","sweet"),
("none","sweetnesses","sweetness"),
("none","swiftnesses","swiftness"),
("none","swines","swine"),
("none","swords","sword"),
("none","syrups","syrup"),
("none","tails","tail"),
("none","talons","talon"),
("none","tars","tar"),
("none","tarnish","tarnish"),
("none","tempests","tempest"),
("none","tears","tear"),
("none","terrors","terror"),
("none","thieves","thief"),
("none","thirsts","thirst"),
("none","thorns","thorn"),
("none","thralls","thrall"),
("none","throats","throat"),
("none","thrones","throne"),
("none","thunders","thunder"),
("none","ticks","tick"),
("none","tightnesses","tightness"),
("none","time","time"),
("none","toads","toad"),
("none","toes","toe"),
("none","tombs","tomb"),
("none","tomes","tome"),
("none","tongues","tongue"),
("none","teeth","tooth"),
("none","torments","torment"),
("none","touches","touch"),
("none","tours","tour"),
("none","towers","tower"),
("none","trails","trail"),
("none","trances","trance"),
("none","traps","trap"),
("none","trashes","trash"),
("none","treasures","treasure"),
("none","treats","treat"),
("none","treaties","treaty"),
("none","trenches","trench"),
("none","tribes","tribe"),
("none","tricks","trick"),
("none","trickeries","trickery"),
("none","trims","trim"),
("none","troubles","trouble"),
("none","tulips","tulip"),
("none","tumors","tumor"),
("none","turmoils","turmoil"),
("none","tusks","tusk"),
("none","twilights","twilight"),
("none","twines","twine"),
("none","twists","twist"),
("none","uglinesses","ugliness"),
("none","uncles","uncle"),
("none","urns","urn"),
("none","vandal","vandal"),
("none","vegetables","vegetable"),
("none","vegetations","vegetation"),
("none","velvets","velvet"),
("none","venoms","venom"),
("none","vermins","vermin"),
("none","vilenesses","vileness"),
("none","violences","violence"),
("none","vipers","viper"),
("none","voices","voice"),
("none","voids","void"),
("none","volcanoes","volcano"),
("none","vomits","vomit"),
("none","vultures","vulture"),
("none","wails","wail"),
("none","wars","war"),
("none","warriors","warrior"),
("none","wasps","wasp"),
("none","wastes","waste"),
("none","watches","watch"),
("none","watchfulnesses","watchfulness"),
("none","waves","wave"),
("none","weasels","weasel"),
("none","weaves","weave"),
("none","weeds","weed"),
("none","weights","weight"),
("none","wheats","wheat"),
("none","wheels","wheel"),
("none","whips","whip"),
("none","whiskers","whisker"),
("none","whiskies","whisky"),
("none","whispers","whisper"),
("none","wickednesses","wickedness"),
("none","wildnesses","wildness"),
("none","wildernesses","wilderness"),
("none","wills","will"),
("none","wings","wing"),
("none","winters","winter"),
("none","wisps","wisp"),
("none","witches","witch"),
("none","wonders","wonder"),
("none","woods","wood"),
("none","works","work"),
("none","worms","worm"),
("none","wraiths","wraith"),
("none","wraths","wrath"),
("none","wretches","wretch"),
("none","yarns","yarn"),
("none","years","year"),
("none","youths","youth"),
("none","zeals","zeal"),
("none","zealots","zealot"),
("none","zephyrs","zephyr");

CREATE TABLE IF NOT EXISTS Words_Adjective ( 
ParentID VARCHAR(30) NULL ,
Adjective VARCHAR(30) NULL  );

INSERT INTO Words_Adjective VALUES 
("none","ace"),
("none","aging"),
("none","ageless"),
("none","alive"),
("none","ancient"),
("none","angelic"),
("none","angery"),
("none","animalistic"),
("none","armored"),
("none","artificial"),
("none","ashen"),
("none","bad"),
("none","bald"),
("none","barbed"),
("none","beastly"),
("none","beguiling"),
("none","big"),
("none","bitchy"),
("none","black"),
("none","blazing"),
("none","blind"),
("none","blistering"),
("none","bloated"),
("none","bleeding"),
("none","bloody"),
("none","blossoming"),
("none","blue"),
("none","boiling"),
("none","bold"),
("none","bolted"),
("none","boned"),
("none","bothering"),
("none","broken"),
("none","bridled"),
("none","bright"),
("none","bristled"),
("none","brilliant"),
("none","broiled"),
("none","buckled"),
("none","bunched"),
("none","burdened"),
("none","burned"),
("none","buried"),
("none","busheled"),
("none","busted"),
("none","busy"),
("none","butchered"),
("none","buttered"),
("none","buttoned"),
("none","caged"),
("none","caked"),
("none","cancerous"),
("none","candlelit"),
("none","candied"),
("none","celled"),
("none","chained"),
("none","chaotic"),
("none","chambered"),
("none","charred"),
("none","charmed"),
("none","childlike"),
("none","chilled"),
("none","chipped"),
("none","cinderous"),
("none","clammy"),
("none","clasped"),
("none","clawlike"),
("none","cleared"),
("none","clingy"),
("none","cloaked"),
("none","cluttered"),
("none","cobralike"),
("none","coiled"),
("none","cold"),
("none","common"),
("none","conquered"),
("none","cooked"),
("none","covered"),
("none","coupled"),
("none","crazed"),
("none","crazy"),
("none","creamy"),
("none","creepy"),
("none","crescent-shaped"),
("none","cross"),
("none","crotchety"),
("none","crystalline"),
("none","dank"),
("none","dark"),
("none","dead"),
("none","dear"),
("none","deep"),
("none","demonic"),
("none","desert"),
("none","diamond"),
("none","dirty"),
("none","domestic"),
("none","doomed"),
("none","dreamy"),
("none","dusty"),
("none","dutifull"),
("none","dyed"),
("none","earthen"),
("none","east"),
("none","eerie"),
("none","elder"),
("none","eternal"),
("none","everlasting"),
("none","evil"),
("none","false"),
("none","fat"),
("none","fatal"),
("none","fetid"),
("none","fiendish"),
("none","fierce"),
("none","filthy"),
("none","finned"),
("none","fiery"),
("none","first"),
("none","fishy"),
("none","flaming"),
("none","fleshy"),
("none","flowery"),
("none","foggy"),
("none","foolish"),
("none","fragile"),
("none","free"),
("none","frilly"),
("none","froggy"),
("none","fruity"),
("none","furry"),
("none","gaunt"),
("none","ghostly"),
("none","ghoulish"),
("none","gifted"),
("none","gilled"),
("none","gloved"),
("none","gluttonous"),
("none","godly"),
("none","god-forsaken"),
("none","gold"),
("none","gory"),
("none","grand"),
("none","grave"),
("none","greasy"),
("none","great"),
("none","greedy"),
("none","green"),
("none","grim"),
("none","gristly"),
("none","grizzly"),
("none","grubby"),
("none","guileful"),
("none","hairy"),
("none","handy"),
("none","hateful"),
("none","headless"),
("none","hearty"),
("none","heartless"),
("none","heartful"),
("none","hellish"),
("none","helmed"),
("none","heroic"),
("none","hideous"),
("none","high"),
("none","hilly"),
("none","hip"),
("none","hobbly"),
("none","hoggy"),
("none","holey"),
("none","holy"),
("none","homey"),
("none","hooded"),
("none","hooved"),
("none","hoppy"),
("none","horned"),
("none","horny"),
("none","hungry"),
("none","icy"),
("none","idle"),
("none","ill"),
("none","impure"),
("none","inky"),
("none","insane"),
("none","invisible"),
("none","irony"),
("none","ivory"),
("none","jumpy"),
("none","just"),
("none","kicking"),
("none","kind"),
("none","kingly"),
("none","knit"),
("none","lacy"),
("none","larval"),
("none","last"),
("none","lazy"),
("none","leafy"),
("none","leaky"),
("none","lean"),
("none","legendary"),
("none","leperous"),
("none","light"),
("none","lone"),
("none","long"),
("none","lordly"),
("none","lovely"),
("none","low"),
("none","lush"),
("none","lustful"),
("none","lyrical"),
("none","magical"),
("none","manly"),
("none","mangy"),
("none","mellow"),
("none","mighty"),
("none","miserable"),
("none","misty"),
("none","moldy"),
("none","molten"),
("none","mousy"),
("none","muddy"),
("none","mushy"),
("none","musical"),
("none","mysterious"),
("none","mythical"),
("none","nasty"),
("none","natural"),
("none","negative"),
("none","new"),
("none","noble"),
("none","north"),
("none","null"),
("none","oaken"),
("none","oceanic"),
("none","old"),
("none","painful"),
("none","pale"),
("none","peaceful"),
("none","poisonous"),
("none","prime"),
("none","primitive"),
("none","profane"),
("none","pulpy"),
("none","purple"),
("none","putrid"),
("none","quick"),
("none","quirky"),
("none","rainy"),
("none","random"),
("none","raw"),
("none","red"),
("none","regal"),
("none","ripper"),
("none","ripe"),
("none","romantic"),
("none","roomy"),
("none","rosy"),
("none","rough"),
("none","royal"),
("none","rumored"),
("none","rusty"),
("none","salty"),
("none","savage"),
("none","scalding"),
("none","scummy"),
("none","secretive"),
("none","shimmery"),
("none","silent"),
("none","silken"),
("none","silky"),
("none","silty"),
("none","silvery"),
("none","sinful"),
("none","slitted"),
("none","smashing"),
("none","smiley"),
("none","smooth"),
("none","sooty"),
("none","soulful"),
("none","south"),
("none","spicy"),
("none","spidery"),
("none","spiky"),
("none","spirited"),
("none","starry"),
("none","stern"),
("none","sticky"),
("none","stormy"),
("none","strange"),
("none","strapping"),
("none","strong"),
("none","stretchy"),
("none","stunted"),
("none","stupid"),
("none","stylish"),
("none","subordinate"),
("none","sucky"),
("none","insufferable"),
("none","sullen"),
("none","swampy"),
("none","sweaty"),
("none","sweet"),
("none","swift"),
("none","syrupy"),
("none","terrible"),
("none","thunderous"),
("none","tight"),
("none","timey"),
("none","toady"),
("none","touchy"),
("none","trashy"),
("none","tricky"),
("none","trim"),
("none","ugly"),
("none","ultimate"),
("none","unholy"),
("none","unkempt"),
("none","unseen"),
("none","useless"),
("none","velvety"),
("none","venomous"),
("none","vile"),
("none","violence"),
("none","violet"),
("none","watchful"),
("none","wavy"),
("none","weird"),
("none","west"),
("none","white"),
("none","wicked"),
("none","wild"),
("none","willful"),
("none","wispy"),
("none","wonderous"),
("none","wooden"),
("none","wormlike"),
("none","wrathful"),
("none","wretched"),
("none","yellow"),
("none","young"),
("none","youthful"),
("none","zealous");

CREATE TABLE IF NOT EXISTS Words_Verb ( 
ParentID VARCHAR(30) NULL ,
PastParticiple VARCHAR(30) NULL ,
PresentParticiple VARCHAR(30) NULL ,
SimplePast VARCHAR(30) NULL ,
SimplePresent VARCHAR(30) NULL ,
Verb VARCHAR(30) NULL  );

INSERT INTO Words_Verb VALUES 
("none","aced","acing","aced","aces","ace"),
("none","acted","acting","acted","acts","act"),
("none","adventured","adventuring","adventured","adventures","adventure"),
("none","aged","aging","aged","ages","age"),
("none","angered","angering","angered","angers","anger"),
("none","armed","arming","armed","arms","arm"),
("none","armored","armoring","armored","armors","armor"),
("none","axed","axing","axed","axes","axe"),
("none","babied","babying","babied","babies","baby"),
("none","backed","backing","backed","backs","back"),
("none","baked","baking","baked","bakes","bake"),
("none","balded","balding","balded","balds","bald"),
("none","bared","baring","bared","bares","bare"),
("none","bastardized","bastardizing","bastardized","bastardizes","bastardize"),
("none","bathed","bathing","bathed","bathes","bathe"),
("none","battled","battling","battled","battles","battle"),
("none","born","bearing","bore","bears","bear"),
("none","beguiled","beguiling","beguiled","beguils","beguil"),
("none","beheaded","beheading","beheaded","beheads","behead"),
("none","belched","belching","belched","belches","belch"),
("none","bewitched","bewitching","bewitched","bewitches","bewitch"),
("none","bitched","bitching","bitched","bitches","bitch"),
("none","blackened","blackening","blackened","blackens","blacken"),
("none","blazed","blazing","blazed","blazes","blaze"),
("none","blinded","blinding","blinded","blinds","blind"),
("none","blistered","blistering","blistered","blisters","blister"),
("none","bloated","bloating","bloated","bloats","bloat"),
("none","bled","bleeding","bled","bleeds","bleed"),
("none","blossomed","blossoming","blossomed","blossoms","blossom"),
("none","boiled","boiling","boiled","boils","boil"),
("none","bolted","bolting","bolted","bolts","bolt"),
("none","booted","booting","booted","boot","boot"),
("none","bothered","bothering","bothered","bothers","bother"),
("none","bowed","bowing","bowed","bows","bow"),
("none","brained","braining","brained","brains","brain"),
("none","breached","breaching","breached","breaches","breach"),
("none","broken","breaking","broke","breaks","break"),
("none","breathed","breathing","breathed","breathes","breathe"),
("none","bred","breeding","bred","breeds","breed"),
("none","brewed","brewing","brewed","brews","brew"),
("none","bridled","bridling","bridled","bridles","bridle"),
("none","brightened","brightening","brighten","brightens","brighten"),
("none","bristled","bristling","bristled","bristles","bristle"),
("none","brimmed","brimming","brimmed","brims","brim"),
("none","brought","bringing","brought","brings","bring"),
("none","broiled","broiling","broiled","broils","broil"),
("none","bucked","bucking","bucked","bucks","buck"),
("none","buckled","buckling","buckled","buckles","buckle"),
("none","bunched","bunching","bunched","bunches","bunch"),
("none","burdened","burdening","burdened","burdens","burden"),
("none","burned","burning","burned","burns","burn"),
("none","buried","burying","buried","buries","bury"),
("none","busheled","busheling","busheled","bushels","bushel"),
("none","busted","busting","busted","busts","bust"),
("none","busied","busying","busied","busies","busy"),
("none","bustled","bustling","bustled","bustles","bustle"),
("none","butchered","butchering","butchered","butchers","butcher"),
("none","buttered","buttering","buttered","butters","butter"),
("none","buttoned","buttoning","buttoned","buttons","button"),
("none","cackled","cackling","cackled","cackles","cackle"),
("none","caged","caging","caged","cages","cage"),
("none","called","calling","called","calls","call"),
("none","camped","camping","camped","camps","camp"),
("none","candied","candying","candied","candies","candy"),
("none","castle","castling","castled","castles","castle"),
("none","caved","caving","caved","caves","cave"),
("none","cavorted","cavorting","cavorted","cavorts","cavort"),
("none","chained","chaining","chained","chains","chain"),
("none","chanted","chanting","chanted","chants","chant"),
("none","charred","charring","charred","chars","char"),
("none","charmed","charming","charmed","charms","charm"),
("none","chewed","chewing","chewed","chews","chew"),
("none","chilled","chilling","chilled","chills","chill"),
("none","chipped","chipping","chipped","chips","chip"),
("none","choked","choking","choked","chokes","choke"),
("none","chopped","chopping","chopped","chops","chop"),
("none","chucked","chucking","chucked","chucks","chuck"),
("none","cindered","cindering","cindered","cinder","cinder"),
("none","clapped","clapping","clapped","claps","clap"),
("none","clasped","clasping","clasped","clasps","clasp"),
("none","clawed","clawing","clawed","claws","claw"),
("none","cleared","clearing","cleared","clears","clear"),
("none","cleaved","cleaving","cleaved","cleaves","cleave"),
("none","clinged","cleaving","clinged","clings","cling"),
("none","cloistered","cloistering","cloistered","cloisters","cloister"),
("none","clubbed","clubbing","clubbed","clubs","club"),
("none","clustered","clustering","clustered","clusters","cluster"),
("none","cluttered","cluttering","cluttered","clutters","clutter"),
("none","coiled","coiling","coiled","coils","coil"),
("none","colored","coloring","colored","colors","color"),
("none","cometed","cometing","cometed","comets","comet"),
("none","conquered","conquering","conquered","conquers","conquer"),
("none","cooked","cooking","cooked","cooks","cook"),
("none","covered","covering","covered","covers","cover"),
("none","coupled","coupling","coupled","couples","couple"),
("none","crawled","crawling","crawled","crawls","crawl"),
("none","creamed","creaming","creamed","creams","cream"),
("none","creeked","creeking","creeked","creeks","creek"),
("none","creet","creeping","crept","creeps","creep"),
("none","crossed","crossing","crossed","crosses","cross"),
("none","crowned","crowning","crowned","crowns","crown"),
("none","crucified","crucifying","crucified","crucifies","crucify"),
("none","crumbled","crumbling","crumbled","crumbles","crumble"),
("none","crunched","crunching","crunched","crunches","crunch"),
("none","crushed","crushing","crushed","crushes","crush"),
("none","cried","crying","cried","cries","cry"),
("none","cuddled","cuddling","cuddled","cuddles","cuddle"),
("none","cursed","cursing","cursed","curses","curse"),
("none","cut","cutting","cut","cuts","cut"),
("none","danced","dancing","danced","dances","dance"),
("none","dangled","dangling","dangled","dangle","dangle"),
("none","dated","dating","dated","dates","date"),
("none","damaged","damaging","damaged","damages","damage"),
("none","damned","damning","damned","damns","damn"),
("none","dawned","dawning","dawned","dawns","dawn"),
("none","died","dying","died","dies","die"),
("none","decapitated","decapitating","decapitated","decapitates","decapitate"),
("none","decayed","decaying","decayed","decays","decay"),
("none","deceived","deceiving","deceived","deceives","deceive"),
("none","desecrated","desecrating","desecrated","desecrates","desecrate"),
("none","deserted","deserting","deserted","deserts","desert"),
("none","despaired","despairing","despaired","despairing","despair"),
("none","destroyed","destroying","destroyed","destroys","destroy"),
("none","devilled","devilling","devilled","bedevils","devil"),
("none","devoured","devouring","devoured","devours","devour"),
("none","dined","dining","dined","dines","dine"),
("none","dirtied","dirtying","dirtied","dirty","dirty"),
("none","disguised","disguising","disguised","disguises","disguise"),
("none","ditched","ditching","ditched","ditches","ditch"),
("none","doomed","dooming","doomed","dooms","doom"),
("none","drained","draining","drained","drains","drain"),
("none","dreamed","dreaming","dreamed","dream","dream"),
("none","dressed","dressing","dressed","dresses","dress"),
("none","drunk","drinking","drank","drinks","drink"),
("none","dripped","dripping","dripped","drips","drip"),
("none","drooled","drooling","drooled","drools","drool"),
("none","drowned","drowning","drowned","drowns","drown"),
("none","dried","drying","dried","dries","dry"),
("none","dumped","dumping","dumped","dump","dump"),
("none","dyed","dying","dyed","dyes","dye"),
("none","eaten","eating","ate","eats","eat"),
("none","engraved","engraving","engraved","engraves","engrave"),
("none","entranced","entrancing","entranced","entrances","entrance"),
("none","entrenched","entrenching","entrenched","entrenches","entrench"),
("none","entwined","entwining","entwined","entwines","entwine"),
("none","executed","executing","executed","executes","execute"),
("none","faced","facing","faced","faces","face"),
("none","fallen","falling","fell","falls","fall"),
("none","fattened","fattening","fattened","fattens","fatten"),
("none","fathered","fathering","fathered","fathers","father"),
("none","feared","fearing","feared","fears","fear"),
("none","feasted","feasting","feasted","feasts","feast"),
("none","found","finding","found","finds","find"),
("none","fired","firing","fired","fire","fire"),
("none","fished","fishing","fished","fishes","fish"),
("none","flamed","flaming","flamed","flames","flame"),
("none","flanked","flanking","flanked","flanks","flank"),
("none","fled","fleeing","fled","flees","flee"),
("none","flung","flinging","flung","flings","fling"),
("none","flooded","flooding","flooded","floods","flood"),
("none","flowered","flowering","flowered","flowers","flower"),
("none","fluted","fluting","fluted","flutes","flute"),
("none","flew","flying","flew","flies","fly"),
("none","focused","focusing","focused","focuses","focus"),
("none","fogged","fogging","fogged","fogs","fog"),
("none","fooled","fooling","fooled","fools","fool"),
("none","forked","forking","forked","forks","fork"),
("none","fortified","fortifying","fortified","fortifies","fortify"),
("none","founded","founding","founded","founds","found"),
("none","fragmented","fragmenting","fragmented","fragments","fragment"),
("none","framed","framing","framed","frames","frame"),
("none","frayed","fraying","frayed","frays","fray"),
("none","freed","freeing","freed","frees","free"),
("none","frenzied","frenzying","frenzied","frenzies","frenzy"),
("none","frozen","freezing","froze","freezes","freeze"),
("none","gamed","gaming","gamed","games","game"),
("none","garnished","garnishing","garnished","garnishes","garnish"),
("none","gazed","gazing","gazed","gazes","gaze"),
("none","geared","gearing","geared","gears","gear"),
("none","gifted","gifting","gifted","gifts","gift"),
("none","glazed","glazing","glazed","glazes","glaze"),
("none","glided","gliding","glided","glides","glide"),
("none","glimmered","glimmering","glimmered","glimmers","glimmer"),
("none","glistened","glistening","glistened","glistens","glisten"),
("none","glossed","glossing","glossed","glosses","gloss"),
("none","gored","goring","gored","gores","gore"),
("none","gorged","gorging","gorged","gorges","gorge"),
("none","greased","greasing","greased","greases","grease"),
("none","greeded","greeding","greeded","greeds","greed"),
("none","grilled","grilling","grilled","grills","grill"),
("none","ground","grinding","ground","grinds","grind"),
("none","gripped","gripping","gripped","grips","grip"),
("none","gripped","gripping","gripped","grips","grip"),
("none","grizzled","grizzling","grizzled","grizzles","grizzle"),
("none","grown","growing","grew","grows","grow"),
("none","growled","growling","growled","growls","growl"),
("none","grubbed","grubbing","grubbed","grubs","grub"),
("none","guarded","guarding","guarded","grguardsubs","guard"),
("none","gutted","gutting","gutted","guts","gut"),
("none","haggled","haggling","haggled","haggles","haggle"),
("none","hammered","hammering","hammered","hammers","hammer"),
("none","handed","handing","handed","hands","hand"),
("none","harvested","harvesting","harvested","harvests","harvest"),
("none","hatcheted","hatcheting","hatcheted","hatchets","hatchet"),
("none","hated","hating","hated","hates","hate"),
("none","haunted","haunting","haunted","haunts","haunt"),
("none","hawked","hawking","hawked","hawks","hawk"),
("none","headed","heading","headed","heads","head"),
("none","hexed","hexing","hexed","hexes","hex"),
("none","hidden","hiding","hid","hides","hide"),
("none","hobbled","hobbling","hobbled","hobbles","hobble"),
("none","hogged","hoggin","hogged","hogs","hog"),
("none","hoisted","hoisting","hoisted","hoists","hoist"),
("none","holed","holing","holed","holes","hole"),
("none","homed","homing","homed","homes","home"),
("none","honeyed","honeying","honeyed","honeys","honey"),
("none","hopped","hopping","hopped","hops","hop"),
("none","hounded","hounding","hounded","hounds","hound"),
("none","howled","howling","howled","howls","howl"),
("none","hugged","huggin","hugged","hugs","hug"),
("none","hummed","humming","hummed","hums","hum"),
("none","hungered","hungering","hungered","hungers","hunger"),
("none","hustled","hustleing","hustled","hustles","hustle"),
("none","iced","icing","iced","ices","ice"),
("none","idled","idling","idled","idles","idle"),
("none","idoled","idoling","idoled","idols","idol"),
("none","idolized","idolizing","idolized","idolizes","idolize"),
("none","imprisoned","imprisoning","imprisoned","imprisons","imprison"),
("none","impured","impuring","impured","impures","impure"),
("none","incensed","incensing","incensed","incenses","incense"),
("none","incested","incesting","incested","incests","incest"),
("none","inched","inching","inched","inches","inch"),
("none","inked","inking","inked","inks","ink"),
("none","ironed","ironing","ironed","irons","iron"),
("none","itched","itching","itched","itches","itch"),
("none","jested","jesting","jested","jests","jest"),
("none","joked","joking","joked","jokes","joke"),
("none","judged","judging","judged","judges","judge"),
("none","juggled","juggling","juggled","juggles","juggle"),
("none","juiced","juicing","juiced","juices","juice"),
("none","jumped","jumping","jumped","jumps","jump"),
("none","justified","justifying","justified","justifies","justify"),
("none","kept","keeping","kept","keeps","keep"),
("none","kicked","kicking","kicked","kicks","kick"),
("none","killed","killing","killed","kills","kill"),
("none","kissed","kissing","kissed","kisses","kiss"),
("none","knead","kneading","kneaded","kneads","knead"),
("none","knifed","knifing","knifed","knifes","knife"),
("none","knighted","knighting","knighted","knights","knight"),
("none","knitted","knitting","knit","knits","knit"),
("none","knotted","knotting","knotted","knots","knot"),
("none","laced","lacing","laced","laces","lace"),
("none","lasted","lasting","lasted","lasts","last"),
("none","led","leading","led","leads","lead"),
("none","leaked","leaking","leaked","leaks","leak"),
("none","leeched","leeching","leeched","leeches","leech"),
("none","lied","lieing","lied","lies","lie"),
("none","lit","lighting","lit","lights","light"),
("none","lived","living","lived","lives","live"),
("none","listened","listening","listened","listens","listen"),
("none","loaned","loaning","loaned","loans","loan"),
("none","locked","locking","locked","locks","lock"),
("none","looted","looting","looted","loots","loot"),
("none","lost","losing","lost","loses","lose"),
("none","loved","loving","loved","loves","love"),
("none","lowered","lowering","lowered","lowers","lower"),
("none","lurched","lurching","lurched","lurches","lurch"),
("none","lurked","lurking","lurked","lurks","lurk"),
("none","mangled","mangling","mangled","mangles","mangle"),
("none","martyred","martyring","martyred","martyrs","martyr"),
("none","mastered","mastering","mastered","masters","master"),
("none","meditated","meditating","meditated","meditates","meditate"),
("none","menaced","menacing","menaced","menaces","menace"),
("none","messed","messing","messed","messes","mess"),
("none","minced","mincing","minced","minces","mince"),
("none","minded","minding","minded","minds","mind"),
("none","mined","mining","mined","mines","mine"),
("none","mirrored","mirroring","mirrored","mirrors","mirror"),
("none","misted","misting","misted","mists","mist"),
("none","molded","molding","molded","molds","mold"),
("none","murdered","murdering","murdered","murders","murder"),
("none","mushed","mushing","mushed","mushes","mush"),
("none","negated","negating","negated","negates","negate"),
("none","nested","nesting","nested","nests","nest"),
("none","nestled","nestling","nestled","nestles","nestle"),
("none","netted","netting","netted","nets","net"),
("none","nibbled","nibbling","nibbled","nibbles","nibble"),
("none","nurtured","nurturing","nurtured","nurtures","nurture"),
("none","opened","opening","opened","opens","open"),
("none","packed","packing","packed","packs","pack"),
("none","padded","pading","padded","pads","pad"),
("none","painted","painting","painted","paints","paint"),
("none","pandered","pandering","pandered","panders","pander"),
("none","panted","panting","panted","pant","pant"),
("none","planted","planting","planted","plants","plant"),
("none","plotted","plotting","plotted","plots","plot"),
("none","pocketed","pocketing","pocketed","pockets","pocket"),
("none","poisoned","poisoning","poisoned","poisons","poison"),
("none","powered","powering","powered","powers","power"),
("none","pranked","pranking","pranked","pranks","prank"),
("none","primed","priming","primed","primes","prime"),
("none","profited","profiting","profited","profits","profit"),
("none","prowled","prowling","prowled","prowls","prowl"),
("none","puked","puking","puked","pukes","puke"),
("none","pulled","pulling","pulled","pulls","pull"),
("none","punched","punching","punched","punches","punch"),
("none","pushed","pushing","pushed","pushes","push"),
("none","quacked","quacking","quacked","quacks","quack"),
("none","quaked","quaking","quaked","quakes","quake"),
("none","quickened","quickening","quickened","quickens","quick"),
("none","raced","racing","raced","races","race"),
("none","rained","raining","rained","rains","rain"),
("none","raked","raking","raked","rakes","rake"),
("none","rammed","ramming","rammed","rams","ram"),
("none","rampaged","rampaging","rampaged","rampages","rampage"),
("none","ransacked","ransacking","ransacked","ransacks","ransack"),
("none","ravaged","ravaging","ravaged","ravages","ravage"),
("none","reigned","reigning","reigned","reigns","reign"),
("none","reined","reining","reined","reins","rein"),
("none","rung","ringing","rang","rings","ring"),
("none","ripped","ripping","ripped","rips","rip"),
("none","risen","rising","rose","rises","rise"),
("none","romanced","romancing","romanced","romances","romance"),
("none","ruined","ruining","ruined","ruins","ruin"),
("none","ruled","ruling","ruled","rules","rule"),
("none","sawn","sawing","sawed","saws","saw"),
("none","scalded","scalding","scalded","scalds","scald"),
("none","scarred","scarring","scarred","scars","scar"),
("none","scolded","scolding","scolded","scolds","scold"),
("none","screamed","screaming","screamed","screams","scream"),
("none","seduced","seducing","seduced","seduces","seduce"),
("none","seen","seeing","saw","sees","see"),
("none","seized","seizing","seized","seizes","seize"),
("none","served","serving","served","serves","serve"),
("none","severed","severing","severed","severs","sever"),
("none","sheared","shearing","sheared","shears","shear"),
("none","sheltered","sheltering","sheltered","shelters","shelter"),
("none","shielded","shielding","shielded","shields","shield"),
("none","shimmered","shimmering","shimmered","shimmers","shimmer"),
("none","shot","shooting","shot","shoots","shoot"),
("none","shown","showing","showed","shows","show"),
("none","showered","showering","showered","showers","shower"),
("none","shredded","shredding","shredded","shreds","shred"),
("none","shrieked","shrieking","shrieked","shrieks","shriek"),
("none","shut","shutting","shut","shuts","shut"),
("none","sickened","sickening","sickened","sickens","sicken"),
("none","sieged","sieging","sieged","sieges","siege"),
("none","silenced","silencing","silenced","silences","silence"),
("none","sung","singing","sang","sings","sing"),
("none","skirted","skirting","skirted","skirts","skirt"),
("none","skulked","skulking","skulked","skulks","skulk"),
("none","slaughtered","slaughtering","slaughtered","slaughters","slaughter"),
("none","enslaved","enslaving","enslaved","enslaves","enslave"),
("none","slain","slaying","slew","slays","slay"),
("none","slimmed","slimming","slimmed","slims","slim"),
("none","slunk","slinking","slunk","slinks","slink"),
("none","slit","sliting","slit","slits","slit"),
("none","slithered","slithering","slithered","slithers","slither"),
("none","smashed","smashing","smashed","smashes","smash"),
("none","smiled","smiling","smiled","smiles","smile"),
("none","smoked","smoking","smoked","smokes","smoke"),
("none","smoothed","smoothing","smoothed","smooths","smooth"),
("none","smouldered","smouldering","smouldered","smoulders","smoulder"),
("none","snacked","snacking","snacked","snacks","snack"),
("none","snickered","snickering","snickered","snickers","snicker"),
("none","snuggled","snuggling","snuggled","snuggles","snuggle"),
("none","soothed","soothing","soothed","soothes","soothe"),
("none","sounded","sounding","sounded","sounds","sound"),
("none","spewed","spewing","spewed","spews","spew"),
("none","spun","spinning","spun","spins","spin"),
("none","spoiled","spoiling","spoiled","spoils","spoil"),
("none","spooned","spooning","spooned","spoons","spoon"),
("none","sprung","springing","sprang","springs","spring"),
("none","spied","spying","spied","spies","spy"),
("none","squirmed","squirming","squirmed","squirms","squirm"),
("none","stabbed","stabbing","stabbed","stabs","stab"),
("none","stalked","stalking","stalked","stalks","stalk"),
("none","stood","standing","stood","stands","stand"),
("none","starved","starving","starved","starves","starve"),
("none","stolen","stealing","stole","steals","steal"),
("none","stuck","sticking","stuck","sticks","stick"),
("none","stoned","stoning","stoned","stones","stone"),
("none","stormed","storming","stormed","storms","storm"),
("none","strapped","strapping","strapped","straps","strap"),
("none","strayed","straying","strayed","strays","stray"),
("none","strengthened","strengthening","strengthened","strengthens","strengthen"),
("none","stretched","stretching","stretched","stretches","stretch"),
("none","stricken","striking","struck","strikes","strike"),
("none","stroked","stroking","stroked","strokes","stroke"),
("none","stuttered","stuttering","stuttered","stutters","stutter"),
("none","styled","styling","styled","styles","style"),
("none","sucked","sucking","sucked","sucks","suck"),
("none","suffered","suffering","suffered","suffers","suffer"),
("none","sundered","sundering","sundered","sunders","sunder"),
("none","surprised","surprising","surprised","surprises","surprise"),
("none","swamped","swamping","swamped","swamps","swamp"),
("none","sweat","sweating","sweat","sweats","sweat"),
("none","swam","swimming","swam","swims","swim"),
("none","taken","taking","took","takes","take"),
("none","tarnished","tarnishing","tarnished","tarnishes","tarnish"),
("none","told","telling","told","tells","tell"),
("none","torn","tearing","torn","tears","tear"),
("none","terrified","terrifying","terrified","terrifies","terrify"),
("none","terrorized","terrorizing","terrorized","terrorizes","terrorize"),
("none","thrown","throwing","threw","throws","throw"),
("none","thundered","thundering","thundered","thunders","thunder"),
("none","ticked","ticking","ticked","ticks","tick"),
("none","tightened","tightenening","tightened","tightens","tighten"),
("none","timed","timing","timed","times","time"),
("none","tormented","tormenting","tormented","torments","torment"),
("none","touched","touching","touched","touches","touch"),
("none","towered","towering","towered","towers","tower"),
("none","trailed","trailing","trailed","trails","trail"),
("none","trapped","trapping","trapped","traps","trap"),
("none","treasured","treasuring","treasured","treasures","treasure"),
("none","treated","treating","treated","treats","treat"),
("none","tricked","tricking","tricked","tricks","trick"),
("none","trimmed","trimming","trimmed","trims","trim"),
("none","troubled","troubling","troubled","troubles","trouble"),
("none","tugged","tugging","tugged","tugs","tug"),
("none","tumbled","tumbling","tumbled","tumbles","tumble"),
("none","tweeted","tweeting","tweeted","tweets","tweet"),
("none","twisted","twisting","twisted","twists","twist"),
("none","vandalized","vandalizing","vandalized","vandalizes","vandalize"),
("none","violated","violating","violated","violates","violate"),
("none","voiced","voicing","voiced","voices","voice"),
("none","voided","voiding","voided","voids","void"),
("none","wailed","wailing","wailed","wails","wail"),
("none","wandered","wandering","wandered","wanders","wander"),
("none","wasted","wasting","wasted","wastes","waste"),
("none","watched","watching","watched","watches","watch"),
("none","waved","waving","waved","waves","wave"),
("none","worn","wearing","wore","wears","wear"),
("none","weaved","weaving","weaved","weaves","weave"),
("none","weeded","weeding","weeded","weeds","weed"),
("none","weighed","weighing","weighed","weighs","weigh"),
("none","wheeled","wheeling","wheeled","wheels","wheel"),
("none","whipped","whipping","whipped","whips","whip"),
("none","whisked","whisking","whisked","whisks","whisk"),
("none","whispered","whispering","whispered","whispers","whisper"),
("none","willed","willing","willed","wills","will"),
("none","wondered","wondering","wondered","wonders","wonder"),
("none","worked","working","worked","works","work");

CREATE TABLE IF NOT EXISTS Words_ActionNoun ( 
ParentID VARCHAR(30) NULL ,
Plural VARCHAR(30) NULL ,
Singular VARCHAR(30) NULL  );

INSERT INTO Words_ActionNoun VALUES 
("none","acers","acer"),
("none","actors","actor"),
("none","adventurers","adventurer"),
("none","armorers","armorer"),
("none","axers","axer"),
("none","backers","backer"),
("none","barbers","barber"),
("none","bathers","bather"),
("none","battlers","battler"),
("none","bearers","bearer"),
("none","beheaders","beheader"),
("none","belchers","belcher"),
("none","bewitchers","bewitcher"),
("none","bitchers","bitcher"),
("none","blackeners","blackener"),
("none","blazers","blazer"),
("none","blinders","blinder"),
("none","blisterers","blisterer"),
("none","bloaters","bloater"),
("none","bleeders","bleeder"),
("none","blossomers","blossomer"),
("none","boilers","boiler"),
("none","emboldeners","emboldener"),
("none","bolteners","boltener"),
("none","booters","booter"),
("none","botherers","botherer"),
("none","bowers","bower"),
("none","breachers","breacher"),
("none","breakers","breaker"),
("none","breathers","breather"),
("none","breeders","breeder"),
("none","brewer","brew"),
("none","bridlers","bridler"),
("none","brighteners","brightener"),
("none","bristlers","bristler"),
("none","bringers","bringer"),
("none","broilers","broiler"),
("none","buckers","bucker"),
("none","bucklers","buckler"),
("none","burdeners","burdener"),
("none","burners","burner"),
("none","buriers","burier"),
("none","bushelers","busheler"),
("none","busters","buster"),
("none","bustlers","bustler"),
("none","butchers","butcher"),
("none","butterers","butterer"),
("none","buttoners","buttoner"),
("none","cacklers","cackler"),
("none","callers","caller"),
("none","campers","camper"),
("none","candiers","candier"),
("none","cavers","caver"),
("none","cavorter","cavorter"),
("none","chanters","chanter"),
("none","charrers","charrer"),
("none","charmers","charmer"),
("none","chewers","chewer"),
("none","chillers","chiller"),
("none","chippers","chipper"),
("none","chokers","choker"),
("none","choppers","chopper"),
("none","chuckers","chucker"),
("none","clappers","clapper"),
("none","claspers","clasper"),
("none","clawers","clawer"),
("none","clearers","clearer"),
("none","cleavers","cleaver"),
("none","clingers","clinger"),
("none","clubbers","clubber"),
("none","clutterers","clutterer"),
("none","coilers","coiler"),
("none","colorers","colorer"),
("none","conquerors","conqueror"),
("none","chefs","chef"),
("none","coverers","coverer"),
("none","couplers","coupler"),
("none","crawlers","crawler"),
("none","creepers","creeper"),
("none","crossers","crosser"),
("none","crowners","crowner"),
("none","crucifiers","crucifier"),
("none","crunchers","cruncher"),
("none","crushers","crusher"),
("none","criers","crier"),
("none","cuddlers","cuddler"),
("none","cursers","curser"),
("none","cutters","cutter"),
("none","dancers","dancer"),
("none","danglers","dangler"),
("none","damagers","damager"),
("none","decapitaters","decapitater"),
("none","deceivers","deceiver"),
("none","desecraters","desecrater"),
("none","deserters","deserter"),
("none","despairers","despairer"),
("none","destroyers","destroyer"),
("none","devourers","devourer"),
("none","diners","diner"),
("none","dirtiers","dirtier"),
("none","ditchers","ditcher"),
("none","drainers","drainer"),
("none","dreamers","dreamer"),
("none","dressers","dresser"),
("none","drinkers","drinker"),
("none","drippers","dripper"),
("none","droolers","drooler"),
("none","drowners","drowner"),
("none","drier","drier"),
("none","dumpers","dumper"),
("none","dyers","dyer"),
("none","eaters","eater"),
("none","engravers","engraver"),
("none","entrancers","entrancer"),
("none","entrenchers","entrencher"),
("none","evildoers","evildoer"),
("none","executioners","executioner"),
("none","faces","face"),
("none","feasters","feaster"),
("none","finders","finder"),
("none","fishers","fisher"),
("none","flamers","flamer"),
("none","flankers","flanker"),
("none","flingers","flinger"),
("none","flooders","flooder"),
("none","flutists","flutist"),
("none","fliers","flier"),
("none","focusers","focuser"),
("none","foggers","fogger"),
("none","foolers","fooler"),
("none","forkers","forker"),
("none","fortifiers","fortifier"),
("none","founders","founder"),
("none","framer","framer"),
("none","freers","freer"),
("none","freezers","freezer"),
("none","gamers","gamer"),
("none","garnishers","garnisher"),
("none","gazers","gazer"),
("none","glazers","glazer"),
("none","gliders","glider"),
("none","gorgers","gorger"),
("none","greasers","greaser"),
("none","grillers","griller"),
("none","grinders","grinder"),
("none","grippers","gripper"),
("none","growers","grower"),
("none","grubbers","grubber"),
("none","guarders","guarder"),
("none","gutters","gutter"),
("none","hagglers","haggler"),
("none","hammerers","hammerer"),
("none","handers","hander"),
("none","harvesters","harvester"),
("none","hatcheters","hatcheter"),
("none","haters","hater"),
("none","haunters","haunter"),
("none","hawker","hawker"),
("none","hexers","hexer"),
("none","hiders","hider"),
("none","hobblers","hobbler"),
("none","hoggers","hogger"),
("none","hoisters","hoister"),
("none","holers","holer"),
("none","honeyers","honeyer"),
("none","hoppers","hopper"),
("none","hounders","hounder"),
("none","howlers","howler"),
("none","hugger","hugger"),
("none","hummers","hummer"),
("none","hungerers","hungerer"),
("none","hustlers","hustler"),
("none","icers","icer"),
("none","idlers","idler"),
("none","idolizers","idolizer"),
("none","imprisoners","imprisoner"),
("none","inkers","inker"),
("none","innkeepers","innkeeper"),
("none","ironers","ironer"),
("none","itchers","itcher"),
("none","jesters","jester"),
("none","jokers","joker"),
("none","jugglers","juggler"),
("none","juicers","juicer"),
("none","jumpers","jumper"),
("none","keepers","keeper"),
("none","kickers","kicker"),
("none","killers","killer"),
("none","kissers","kisser"),
("none","kneaders","kneader"),
("none","knifer","knifer"),
("none","knitters","knitter"),
("none","lawyers","lawyer"),
("none","leaders","leader"),
("none","leechers","leecher"),
("none","liars","liar"),
("none","lighters","lighter"),
("none","listeners","listener"),
("none","loaners","loaner"),
("none","loners","loner"),
("none","looters","looter"),
("none","losers","loser"),
("none","lovers","lover"),
("none","lurkers","lurker"),
("none","lyricists","lyricist"),
("none","manglers","mangler"),
("none","meditaters","meditater"),
("none","mincers","mincer"),
("none","miners","miner"),
("none","murderers","murderer"),
("none","musher","musher"),
("none","negators","negator"),
("none","openers","opener"),
("none","packers","packer"),
("none","panderers","panderer"),
("none","planters","planter"),
("none","plotter","plotter"),
("none","poisoners","poisoner"),
("none","prankers","pranker"),
("none","prisoners","prisoner"),
("none","profiters","profiter"),
("none","prophets","prophet"),
("none","prowlers","prowler"),
("none","pukers","puker"),
("none","pullers","puller"),
("none","punchers","puncher"),
("none","pushers","pusher"),
("none","quackers","quacker"),
("none","racers","racer"),
("none","rammers","rammer"),
("none","rampagers","rampager"),
("none","ravagers","ravager"),
("none","ringers","ringer"),
("none","romancers","romancer"),
("none","ruiners","ruiner"),
("none","ruler","ruler"),
("none","sawers","sawer"),
("none","screamers","screamer"),
("none","seducers","seducer"),
("none","seers","seer"),
("none","server","server"),
("none","severers","severer"),
("none","shankers","shanker"),
("none","shearers","shearer"),
("none","shelterers","shelterer"),
("none","shielders","shielder"),
("none","shooters","shooter"),
("none","showers","shower"),
("none","showerers","showerer"),
("none","shredder","shredder"),
("none","shrieker","shrieker"),
("none","shutter","shutter"),
("none","sickeners","sickener"),
("none","siegers","sieger"),
("none","silencers","silencer"),
("none","singers","singer"),
("none","skulkers","skulker"),
("none","slaughterers","slaughterer"),
("none","slavers","slaver"),
("none","slayers","slayer"),
("none","slimmers","slimmer"),
("none","slitters","slitter"),
("none","smashers","smasher"),
("none","smilers","smiler"),
("none","smokers","smoker"),
("none","smoothers","smoother"),
("none","smoulderers","smoulderer"),
("none","snackers","snacker"),
("none","snickerers","snickerer"),
("none","snugglers","snuggler"),
("none","soothers","soother"),
("none","spewers","spewer"),
("none","spoilers","spoiler"),
("none","spooners","spooner"),
("none","springers","springer"),
("none","spiers","spier"),
("none","squirmers","squirmer"),
("none","stabbers","stabber"),
("none","stalkers","stalker"),
("none","starvers","starver"),
("none","stealers","stealer"),
("none","stoners","stoner"),
("none","stormers","stormer"),
("none","strengtheners","strengthener"),
("none","stretchers","stretcher"),
("none","strikers","striker"),
("none","stroker","stroker"),
("none","stutterers","stutterer"),
("none","stylers","styler"),
("none","suckers","sucker"),
("none","sufferers","sufferer"),
("none","sunderers","sunderer"),
("none","surprisers","surpriser"),
("none","swampers","swamper"),
("none","sweater","sweater"),
("none","swimmers","swimmer"),
("none","takers","taker"),
("none","tarnishers","tarnisher"),
("none","tellers","teller"),
("none","terrorizers","terrorizer"),
("none","throwers","thrower"),
("none","thunderers","thunderer"),
("none","tickers","ticker"),
("none","tighteners","tightener"),
("none","timers","timer"),
("none","tormenters","tormenter"),
("none","touchers","toucher"),
("none","trappers","trapper"),
("none","treasurers","treasurer"),
("none","treaters","treater"),
("none","tricksters","trickster"),
("none","trimmers","trimmer"),
("none","troublemakers","troublemaker"),
("none","tugger","tugger"),
("none","tumblers","tumbler"),
("none","vandalizers","vandalizer"),
("none","violators","violator"),
("none","voiders","voider"),
("none","wailers","wailer"),
("none","wanderers","wanderer"),
("none","wasters","waster"),
("none","watchers","watcher"),
("none","wearers","wearer"),
("none","weavers","weaver"),
("none","weeders","weeder"),
("none","weighers","weigher"),
("none","wheelers","wheeler"),
("none","whippers","whipper"),
("none","whisperers","whisperer"),
("none","wonderers","wonderer"),
("none","workers","worker");

CREATE TABLE IF NOT EXISTS Workshops ( 
ID VARCHAR(30) NULL ,
Crafts VARCHAR(50) NULL,
GUI VARCHAR(30) NULL ,
InputTile VARCHAR(30) NULL ,
OutputTile VARCHAR(30) NULL ,
Size_ VARCHAR(30) NULL  );

INSERT INTO Workshops VALUES 
("Crude","Plank|Stick|WoodChair|Workbench|Chisel","none","1 1 0","1 -1 0","2 3"),
("Carpenter","WoodChair|Workbench|Crate|Barrel|WoodTable|Stick|Haft|Hilt|Knife|PickaxeBaseWood|PickaxeHeadWood|Pickaxe|BedFrame|FancyBedFrame|Bed|FancyBed|WoodDoor|Dresser|Cabinet|Torch|Loom|Bellows|TrainingDummy|Wheelbarrow|Bucket|FishingRod","none","0 1 0","0 -1 0","3 3"),
("Sawmill","Plank","none","0 1 0","0 -1 0","3 3"),
("Stonecutter","Block","none","0 1 0","0 -1 0","3 3"),
("Stonemason","StoneChair|StoneTable|StoneSawblade|KnifeBlade|PickaxeHeadStone|Chisel","none","0 1 0","0 -1 0","3 3"),
("Kitchen","Bread|Sausage|Sandwich|Cheese|CheeseOmelette|SausageOmelette|MushroomOmelette","none","0 1 0","0 -1 0","3 3"),
("Distillery","Beer|Wine|FruitWine","none","0 -1 0","1 0 0","3 3"),
("Dyer","RedDye|GreenDye|BlueDye|PurpleDye|YellowDye|CyanDye|DyedTable|DyedPlank|DyeHair","none","0 1 0","0 -1 0","3 3"),
("Forge","Bar|BronzeBar|SteelBar|RoseGoldBar|Anvil|SliverBar","none","0 1 0","0 -1 0","3 3"),
("Furnace","RawCoal","none","0 1 0","0 -1 0","3 3"),
("Kiln","Brick|ClayStatuette","none","0 1 0","0 -1 0","3 3"),
("Blacksmith","FellingAxeHead|FellingAxe|CuttingWheel|File|BallPeenHammer|AlarmBell","none","0 1 0","0 -1 0","3 3"),
("Metalworker","MetalStatue|MetalStatuette|Coin","none","0 1 0","0 -1 0","3 3"),
("Gemcutter","Gem","none","0 1 0","0 -1 0","3 3"),
("Loom","Bolt","none","0 1 0","0 -1 0","3 3"),
("Stonecarver","StoneDoor|Hearth|Mold|Furnace|Trough|StoneStatue|StonePillar|StoneStatuette|PetRock","none","0 1 0","0 -1 0","3 3"),
("Woodcarver","WoodStatue|WoodStatuette|PuzzleBox","none","0 1 0","0 -1 0","3 3"),
("Jeweler","Ring|GemmedRing|Necklace|GemmedNecklace","none","0 1 0","0 -1 0","3 3"),
("Tailor","Bag|Sack|Bandage|String|Padding|Mattress|AmmoPouch","none","0 1 0","0 -1 0","3 3"),
("Bonecarver","Needle|BoneStatuette|SkullHelmet|BoneShirt","none","0 1 0","0 -1 0","3 3"),
("Butcher","none","Butcher","0 1 0","0 -1 0","3 3"),
("MarketStall","none","Trader","-1 0 0","1 0 0","3 3"),
("Prospector","none","none","0 1 0","0 -1 0","3 3"),
("Fishery","none","Fishery","0 -1 0","0 0 0","3 3");

CREATE TABLE IF NOT EXISTS Workshops_Components ( 
ParentID VARCHAR(30) NULL ,
Amount DOUBLE NULL,
Forbidden VARCHAR(50) NULL,
ItemID VARCHAR(30) NULL ,
MaterialItem VARCHAR(50) NULL,
Offset_ VARCHAR(11) NULL,
Required VARCHAR(50) NULL,
SpriteID VARCHAR(30) NULL ,
SpriteID2 VARCHAR(30) NULL ,
Type_ VARCHAR(30) NULL ,
WallRotation VARCHAR(30) NULL  );

INSERT INTO Workshops_Components VALUES 
("Crude",0.0,"none","RawWood","none","1 0 0","none","RawWood","none","none","none"),
("Crude",0.0,"none","RawStone","none","0 0 0","none","GiantStoneBlock","none","none","none"),
("Crude",0.0,"none","none","none","1 -1 0","none","none","none","none","none"),
("Crude",0.0,"none","none","none","1 1 0","none","none","none","none","none"),
("Crude",0.0,"none","none","none","0 -1 0","none","none","none","none","none"),
("Crude",0.0,"none","none","none","0 1 0","none","none","none","none","none"),
("Carpenter",0.0,"none","Chair","none","0 0 0","none","Chair","none","none","none"),
("Carpenter",0.0,"none","Workbench","none","-1 0 0","none","Workbench","none","none","none"),
("Carpenter",0.0,"none","Chisel","none","0 -1 0","none","none","none","none","none"),
("Carpenter",0.0,"none","none","none","0 1 0","none","none","none","none","none"),
("Carpenter",0.0,"none","none","1|2","1 0 0","none","WorkshopTable_AxeBench","none","none","none"),
("Carpenter",0.0,"none","none","1","1 -1 0","none","WorkshopTable","none","none","none"),
("Carpenter",0.0,"none","none","1","1 1 0","none","CratePlank","none","none","none"),
("Carpenter",0.0,"none","none","none","-1 -1 0","none","none","none","none","none"),
("Carpenter",0.0,"none","none","1","-1 1 0","none","SawHorse","none","none","FR"),
("Sawmill",0.0,"none","Chair","none","0 0 0","none","Chair","none","none","none"),
("Sawmill",0.0,"none","Workbench","none","-1 0 0","none","Workbench","none","none","none"),
("Sawmill",0.0,"none","Sawblade","none","0 -1 0","none","none","none","none","none"),
("Sawmill",0.0,"none","none","none","0 1 0","none","none","none","none","none"),
("Sawmill",0.0,"none","none","1|2","1 0 0","none","SawTableLeft_SawTableBlade","none","none","BR"),
("Sawmill",0.0,"none","none","1","1 -1 0","none","SawTableRight","none","none","FL"),
("Sawmill",0.0,"none","none","1","1 1 0","none","CrateLog","none","none","none"),
("Sawmill",0.0,"none","none","none","-1 -1 0","none","none","none","none","none"),
("Sawmill",0.0,"none","none","1","-1 1 0","none","SawHorse","none","none","none"),
("Stonecutter",0.0,"none","Chair","none","0 0 0","none","Chair","none","none","none"),
("Stonecutter",0.0,"none","Workbench","none","-1 0 0","none","Workbench","none","none","none"),
("Stonecutter",0.0,"none","Chisel","none","0 -1 0","none","none","none","none","none"),
("Stonecutter",0.0,"none","none","none","0 1 0","none","none","none","none","none"),
("Stonecutter",0.0,"none","none","2","1 0 0","none","GiantStoneBlock","none","none","none"),
("Stonecutter",0.0,"none","none","2","1 -1 0","none","RawStone","none","none","none"),
("Stonecutter",0.0,"none","none","none","1 1 0","none","none","none","none","none"),
("Stonecutter",0.0,"none","none","none","-1 -1 0","none","none","none","none","none"),
("Stonecutter",0.0,"none","none","none","-1 1 0","none","none","none","none","none"),
("Stonecutter",0.0,"none","none","none","-1 -1 0","none","none","none","none","none"),
("Stonemason",0.0,"none","Chair","none","0 0 0","none","Chair","none","none","none"),
("Stonemason",0.0,"none","Workbench","none","-1 0 0","none","Workbench","none","none","none"),
("Stonemason",0.0,"none","Chisel","none","0 -1 0","none","none","none","none","none"),
("Stonemason",0.0,"none","none","none","0 1 0","none","none","none","none","none"),
("Stonemason",0.0,"none","none","1","1 0 0","none","WorkshopTable","none","none","none"),
("Stonemason",0.0,"none","none","1","1 -1 0","none","WorkshopTable","none","none","none"),
("Stonemason",0.0,"none","none","2","1 1 0","none","StoneBlockPile","none","none","none"),
("Stonemason",0.0,"none","none","none","-1 -1 0","none","none","none","none","none"),
("Stonemason",0.0,"none","none","1","-1 1 0","none","SawHorse","none","none","none"),
("Kitchen",0.0,"none","Chair","none","0 0 0","none","Chair","none","none","none"),
("Kitchen",0.0,"none","Table","none","0 1 0","none","none","none","none","none"),
("Kitchen",0.0,"none","Knife","none","0 -1 0","none","none","none","none","none"),
("Kitchen",0.0,"none","none","1","1 1 0","none","WorkshopTable_Meat","none","none","none"),
("Kitchen",0.0,"none","none","1","1 0 0","none","WorkshopTable_KitchenTableTop","none","none","none"),
("Kitchen",0.0,"none","none","1","1 -1 0","none","WorkshopTable","none","none","none"),
("Kitchen",0.0,"none","none","none","-1 0 0","none","none","none","none","none"),
("Kitchen",0.0,"none","none","none","-1 -1 0","none","none","none","none","none"),
("Kitchen",0.0,"none","none","none","-1 1 0","none","none","none","none","none"),
("Distillery",0.0,"none","Table","none","1 1 0","none","WorkshopTable","none","none","none"),
("Distillery",0.0,"none","Barrel","none","-1 0 0","none","Keg","none","none","none"),
("Distillery",0.0,"none","Barrel","none","-1 -1 0","none","Keg","none","none","none"),
("Distillery",0.0,"none","none","2","-1 1 0","none","Keg","none","none","none"),
("Distillery",0.0,"none","none","none","0 0 0","none","none","none","none","none"),
("Distillery",0.0,"none","none","1","0 1 0","none","WorkshopWaterTub","none","none","none"),
("Distillery",0.0,"none","none","none","0 -1 0","none","none","none","none","none"),
("Distillery",0.0,"none","none","1","1 -1 0","none","Distill","none","none","none"),
("Distillery",0.0,"none","none","none","1 0 0","none","none","none","none","none"),
("Dyer",0.0,"none","Table","none","1 0 0","none","WorkshopTable","none","none","none"),
("Dyer",0.0,"none","Chair","none","0 0 0","none","Chair","none","none","none"),
("Dyer",0.0,"none","none","none","1 -1 0","none","none","none","none","none"),
("Dyer",0.0,"none","none","none","-1 1 0","none","DyedCloth","none","none","none"),
("Dyer",0.0,"none","none","0","-1 -1 0","none","WoodTub","none","none","none"),
("Dyer",0.0,"none","none","none","0 -1 0","none","none","none","none","none"),
("Dyer",0.0,"none","none","none","0 1 0","none","none","none","none","none"),
("Dyer",0.0,"none","none","none","-1 0 0","none","none","none","none","none"),
("Dyer",0.0,"none","none","none","1 1 0","none","Pigment","none","none","none"),
("Forge",0.0,"none","Hearth","none","-1 0 0","none","ForgeWithTop","none","none","none"),
("Forge",0.0,"none","Mold","none","0 0 0","none","MoldWithTop","none","none","none"),
("Forge",0.0,"none","Bellows","none","1 -1 0","none","Bellows","none","none","FL"),
("Forge",0.0,"none","none","none","-1 1 0","none","CoalPile","none","none","none"),
("Forge",0.0,"none","none","none","-1 -1 0","none","OrePile","none","none","none"),
("Forge",0.0,"none","none","none","0 -1 0","none","none","none","none","none"),
("Forge",0.0,"none","none","none","0 1 0","none","none","none","none","none"),
("Forge",0.0,"none","none","none","1 0 0","none","none","none","none","none"),
("Forge",0.0,"none","none","none","1 1 0","none","none","none","none","none"),
("Furnace",0.0,"none","Furnace","none","-1 0 0","none","FurnaceWithFlame","none","none","none"),
("Furnace",0.0,"none","Bellows","none","0 0 0","none","Bellows","none","none","BL"),
("Furnace",0.0,"none","none","1","-1 -1 0","none","CrateLog","none","none","none"),
("Furnace",0.0,"none","none","none","-1 1 0","none","CoalPile","none","none","none"),
("Furnace",0.0,"none","none","none","0 -1 0","none","none","none","none","none"),
("Furnace",0.0,"none","none","none","0 1 0","none","none","none","none","none"),
("Furnace",0.0,"none","none","none","1 -1 0","none","none","none","none","none"),
("Furnace",0.0,"none","none","none","1 0 0","none","none","none","none","none"),
("Furnace",0.0,"none","none","none","1 1 0","none","none","none","none","none"),
("Kiln",0.0,"none","Furnace","none","-1 0 0","none","KilnWithFlame","none","none","none"),
("Kiln",0.0,"none","Bellows","none","0 0 0","none","Bellows","none","none","BL"),
("Kiln",0.0,"none","none","1","-1 -1 0","none","WorkshopTable","none","none","none"),
("Kiln",0.0,"none","none","0","-1 1 0","none","StoneBlockPile","none","none","none"),
("Kiln",0.0,"none","none","none","0 -1 0","none","none","none","none","none"),
("Kiln",0.0,"none","none","none","0 1 0","none","none","none","none","none"),
("Kiln",0.0,"none","none","none","1 -1 0","none","none","none","none","none"),
("Kiln",0.0,"none","none","none","1 0 0","none","CoalPile","none","none","none"),
("Kiln",0.0,"none","none","none","1 1 0","none","none","none","none","none"),
("Blacksmith",0.0,"none","Bellows","none","-1 0 0","none","CoalPile","none","none","none"),
("Blacksmith",0.0,"none","Hearth","none","-1 1 0","none","ForgeWithTop","none","none","none"),
("Blacksmith",0.0,"none","Anvil","none","0 0 0","none","Anvil","none","none","none"),
("Blacksmith",0.0,"none","none","2","-1 -1 0","none","MetalBarPile","none","none","none"),
("Blacksmith",0.0,"none","none","none","0 -1 0","none","none","none","none","none"),
("Blacksmith",0.0,"none","none","none","0 1 0","none","none","none","none","none"),
("Blacksmith",0.0,"none","none","none","1 -1 0","none","WaterTrough","none","none","none"),
("Blacksmith",0.0,"none","none","0","1 0 0","none","WorkshopTable_Hammer","none","none","none"),
("Blacksmith",0.0,"none","none","none","1 1 0","none","none","none","none","none"),
("Metalworker",0.0,"none","Anvil","none","-1 0 0","none","Anvil","none","none","FL"),
("Metalworker",0.0,"none","Bellows","none","-1 1 0","none","Bellows","none","none","none"),
("Metalworker",0.0,"none","Hearth","none","1 0 0","none","ForgeWithTop","none","none","none"),
("Metalworker",0.0,"none","none","none","-1 -1 0","none","none","none","none","none"),
("Metalworker",0.0,"none","none","none","0 -1 0","none","none","none","none","none"),
("Metalworker",0.0,"none","none","none","0 0 0","none","none","none","none","none"),
("Metalworker",0.0,"none","none","none","0 1 0","none","none","none","none","none"),
("Metalworker",0.0,"none","none","1|0","1 -1 0","none","WorkshopTable_Statuette","none","none","none"),
("Metalworker",0.0,"none","none","none","1 1 0","none","WaterTrough","none","none","none"),
("Gemcutter",0.0,"none","Workbench","none","-1 -1 0","none","WorkshopTable_RawGem","none","none","none"),
("Gemcutter",0.0,"none","Chair","none","0 0 0","none","Chair","none","none","BL"),
("Gemcutter",0.0,"none","CuttingWheel","none","0 -1 0","none","none","none","none","none"),
("Gemcutter",0.0,"none","none","0|2","-1 0 0","none","SawTable_TableSaw","none","none","none"),
("Gemcutter",0.0,"none","none","0","-1 1 0","none","WorkshopTable","none","none","none"),
("Gemcutter",0.0,"none","none","none","0 1 0","none","none","none","none","none"),
("Gemcutter",0.0,"none","none","none","1 -1 0","none","none","none","none","none"),
("Gemcutter",0.0,"none","none","none","1 0 0","none","none","none","none","none"),
("Gemcutter",0.0,"none","none","none","1 1 0","none","none","none","none","none"),
("Loom",0.0,"none","Chair","none","0 0 0","none","Chair","none","none","BL"),
("Loom",0.0,"none","Loom","none","-1 0 0","none","Loom","none","none","none"),
("Loom",0.0,"none","none","1","-1 -1 0","none","WorkshopTable_Cloth","none","none","none"),
("Loom",0.0,"none","none","none","-1 1 0","none","none","none","none","none"),
("Loom",0.0,"none","none","none","0 -1 0","none","none","none","none","none"),
("Loom",0.0,"none","none","none","0 1 0","none","none","none","none","none"),
("Loom",0.0,"none","none","none","1 -1 0","none","ClothRollTableTop","none","none","none"),
("Loom",0.0,"none","none","none","1 0 0","none","none","none","none","none"),
("Loom",0.0,"none","none","none","1 1 0","none","none","none","none","none"),
("Stonecarver",0.0,"none","Workbench","none","-1 0 0","none","Workbench","none","none","none"),
("Stonecarver",0.0,"none","Chair","none","0 0 0","none","Chair","none","none","BL"),
("Stonecarver",0.0,"none","Chisel","none","-1 -1 0","none","StoneBlockPile","none","none","none"),
("Stonecarver",0.0,"none","none","0","-1 1 0","none","CarpenterStandWithTools","none","none","none"),
("Stonecarver",0.0,"none","none","none","0 -1 0","none","none","none","none","none"),
("Stonecarver",0.0,"none","none","none","0 1 0","none","none","none","none","none"),
("Stonecarver",0.0,"none","none","none","1 -1 0","none","none","none","none","none"),
("Stonecarver",0.0,"none","none","none","1 0 0","none","none","none","none","none"),
("Stonecarver",0.0,"none","none","none","1 1 0","none","none","none","none","none"),
("Woodcarver",0.0,"none","Workbench","none","-1 0 0","none","Workbench","none","none","none"),
("Woodcarver",0.0,"none","Chair","none","0 0 0","none","Chair","none","none","BL"),
("Woodcarver",0.0,"none","Chisel","none","0 -1 0","none","none","none","none","none"),
("Woodcarver",0.0,"none","none","0","-1 -1 0","none","CratePlank","none","none","none"),
("Woodcarver",0.0,"none","none","0","-1 1 0","none","CarpenterStandWithTools","none","none","none"),
("Woodcarver",0.0,"none","none","none","0 1 0","none","none","none","none","none"),
("Woodcarver",0.0,"none","none","none","1 -1 0","none","none","none","none","none"),
("Woodcarver",0.0,"none","none","none","1 0 0","none","none","none","none","none"),
("Woodcarver",0.0,"none","none","none","1 1 0","none","none","none","none","none"),
("Jeweler",0.0,"none","Workbench","none","-1 -1 0","none","WorkshopTable_Gem","none","none","none"),
("Jeweler",0.0,"none","Chair","none","0 0 0","none","Chair","none","none","BL"),
("Jeweler",0.0,"none","File","none","0 -1 0","none","none","none","none","none"),
("Jeweler",0.0,"none","none","0","-1 0 0","none","WorkshopTable_Vise","none","none","none"),
("Jeweler",0.0,"none","none","0","-1 1 0","none","WorkshopTable_JewelryPile","none","none","none"),
("Jeweler",0.0,"none","none","none","0 -1 0","none","none","none","none","none"),
("Jeweler",0.0,"none","none","none","0 1 0","none","none","none","none","none"),
("Jeweler",0.0,"none","none","none","1 -1 0","none","none","none","none","none"),
("Jeweler",0.0,"none","none","none","1 0 0","none","none","none","none","none"),
("Jeweler",0.0,"none","none","none","1 1 0","none","none","none","none","none"),
("Tailor",0.0,"none","Table","none","-1 -1 0","none","WorkshopTable_ClothRollTableTop","none","none","none"),
("Tailor",0.0,"none","Chair","none","0 0 0","none","Chair","none","none","BL"),
("Tailor",0.0,"none","Needle","none","0 -1 0","none","none","none","none","none"),
("Tailor",0.0,"none","none","0","-1 0 0","none","WorkshopTable_ShearsTableTop","none","none","none"),
("Tailor",0.0,"none","none","0","-1 1 0","none","WorkshopTable_String","none","none","none"),
("Tailor",0.0,"none","none","none","0 -1 0","none","none","none","none","none"),
("Tailor",0.0,"none","none","none","0 1 0","none","none","none","none","none"),
("Tailor",0.0,"none","none","none","1 -1 0","none","none","none","none","none"),
("Tailor",0.0,"none","none","none","1 0 0","none","none","none","none","none"),
("Tailor",0.0,"none","none","none","1 1 0","none","none","none","none","none"),
("Bonecarver",0.0,"none","Table","none","-1 -1 0","none","WorkshopTable_Skull","none","none","none"),
("Bonecarver",0.0,"none","Chair","none","0 0 0","none","Chair","none","none","BL"),
("Bonecarver",0.0,"none","Knife","none","0 -1 0","none","none","none","none","none"),
("Bonecarver",0.0,"none","none","0","-1 0 0","none","WorkshopTable_ChiselTableTop","none","none","none"),
("Bonecarver",0.0,"none","none","0","-1 1 0","none","WorkshopTable_BoneNeedle","none","none","none"),
("Bonecarver",0.0,"none","none","none","0 -1 0","none","none","none","none","none"),
("Bonecarver",0.0,"none","none","none","0 1 0","none","none","none","none","none"),
("Bonecarver",0.0,"none","none","0","1 -1 0","none","CarpenterStandWithTools","none","none","FL"),
("Bonecarver",0.0,"none","none","none","1 0 0","none","none","none","none","none"),
("Bonecarver",0.0,"none","none","none","1 1 0","none","none","none","none","none"),
("Butcher",0.0,"none","Table","none","-1 -1 0","none","WorkshopTable","BigBlood1","none","none"),
("Butcher",0.0,"none","Chair","none","0 0 0","none","Chair","none","none","BL"),
("Butcher",0.0,"none","Knife","none","0 -1 0","none","none","none","none","none"),
("Butcher",0.0,"none","none","0|2","-1 0 0","none","WorkshopTable_ButcherTableTop","ButcherTableTop","none","none"),
("Butcher",0.0,"none","none","0","-1 1 0","none","WorkshopTable_Meat","none","none","none"),
("Butcher",0.0,"none","none","none","0 -1 0","none","none","none","none","none"),
("Butcher",0.0,"none","none","none","0 1 0","none","none","none","none","none"),
("Butcher",0.0,"none","none","none","1 -1 0","none","none","none","none","none"),
("Butcher",0.0,"none","none","none","1 0 0","none","none","none","none","none"),
("Butcher",0.0,"none","none","none","1 1 0","none","none","none","none","none"),
("MarketStall",3,"none","Table","none","0 -1 0","none","MarketStallWithTop","none","none","none"),
("MarketStall",0.0,"none","none","0","0 0 0","none","MarketStallWithTop","none","none","none"),
("MarketStall",0.0,"none","none","0","0 1 0","none","MarketStallWithTop","none","none","none"),
("MarketStall",0.0,"none","Chair","none","-1 0 0","none","Chair","none","none","none"),
("MarketStall",0.0,"none","none","none","1 -1 0","none","none","none","none","none"),
("MarketStall",0.0,"none","none","none","1 0 0","none","none","none","none","none"),
("MarketStall",0.0,"none","none","none","1 1 0","none","none","none","none","none"),
("MarketStall",0.0,"none","none","none","-1 -1 0","none","none","none","none","none"),
("MarketStall",0.0,"none","none","0","-1 1 0","none","Crate","none","none","none"),
("Prospector",0.0,"none","Table","none","-1 -1 0","none","WorkshopTable_ProspectorSliver","none","none","none"),
("Prospector",0.0,"none","Chair","none","0 0 0","none","Chair","none","none","BL"),
("Prospector",0.0,"none","Chisel","none","0 -1 0","none","none","none","none","none"),
("Prospector",0.0,"none","none","0","-1 0 0","none","WorkshopTable_ChiselTableTop","none","none","none"),
("Prospector",0.0,"none","none","0","-1 1 0","none","WorkshopTable_ProspectorOre","none","none","none"),
("Prospector",0.0,"none","none","none","0 1 0","none","none","none","none","none"),
("Prospector",0.0,"none","none","none","1 -1 0","none","WaterTrough","none","none","none"),
("Prospector",0.0,"none","none","none","1 0 0","none","none","none","none","none"),
("Prospector",0.0,"none","none","none","1 1 0","none","none","none","none","none"),
("Fishery",0.0,"none","Plank","none","0 -1 0","RampTop","ScaffoldFloor","none","Floor","none"),
("Fishery",0.0,"none","Plank","none","-1 -1 0","RampTop","ScaffoldFloor","none","Floor","none"),
("Fishery",4,"none","Plank","none","1 -1 0","RampTop","ScaffoldFloor","none","Floor","none"),
("Fishery",0.0,"none","none","0","1 0 0","none","FishingRodRack","none","none","BL"),
("Fishery",0.0,"none","none","none","-1 0 0","none","FishingFishRack","none","none","none"),
("Fishery",0.0,"none","none","none","0 0 0","none","none","none","none","none"),
("Fishery",0.0,"none","none","none","-1 1 0","none","none","none","none","none"),
("Fishery",0.0,"none","none","1","1 1 0","none","FishingVat","none","none","none"),
("Fishery",0.0,"none","none","none","0 1 0","none","none","none","none","none");

